,wall_time,token_acc,token_p,token_r,token_f,pos_acc,tag_acc,ents_p,ents_r,ents_f,ents_per_type_PER_p,ents_per_type_PER_r,ents_per_type_PER_f,ents_per_type_LOC_p,ents_per_type_LOC_r,ents_per_type_LOC_f,ents_per_type_MISC_p,ents_per_type_MISC_r,ents_per_type_MISC_f,ents_per_type_ORG_p,ents_per_type_ORG_r,ents_per_type_ORG_f,ents_excl_MISC_ents_p,ents_excl_MISC_ents_r,ents_excl_MISC_ents_f,k,model,augmenter,i
0,1.8250248432159424,0.999150891563858,0.996506637388961,0.9961089494163424,0.9963077537171939,0.0,0.9815166350284744,0.77737881508079,0.7759856630824373,0.7766816143497757,0.8864864864864865,0.9111111111111111,0.8986301369863013,0.7672413793103449,0.9270833333333334,0.839622641509434,0.7256637168141593,0.6776859504132231,0.7008547008547009,0.6853146853146853,0.6086956521739131,0.6447368421052632,0.7905405405405406,0.8032036613272311,0.7968217934165721,0,dacy_medium,No augmentation,0
0,2.0458731651306152,0.9982608695652174,0.9817460317460317,0.9873291429711664,0.9845296721882306,0.0,0.9394317671143956,0.5813253012048193,0.6917562724014337,0.6317512274959083,0.677570093457944,0.8055555555555556,0.7360406091370558,0.639344262295082,0.8125,0.7155963302752295,0.5182481751824818,0.5867768595041323,0.5503875968992249,0.4816753926701571,0.5714285714285714,0.5227272727272727,0.5977229601518027,0.7208237986270023,0.6535269709543569,0,dacy_medium,Keystroke errors 2%,1
1,1.8220510482788086,0.9983587805241956,0.9837140019860973,0.9883268482490273,0.9860150301099885,0.0,0.9329871167482273,0.5527426160337553,0.7043010752688172,0.6193853427895981,0.6276150627615062,0.8333333333333334,0.7159904534606204,0.6341463414634146,0.8125,0.7123287671232876,0.4567901234567901,0.6115702479338843,0.5229681978798586,0.48663101604278075,0.5652173913043478,0.5229885057471264,0.581056466302368,0.7299771167048055,0.6470588235294118,1,dacy_medium,Keystroke errors 2%,1
2,1.8451600074768066,0.9982109134280887,0.9816450044647287,0.9871296019155942,0.9843796637150533,0.0,0.9347381035601937,0.577485380116959,0.7078853046594982,0.6360708534621577,0.6536796536796536,0.8388888888888889,0.734793187347932,0.6694214876033058,0.84375,0.7465437788018433,0.5352112676056338,0.628099173553719,0.5779467680608366,0.45789473684210524,0.5403726708074534,0.49572649572649574,0.5885608856088561,0.7299771167048055,0.651685393258427,2,dacy_medium,Keystroke errors 2%,1
3,1.834455966949463,0.9982612151622039,0.9811545328307876,0.986930060860022,0.9840338224322308,0.0,0.9345113307377458,0.5615835777126099,0.6863799283154122,0.6177419354838709,0.6320346320346321,0.8111111111111111,0.710462287104623,0.6434108527131783,0.8645833333333334,0.7377777777777779,0.4965034965034965,0.5867768595041323,0.537878787878788,0.46368715083798884,0.515527950310559,0.48823529411764705,0.5788497217068646,0.7139588100686499,0.639344262295082,3,dacy_medium,Keystroke errors 2%,1
4,1.9101667404174805,0.998308794269797,0.983613069818254,0.9881273071934551,0.9858650209038423,0.0,0.9345719708320848,0.5422535211267606,0.6899641577060932,0.6072555205047319,0.6212765957446809,0.8111111111111111,0.7036144578313253,0.6083333333333333,0.7604166666666666,0.6759259259259258,0.4878048780487805,0.6611570247933884,0.5614035087719298,0.450261780104712,0.5341614906832298,0.48863636363636365,0.5586080586080586,0.6979405034324943,0.6205493387589014,4,dacy_medium,Keystroke errors 2%,1
5,2.0242228507995605,0.9985594356961899,0.9834325396825396,0.9890252419435299,0.9862209620454658,0.0,0.937802384158811,0.5759768451519537,0.7132616487455197,0.6373098478783027,0.6551724137931034,0.8444444444444444,0.7378640776699029,0.7168141592920354,0.84375,0.7751196172248803,0.5314685314685315,0.628099173553719,0.5757575757575758,0.43842364532019706,0.5527950310559007,0.48901098901098905,0.5875912408759124,0.7368421052631579,0.6538071065989848,5,dacy_medium,Keystroke errors 2%,1
6,1.9310426712036133,0.9979643513231716,0.9789911802596373,0.9856330439988028,0.9823008849557523,0.0,0.932281262485018,0.5732946298984035,0.7078853046594982,0.6335204490777867,0.669683257918552,0.8222222222222222,0.738154613466334,0.6666666666666666,0.875,0.7567567567567567,0.5064102564102564,0.6528925619834711,0.5703971119133574,0.45161290322580644,0.5217391304347826,0.48414985590778103,0.5928705440900562,0.7231121281464531,0.6515463917525772,6,dacy_medium,Keystroke errors 2%,1
7,1.8168628215789795,0.9982059204624739,0.9863695154710974,0.989125012471316,0.9877453422337352,0.0,0.9389366380171897,0.5758865248226951,0.7275985663082437,0.6429136975455265,0.6495726495726496,0.8444444444444444,0.7342995169082126,0.6885245901639344,0.875,0.7706422018348624,0.46496815286624205,0.6033057851239669,0.5251798561151079,0.5052083333333334,0.6024844720496895,0.5495750708215297,0.6076642335766423,0.7620137299771167,0.6761421319796954,7,dacy_medium,Keystroke errors 2%,1
8,1.8665289878845215,0.998259139517533,0.983416087388282,0.988027536665669,0.9857164186532623,0.0,0.935417811298137,0.5533707865168539,0.7060931899641577,0.6204724409448819,0.6194331983805668,0.85,0.7166276346604216,0.6171875,0.8229166666666666,0.7053571428571428,0.48717948717948717,0.628099173553719,0.5487364620938628,0.47513812154696133,0.5341614906832298,0.5029239766081871,0.5719424460431655,0.7276887871853547,0.6404833836858006,8,dacy_medium,Keystroke errors 2%,1
9,1.9814846515655518,0.9983566555450425,0.986178780948593,0.9895240945824604,0.9878486055776892,0.0,0.9355644355644356,0.5592011412268189,0.7025089605734767,0.6227164416203336,0.6386554621848739,0.8444444444444444,0.7272727272727272,0.6694214876033058,0.84375,0.7465437788018433,0.5,0.6363636363636364,0.56,0.43617021276595747,0.5093167701863354,0.4699140401146132,0.5758683729433273,0.7208237986270023,0.6402439024390244,9,dacy_medium,Keystroke errors 2%,1
10,2.046917676925659,0.9982613879091948,0.9811564018645245,0.9870298313878081,0.9840843529294738,0.0,0.9367480405371673,0.5703918722786647,0.7043010752688172,0.6303127506014435,0.5943775100401606,0.8222222222222222,0.6899766899766898,0.6470588235294118,0.8020833333333334,0.7162790697674419,0.5238095238095238,0.6363636363636364,0.5746268656716419,0.5229885057471264,0.5652173913043478,0.5432835820895521,0.5830258302583026,0.7231121281464531,0.6455566905005107,10,dacy_medium,Keystroke errors 2%,1
11,1.8921480178833008,0.9986597170513775,0.9830458060678168,0.9892247829991021,0.9861256153960913,0.0,0.9362402714029135,0.5793304221251819,0.7132616487455197,0.6393574297188753,0.672645739910314,0.8333333333333334,0.7444168734491315,0.5895522388059702,0.8229166666666666,0.6869565217391304,0.5507246376811594,0.628099173553719,0.5868725868725869,0.484375,0.577639751552795,0.5269121813031161,0.5865209471766849,0.7368421052631579,0.6531440162271805,11,dacy_medium,Keystroke errors 2%,1
12,1.795638084411621,0.9984120682810639,0.9804795877923107,0.9872293724433803,0.9838429033059906,0.0,0.9364525139664803,0.573082489146165,0.7096774193548387,0.6341072858286629,0.6497890295358649,0.8555555555555555,0.7386091127098321,0.6639344262295082,0.84375,0.7431192660550459,0.5170068027210885,0.628099173553719,0.5671641791044777,0.4594594594594595,0.5279503105590062,0.49132947976878616,0.5882352941176471,0.7322654462242563,0.6523955147808359,12,dacy_medium,Keystroke errors 2%,1
13,1.9451243877410889,0.9983630140383947,0.9799920760697306,0.9871296019155942,0.9835478900541776,0.0,0.9334929900713466,0.5642135642135642,0.7007168458781362,0.6250999200639489,0.6302521008403361,0.8333333333333334,0.7177033492822966,0.6341463414634146,0.8125,0.7123287671232876,0.5,0.6198347107438017,0.5535055350553506,0.4835164835164835,0.546583850931677,0.5131195335276968,0.58195211786372,0.7231121281464531,0.6448979591836734,13,dacy_medium,Keystroke errors 2%,1
14,1.869481086730957,0.998308794269797,0.9835137550898798,0.988027536665669,0.9857654787975313,0.0,0.9400719137035557,0.5764192139737991,0.7096774193548387,0.636144578313253,0.6514522821576764,0.8722222222222222,0.7458432304038005,0.6782608695652174,0.8125,0.7393364928909952,0.48026315789473684,0.6033057851239669,0.5347985347985349,0.49162011173184356,0.546583850931677,0.5176470588235295,0.6037383177570094,0.7391304347826086,0.6646090534979424,14,dacy_medium,Keystroke errors 2%,1
15,1.9417140483856201,0.9984596273291925,0.9830323476880334,0.9884266187768134,0.9857221033779414,0.0,0.9397373807978432,0.5893371757925072,0.7329749103942652,0.6533546325878593,0.6875,0.8555555555555555,0.7623762376237624,0.6859504132231405,0.8645833333333334,0.7649769585253456,0.5197368421052632,0.6528925619834711,0.5787545787545788,0.4720812182741117,0.577639751552795,0.5195530726256983,0.6088560885608856,0.7551487414187643,0.6741573033707865,15,dacy_medium,Keystroke errors 2%,1
16,1.8756582736968994,0.9983568192003187,0.985683038377411,0.989125012471316,0.9874010258453265,0.0,0.9382087017333534,0.5761973875181422,0.7114695340501792,0.6367281475541299,0.6624472573839663,0.8722222222222222,0.7529976019184651,0.6475409836065574,0.8229166666666666,0.7247706422018348,0.5367647058823529,0.6033057851239669,0.5680933852140079,0.4536082474226804,0.546583850931677,0.49577464788732395,0.5858951175406871,0.7414187643020596,0.6545454545454547,16,dacy_medium,Keystroke errors 2%,1
17,1.8677983283996582,0.9982605238308235,0.9819408612820004,0.9873291429711664,0.984627630466146,0.0,0.9381396974387138,0.5857558139534884,0.7222222222222222,0.6468699839486356,0.6787330316742082,0.8333333333333334,0.748129675810474,0.664,0.8645833333333334,0.751131221719457,0.5244755244755245,0.6198347107438017,0.5681818181818181,0.47738693467336685,0.5900621118012422,0.5277777777777778,0.6018348623853211,0.7505720823798627,0.6680244399185337,17,dacy_medium,Keystroke errors 2%,1
18,1.9338083267211914,0.9986113866296369,0.9810816164817749,0.9882270777212412,0.9846413837665887,0.0,0.9332402652440545,0.5630498533724341,0.6881720430107527,0.6193548387096773,0.6652173913043479,0.85,0.7463414634146343,0.6166666666666667,0.7708333333333334,0.6851851851851851,0.44966442953020136,0.5537190082644629,0.49629629629629635,0.4918032786885246,0.5590062111801242,0.5232558139534883,0.5947467166979362,0.7254004576659039,0.6536082474226803,18,dacy_medium,Keystroke errors 2%,1
19,1.891012191772461,0.9982631134931268,0.9797879718616863,0.9866307492766637,0.9831974547623783,0.0,0.9320553142628926,0.5366197183098591,0.6827956989247311,0.6009463722397477,0.6375545851528385,0.8111111111111111,0.7139364303178484,0.6470588235294118,0.8020833333333334,0.7162790697674419,0.4585987261146497,0.5950413223140496,0.5179856115107914,0.4195121951219512,0.5341614906832298,0.4699453551912568,0.5587703435804702,0.7070938215102975,0.6242424242424242,19,dacy_medium,Keystroke errors 2%,1
0,2.3285140991210938,0.9960811548191875,0.9636327700365649,0.972862416442183,0.9682255982524078,0.0,0.8619464598448836,0.38716814159292035,0.6272401433691757,0.4787961696306429,0.44673539518900346,0.7222222222222222,0.5520169851380042,0.5220588235294118,0.7395833333333334,0.6120689655172414,0.3067226890756303,0.6033057851239669,0.40668523676880225,0.3179916317991632,0.4720496894409938,0.38,0.4159159159159159,0.6338672768878718,0.5022665457842248,0,dacy_medium,Keystroke errors 5%,2
1,2.0341556072235107,0.9973322794190297,0.9654119038234135,0.9774518607203432,0.9713945763720191,0.0,0.8665502619107008,0.39599555061179087,0.6379928315412187,0.4886753603294441,0.44594594594594594,0.7333333333333333,0.5546218487394958,0.477124183006536,0.7604166666666666,0.5863453815261045,0.3194444444444444,0.5702479338842975,0.4094955489614243,0.3504273504273504,0.5093167701863354,0.41518987341772146,0.42020497803806733,0.6567505720823799,0.5125,1,dacy_medium,Keystroke errors 5%,2
2,2.0459768772125244,0.9970384995064165,0.962992125984252,0.976154843859124,0.9695288113759105,0.0,0.8579698572711848,0.38666666666666666,0.6236559139784946,0.4773662551440329,0.3993610223642173,0.6944444444444444,0.5070993914807302,0.5422535211267606,0.8020833333333334,0.6470588235294118,0.31363636363636366,0.5702479338842975,0.404692082111437,0.3422222222222222,0.4782608695652174,0.39896373056994816,0.4102941176470588,0.6384439359267735,0.49955237242614153,2,dacy_medium,Keystroke errors 5%,2
3,2.1706182956695557,0.997139757372522,0.9621361132966169,0.9760550733313379,0.9690456143826457,0.0,0.8572283747381024,0.36177474402730375,0.5698924731182796,0.44258872651357,0.39751552795031053,0.7111111111111111,0.5099601593625498,0.539568345323741,0.78125,0.6382978723404255,0.2663316582914573,0.4380165289256198,0.33124999999999993,0.2831050228310502,0.38509316770186336,0.3263157894736842,0.3897058823529412,0.6064073226544623,0.4744852282900626,3,dacy_medium,Keystroke errors 5%,2
4,2.152599811553955,0.9969907749987668,0.9614400944324218,0.9751571385812631,0.9682500371489425,0.0,0.8620896118151881,0.3752783964365256,0.6039426523297491,0.46291208791208793,0.43564356435643564,0.7333333333333333,0.5465838509316769,0.5118110236220472,0.6770833333333334,0.5829596412556054,0.3101851851851852,0.5537190082644629,0.3976261127596439,0.2896825396825397,0.453416149068323,0.3535108958837773,0.39589442815249265,0.6178489702517163,0.4825737265415549,4,dacy_medium,Keystroke errors 5%,2
5,2.126768112182617,0.9975837072833966,0.9645808736717828,0.9781502544148458,0.9713181750631594,0.0,0.8663741523733545,0.3706606942889138,0.5931899641577061,0.456237077877326,0.4507042253521127,0.7111111111111111,0.5517241379310346,0.46258503401360546,0.7083333333333334,0.5596707818930042,0.3165137614678899,0.5702479338842975,0.4070796460176991,0.27049180327868855,0.40993788819875776,0.3259259259259259,0.38814814814814813,0.5995423340961098,0.4712230215827338,5,dacy_medium,Keystroke errors 5%,2
6,2.0128567218780518,0.996339170871673,0.9613564668769716,0.9729621869699691,0.9671245103386721,0.0,0.8609403887473144,0.3761261261261261,0.5985663082437276,0.4619640387275242,0.4033898305084746,0.6611111111111111,0.5010526315789474,0.48905109489051096,0.6979166666666666,0.575107296137339,0.3347826086956522,0.6363636363636364,0.43874643874643876,0.3141592920353982,0.4409937888198758,0.3669250645994832,0.3905775075987842,0.5881006864988558,0.46940639269406387,6,dacy_medium,Keystroke errors 5%,2
7,2.0418314933776855,0.9972315602135653,0.9661802405837113,0.9776514017759154,0.971881973716836,0.0,0.8580126765483854,0.3953216374269006,0.6057347670250897,0.478414720452937,0.4479166666666667,0.7166666666666667,0.5512820512820513,0.5537190082644629,0.6979166666666666,0.6175115207373272,0.3285024154589372,0.5619834710743802,0.4146341463414634,0.30962343096234307,0.45962732919254656,0.37,0.4166666666666667,0.6178489702517163,0.49769585253456217,7,dacy_medium,Keystroke errors 5%,2
8,2.0751988887786865,0.9975403384494294,0.9606438315830798,0.9765539259702684,0.968533544429052,0.0,0.8597469867516684,0.38020247469066365,0.6057347670250897,0.4671734623358673,0.42,0.7,0.525,0.53125,0.7083333333333334,0.6071428571428571,0.3150684931506849,0.5702479338842975,0.4058823529411764,0.30991735537190085,0.4658385093167702,0.37220843672456577,0.4014925373134328,0.6155606407322655,0.48599819331526645,8,dacy_medium,Keystroke errors 5%,2
9,1.9734992980957031,0.9969358505485817,0.964327946393378,0.9763543849146962,0.9703039016409698,0.0,0.8737466952661246,0.4123957091775924,0.6200716845878136,0.49534717251252675,0.4652014652014652,0.7055555555555556,0.5607064017660045,0.6141732283464567,0.8125,0.6995515695067265,0.3211009174311927,0.5785123966942148,0.4129793510324484,0.3212669683257919,0.4409937888198758,0.3717277486910995,0.4444444444444444,0.631578947368421,0.5217391304347826,9,dacy_medium,Keystroke errors 5%,2
10,2.0478515625,0.9974376663053119,0.9625479209672663,0.9769530080814127,0.9696969696969696,0.0,0.8637949945159039,0.39069767441860465,0.6021505376344086,0.47390691114245415,0.42560553633217996,0.6833333333333333,0.5245202558635395,0.48344370860927155,0.7604166666666666,0.591093117408907,0.3282051282051282,0.5289256198347108,0.40506329113924056,0.3377777777777778,0.4720496894409938,0.39378238341968913,0.40902255639097745,0.6224256292906178,0.4936479128856624,10,dacy_medium,Keystroke errors 5%,2
11,2.1023318767547607,0.9973923739237393,0.9599568161743056,0.9758555322757657,0.9678408866020185,0.0,0.8642073778664007,0.3966547192353644,0.5949820788530465,0.4759856630824373,0.4721189591078067,0.7055555555555556,0.5657015590200446,0.5142857142857142,0.75,0.6101694915254237,0.31527093596059114,0.5289256198347108,0.3950617283950617,0.30666666666666664,0.42857142857142855,0.35751295336787564,0.4227129337539432,0.6132723112128147,0.5004668534080299,11,dacy_medium,Keystroke errors 5%,2
12,1.937455415725708,0.9978267312061643,0.968457368161656,0.9802454354983537,0.9743157477191591,0.0,0.8626239473815337,0.37831858407079644,0.6129032258064516,0.4678522571819425,0.42443729903536975,0.7333333333333333,0.5376782077393076,0.5271317829457365,0.7083333333333334,0.6044444444444445,0.3087557603686636,0.5537190082644629,0.39644970414201186,0.30364372469635625,0.4658385093167702,0.36764705882352944,0.4002911208151383,0.6292906178489702,0.48932384341637014,12,dacy_medium,Keystroke errors 5%,2
13,2.351638078689575,0.9963923894242649,0.9603112074059484,0.972862416442183,0.9665460673043564,0.0,0.8590697906779237,0.38531073446327685,0.6111111111111112,0.4726264726264726,0.4383561643835616,0.7111111111111111,0.5423728813559321,0.5140845070422535,0.7604166666666666,0.6134453781512605,0.32367149758454106,0.5537190082644629,0.4085365853658537,0.29918032786885246,0.453416149068323,0.36049382716049383,0.40412979351032446,0.6270022883295194,0.4914798206278027,13,dacy_medium,Keystroke errors 5%,2
14,1.9192826747894287,0.9967439565860877,0.9601691581431944,0.9740596627756161,0.9670645337031352,0.0,0.8653232242617718,0.41183294663573083,0.6362007168458781,0.4999999999999999,0.48056537102473496,0.7555555555555555,0.5874730021598272,0.47183098591549294,0.6979166666666666,0.5630252100840336,0.32727272727272727,0.5950413223140496,0.4222873900293255,0.3686635944700461,0.4968944099378882,0.42328042328042326,0.440809968847352,0.6475972540045767,0.5245597775718258,14,dacy_medium,Keystroke errors 5%,2
15,2.0394675731658936,0.9973325429756965,0.965809439353631,0.9779507133592736,0.9718421574459647,0.0,0.8725803232887648,0.41637426900584795,0.6379928315412187,0.5038924274593064,0.4857142857142857,0.7555555555555555,0.5913043478260869,0.5357142857142857,0.78125,0.6355932203389831,0.3055555555555556,0.5454545454545454,0.3916913946587537,0.3607305936073059,0.4906832298136646,0.41578947368421054,0.4538341158059468,0.6636155606407322,0.5390334572490706,15,dacy_medium,Keystroke errors 5%,2
16,1.9203853607177734,0.9971479150275374,0.9576345984112974,0.9742592038311882,0.9658753709198812,0.0,0.8577124345875903,0.3957597173144876,0.6021505376344086,0.47761194029850745,0.42474916387959866,0.7055555555555556,0.5302713987473904,0.52,0.6770833333333334,0.588235294117647,0.33163265306122447,0.5371900826446281,0.4100946372239747,0.34497816593886466,0.4906832298136646,0.4051282051282052,0.41500765696784075,0.620137299771167,0.4972477064220184,16,dacy_medium,Keystroke errors 5%,2
17,2.0600788593292236,0.9968865826538177,0.9630505468519066,0.9751571385812631,0.9690660321237359,0.0,0.866929644979278,0.38610478359908884,0.6075268817204301,0.47214484679665736,0.44660194174757284,0.7666666666666667,0.5644171779141104,0.5241935483870968,0.6770833333333334,0.5909090909090909,0.2777777777777778,0.49586776859504134,0.35608308605341243,0.3318777292576419,0.4720496894409938,0.3897435897435897,0.4214501510574018,0.6384439359267735,0.5077343039126478,17,dacy_medium,Keystroke errors 5%,2
18,2.1428630352020264,0.9978810427240921,0.9662667191188041,0.9802454354983537,0.9732058838096181,0.0,0.8658099222952779,0.376940133037694,0.6093189964157706,0.4657534246575342,0.4473684210526316,0.7555555555555555,0.5619834710743802,0.44805194805194803,0.71875,0.552,0.297029702970297,0.49586776859504134,0.3715170278637771,0.30991735537190085,0.4658385093167702,0.37220843672456577,0.4,0.6407322654462243,0.4925241864555849,18,dacy_medium,Keystroke errors 5%,2
19,1.9765074253082275,0.9971341041604902,0.9655104454079622,0.9775516312481293,0.9714937286202964,0.0,0.8644440007985625,0.40660592255125283,0.6397849462365591,0.4972144846796656,0.46688741721854304,0.7833333333333333,0.5850622406639004,0.49635036496350365,0.7083333333333334,0.5836909871244635,0.3404255319148936,0.5289256198347108,0.4142394822006472,0.3346613545816733,0.5217391304347826,0.40776699029126207,0.4246376811594203,0.6704805491990846,0.5199645075421473,19,dacy_medium,Keystroke errors 5%,2
0,2.5804033279418945,0.9935055563573387,0.898480068827072,0.9377431906614786,0.9176918570591681,0.0,0.625497215592681,0.16317016317016317,0.3763440860215054,0.22764227642276422,0.1784037558685446,0.4222222222222222,0.2508250825082508,0.22169811320754718,0.4895833333333333,0.3051948051948052,0.11528822055137844,0.38016528925619836,0.17692307692307693,0.164,0.2546583850931677,0.19951338199513383,0.18468468468468469,0.37528604118993136,0.24754716981132077,0,dacy_medium,Keystroke errors 15%,3
1,2.3760411739349365,0.9928064500555207,0.9002013229795801,0.9368452559114038,0.918157817541801,0.0,0.6345425553119394,0.16136724960254373,0.36379928315412186,0.223568281938326,0.17530864197530865,0.39444444444444443,0.24273504273504276,0.2193877551020408,0.4479166666666667,0.29452054794520544,0.11435523114355231,0.3884297520661157,0.17669172932330826,0.17073170731707318,0.2608695652173913,0.2063882063882064,0.18417945690672963,0.35697940503432496,0.2429906542056075,1,dacy_medium,Keystroke errors 15%,3
2,2.500817060470581,0.9934426229508196,0.9004598582103851,0.9377431906614786,0.918723425052539,0.0,0.6203634553149117,0.15585443037974683,0.35304659498207885,0.21624588364434685,0.18160919540229886,0.4388888888888889,0.25691056910569104,0.2549019607843137,0.40625,0.3132530120481928,0.10144927536231885,0.34710743801652894,0.15700934579439255,0.14122137404580154,0.22981366459627328,0.1749408983451537,0.18235294117647058,0.35469107551487417,0.2408702408702409,2,dacy_medium,Keystroke errors 15%,3
3,2.3671774864196777,0.9941475582845629,0.8975581838992751,0.9388406664671256,0.9177354074218559,0.0,0.6257821034859469,0.15729421352893236,0.34587813620071683,0.21624649859943978,0.17215189873417722,0.37777777777777777,0.23652173913043478,0.2722222222222222,0.5104166666666666,0.35507246376811585,0.10443864229765012,0.3305785123966942,0.15873015873015872,0.13382899628252787,0.2236024844720497,0.16744186046511628,0.18127962085308058,0.3501144164759725,0.23887587822014056,3,dacy_medium,Keystroke errors 15%,3
4,2.552459478378296,0.9932814539127073,0.9046475897829844,0.9399381422727726,0.9219552771933258,0.0,0.6359966106763695,0.17502054231717337,0.3817204301075269,0.24000000000000002,0.2025974025974026,0.43333333333333335,0.2761061946902655,0.28160919540229884,0.5104166666666666,0.3629629629629629,0.12755102040816327,0.4132231404958678,0.1949317738791423,0.13533834586466165,0.2236024844720497,0.16861826697892274,0.19757575757575757,0.37299771167048057,0.2583201267828843,4,dacy_medium,Keystroke errors 15%,3
5,2.522240161895752,0.9938001634065459,0.8992166602980513,0.9391399780504839,0.9187448147967401,0.0,0.6306324208852899,0.163408913213448,0.37455197132616486,0.22754491017964068,0.18912529550827423,0.4444444444444444,0.2653399668325041,0.2568306010928962,0.4895833333333333,0.33691756272401435,0.09405940594059406,0.3140495867768595,0.14476190476190476,0.16356877323420074,0.2732919254658385,0.20465116279069767,0.19542857142857142,0.391304347826087,0.260670731707317,5,dacy_medium,Keystroke errors 15%,3
6,2.4071922302246094,0.9934804655430531,0.9035601189904999,0.9394392896338422,0.9211504597926041,0.0,0.6299691142771744,0.16389548693586697,0.3709677419354839,0.22734761120263589,0.1935483870967742,0.4666666666666667,0.2736156351791531,0.24022346368715083,0.4479166666666667,0.31272727272727274,0.10473815461346633,0.34710743801652894,0.16091954022988508,0.15261044176706828,0.2360248447204969,0.18536585365853658,0.191415313225058,0.37757437070938216,0.2540415704387991,6,dacy_medium,Keystroke errors 15%,3
7,2.477144718170166,0.9922871695367451,0.9023779724655819,0.9351491569390402,0.9184713375796179,0.0,0.6295520303302404,0.17147310989867498,0.3942652329749104,0.2390005431830527,0.1889168765743073,0.4166666666666667,0.25996533795493937,0.27225130890052357,0.5416666666666666,0.36236933797909415,0.11138014527845036,0.38016528925619836,0.17228464419475656,0.16666666666666666,0.2919254658385093,0.21218961625282168,0.2,0.39816933638443935,0.2662586074980872,7,dacy_medium,Keystroke errors 15%,3
8,2.428999900817871,0.9933838798473946,0.9018422567645366,0.9377431906614786,0.9194424064563462,0.0,0.6307607991629715,0.16003386960203217,0.3387096774193548,0.21736630247268543,0.19170984455958548,0.4111111111111111,0.2614840989399293,0.21348314606741572,0.3958333333333333,0.2773722627737226,0.11989100817438691,0.36363636363636365,0.180327868852459,0.132,0.20496894409937888,0.16058394160583941,0.17813267813267813,0.3318077803203661,0.23181454836131093,8,dacy_medium,Keystroke errors 15%,3
9,2.4040822982788086,0.9935334427178845,0.9031453778289221,0.9396388306894143,0.9210307564422279,0.0,0.6478200278717897,0.18129139072847683,0.3924731182795699,0.2480181200453001,0.22693266832917705,0.5055555555555555,0.3132530120481928,0.2647058823529412,0.46875,0.33834586466165417,0.09511568123393316,0.30578512396694213,0.14509803921568626,0.18548387096774194,0.2857142857142857,0.22493887530562348,0.2222222222222222,0.41647597254004576,0.2898089171974522,9,dacy_medium,Keystroke errors 15%,3
10,2.4418528079986572,0.9938092474366416,0.9075177850413382,0.9418337823007084,0.9243574051407588,0.0,0.6276812820385208,0.16733067729083664,0.3763440860215054,0.23166023166023167,0.1957040572792363,0.45555555555555555,0.27378964941569284,0.23295454545454544,0.4270833333333333,0.3014705882352941,0.11556603773584906,0.4049586776859504,0.1798165137614679,0.16101694915254236,0.2360248447204969,0.1914357682619647,0.19374247894103488,0.3684210526315789,0.2539432176656151,10,dacy_medium,Keystroke errors 15%,3
11,2.6513760089874268,0.9926339608107457,0.8938061556107819,0.9329542053277462,0.9129607029533805,0.0,0.6347544253303415,0.15866558177379983,0.34946236559139787,0.21824286513710128,0.17215189873417722,0.37777777777777777,0.23652173913043478,0.21578947368421053,0.4270833333333333,0.2867132867132868,0.11780104712041885,0.371900826446281,0.17892644135188868,0.15648854961832062,0.2546583850931677,0.19385342789598106,0.1770956316410862,0.34324942791762014,0.2336448598130841,11,dacy_medium,Keystroke errors 15%,3
12,2.438671588897705,0.9925747348119576,0.8951852206375036,0.9330539758555323,0.9137274059599414,0.0,0.6303979256008777,0.15630114566284778,0.34229390681003585,0.21460674157303372,0.19174757281553398,0.4388888888888889,0.2668918918918919,0.22065727699530516,0.4895833333333333,0.3042071197411003,0.09164420485175202,0.2809917355371901,0.13821138211382114,0.13716814159292035,0.19254658385093168,0.16020671834625322,0.1844888366627497,0.35926773455377575,0.24378881987577639,12,dacy_medium,Keystroke errors 15%,3
13,2.4719221591949463,0.9924092249673645,0.8976007677543186,0.9331537463833184,0.9150320403071956,0.0,0.6336396324410706,0.17011128775834658,0.3835125448028674,0.2356828193832599,0.20053475935828877,0.4166666666666667,0.27075812274368233,0.26424870466321243,0.53125,0.3529411764705882,0.12142857142857143,0.4214876033057851,0.18853974121996303,0.13653136531365315,0.22981366459627328,0.1712962962962963,0.19451073985680192,0.37299771167048057,0.25568627450980397,13,dacy_medium,Keystroke errors 15%,3
14,2.421632766723633,0.9940096618357488,0.9074145217057241,0.9426319465229971,0.9246880352336677,0.0,0.6330247835174679,0.1631663974151858,0.36200716845878134,0.22494432071269488,0.20151133501259447,0.4444444444444444,0.2772963604852686,0.22448979591836735,0.4583333333333333,0.3013698630136986,0.11021505376344086,0.33884297520661155,0.16632860040567948,0.13553113553113552,0.22981366459627328,0.17050691244239632,0.1859122401847575,0.3684210526315789,0.24712202609363004,14,dacy_medium,Keystroke errors 15%,3
15,2.433856248855591,0.9931539870793559,0.8982953457192109,0.9358475506335429,0.9166870266308331,0.0,0.6275917065390749,0.16586921850079744,0.3727598566308244,0.22958057395143489,0.18446601941747573,0.4222222222222222,0.25675675675675674,0.2569832402234637,0.4791666666666667,0.33454545454545453,0.10588235294117647,0.371900826446281,0.16483516483516483,0.1722689075630252,0.2546583850931677,0.2055137844611529,0.19662243667068757,0.37299771167048057,0.2575039494470774,15,dacy_medium,Keystroke errors 15%,3
16,2.571315288543701,0.9936858340964959,0.9030558482613277,0.9405367654394892,0.9214153064216596,0.0,0.6357029072082836,0.16420361247947454,0.35842293906810035,0.22522522522522523,0.20918367346938777,0.45555555555555555,0.2867132867132867,0.2185792349726776,0.4166666666666667,0.2867383512544803,0.11173184357541899,0.3305785123966942,0.16701461377870563,0.13333333333333333,0.2360248447204969,0.17040358744394618,0.18604651162790697,0.36613272311212813,0.24672320740169618,16,dacy_medium,Keystroke errors 15%,3
17,2.557673454284668,0.9940108191653787,0.9079124255809488,0.9433303402174997,0.925282575720507,0.0,0.6359966106763695,0.16424751718869365,0.38530465949820786,0.23031601499732193,0.20705882352941177,0.4888888888888889,0.2909090909090909,0.23863636363636365,0.4375,0.3088235294117647,0.11347517730496454,0.39669421487603307,0.17647058823529413,0.12982456140350876,0.22981366459627328,0.16591928251121077,0.18848758465011287,0.38215102974828374,0.2524565381708239,17,dacy_medium,Keystroke errors 15%,3
18,2.476576328277588,0.9929441329982602,0.9008542086572607,0.9364461738002594,0.9183054495646218,0.0,0.6258537314920983,0.17315329626687848,0.3906810035842294,0.2399559713813979,0.2028985507246377,0.4666666666666667,0.2828282828282828,0.24043715846994534,0.4583333333333333,0.3154121863799283,0.11559139784946236,0.35537190082644626,0.17444219066937117,0.16206896551724137,0.2919254658385093,0.20842572062084258,0.19729425028184894,0.40045766590389015,0.26435045317220546,18,dacy_medium,Keystroke errors 15%,3
19,2.391641616821289,0.9933442654577023,0.9006324262169414,0.9377431906614786,0.9188132362285546,0.0,0.6341779083080292,0.16987179487179488,0.37992831541218636,0.23477297895902546,0.19852941176470587,0.45,0.2755102040816326,0.22994652406417113,0.4479166666666667,0.303886925795053,0.12698412698412698,0.39669421487603307,0.19238476953907815,0.14545454545454545,0.2484472049689441,0.1834862385321101,0.18850574712643678,0.37528604118993136,0.2509563886763581,19,dacy_medium,Keystroke errors 15%,3
0,1.9082636833190918,0.999150891563858,0.996506637388961,0.9961089494163424,0.9963077537171939,0.0,0.9651830760777261,0.6923076923076923,0.7258064516129032,0.7086614173228347,0.7892156862745098,0.8944444444444445,0.8385416666666666,0.6212121212121212,0.8541666666666666,0.7192982456140351,0.6324786324786325,0.6115702479338843,0.6218487394957982,0.6666666666666666,0.546583850931677,0.6006825938566552,0.7072649572649573,0.7574370709382151,0.7314917127071823,0,dacy_medium,Æøå Augmentation,4
0,1.8715064525604248,0.9991509763771663,0.9963073852295409,0.9960091788885563,0.9961582597415556,0.0,0.9814676057745142,0.7769784172661871,0.7741935483870968,0.7755834829443448,0.8864864864864865,0.9111111111111111,0.8986301369863013,0.7672413793103449,0.9270833333333334,0.839622641509434,0.7256637168141593,0.6776859504132231,0.7008547008547009,0.6830985915492958,0.6024844720496895,0.6402640264026404,0.7900677200902935,0.8009153318077803,0.7954545454545454,0,dacy_medium,Lowercase,5
0,1.8700146675109863,0.9991053677932407,0.9958287814082829,0.9956310197597061,0.9957298907646475,0.0,0.9813065526498956,0.7809694793536804,0.7795698924731183,0.7802690582959642,0.8736842105263158,0.9222222222222223,0.8972972972972973,0.7787610619469026,0.9166666666666666,0.8421052631578947,0.7685185185185185,0.6859504132231405,0.7248908296943232,0.6712328767123288,0.6086956521739131,0.6384364820846906,0.7839643652561247,0.8054919908466819,0.7945823927765238,0,dacy_medium,Danish names,6
1,1.7439486980438232,0.9991034963641797,0.996218152866242,0.9958217270194986,0.9960199004975124,0.0,0.9813689349407193,0.7805309734513274,0.7903225806451613,0.7853962600178094,0.8911917098445595,0.9555555555555556,0.9222520107238605,0.7927927927927928,0.9166666666666666,0.8502415458937198,0.7155172413793104,0.6859504132231405,0.70042194092827,0.6758620689655173,0.6086956521739131,0.6405228758169935,0.7973273942093542,0.8192219679633868,0.8081264108352145,1,dacy_medium,Danish names,6
2,1.671940565109253,0.9991543550713824,0.9965208747514911,0.9961248012718601,0.9963227986483801,0.0,0.9809950248756218,0.7732142857142857,0.7759856630824373,0.774597495527728,0.8520408163265306,0.9277777777777778,0.8882978723404255,0.7857142857142857,0.9166666666666666,0.8461538461538461,0.7477477477477478,0.6859504132231405,0.7155172413793104,0.6737588652482269,0.5900621118012422,0.6291390728476821,0.779510022271715,0.8009153318077803,0.7900677200902935,2,dacy_medium,Danish names,6
3,1.7338883876800537,0.9990530774981311,0.9963154750049791,0.9957205414012739,0.9960179193628671,0.0,0.9807615629984051,0.7813620071684588,0.7813620071684588,0.7813620071684588,0.8783068783068783,0.9222222222222223,0.8997289972899728,0.7787610619469026,0.9166666666666666,0.8421052631578947,0.7545454545454545,0.6859504132231405,0.7186147186147187,0.678082191780822,0.6149068322981367,0.6449511400651465,0.7879464285714286,0.8077803203661327,0.7977401129943503,3,dacy_medium,Danish names,6
4,1.692209005355835,0.9991038534302499,0.9964186231595702,0.9959232375459879,0.9961708687652294,0.0,0.9808803027285402,0.7854609929078015,0.7939068100358423,0.7896613190730838,0.865,0.9611111111111111,0.9105263157894737,0.7719298245614035,0.9166666666666666,0.838095238095238,0.7685185185185185,0.6859504132231405,0.7248908296943232,0.6971830985915493,0.6149068322981367,0.6534653465346534,0.7894736842105263,0.8237986270022883,0.8062709966405375,4,dacy_medium,Danish names,6
5,1.7859816551208496,0.9991544391942302,0.9965212205546168,0.9961251862891207,0.9963231640663818,0.0,0.9815938712565915,0.7903225806451613,0.7903225806451613,0.7903225806451614,0.8826530612244898,0.9611111111111111,0.9202127659574467,0.7927927927927928,0.9166666666666666,0.8502415458937198,0.7545454545454545,0.6859504132231405,0.7186147186147187,0.6879432624113475,0.6024844720496895,0.6423841059602649,0.7991071428571429,0.8192219679633868,0.8090395480225988,5,dacy_medium,Danish names,6
6,1.7656583786010742,0.9991540184125405,0.9965194908512331,0.9961232604373758,0.9963213362497515,0.0,0.9810869998009157,0.7813620071684588,0.7813620071684588,0.7813620071684588,0.8756476683937824,0.9388888888888889,0.9061662198391421,0.7787610619469026,0.9166666666666666,0.8421052631578947,0.7477477477477478,0.6859504132231405,0.7155172413793104,0.6808510638297872,0.5962732919254659,0.6357615894039735,0.7897091722595079,0.8077803203661327,0.7986425339366515,6,dacy_medium,Danish names,6
7,1.8047800064086914,0.999154607389726,0.9965219119546855,0.9961259560941691,0.9963238946845505,0.0,0.981597533074704,0.7836879432624113,0.7921146953405018,0.787878787878788,0.8860103626943006,0.95,0.9168900804289545,0.8073394495412844,0.9166666666666666,0.8585365853658536,0.7241379310344828,0.6942148760330579,0.7088607594936709,0.678082191780822,0.6149068322981367,0.6449511400651465,0.7991071428571429,0.8192219679633868,0.8090395480225988,7,dacy_medium,Danish names,6
8,1.7155945301055908,0.9991042102120036,0.9958233890214797,0.9956253728375423,0.9957243710848165,0.0,0.9812316423557524,0.7740213523131673,0.7795698924731183,0.7767857142857144,0.8652849740932642,0.9277777777777778,0.8954423592493298,0.7857142857142857,0.9166666666666666,0.8461538461538461,0.7522935779816514,0.6776859504132231,0.7130434782608697,0.6621621621621622,0.6086956521739131,0.6343042071197411,0.7792494481236203,0.8077803203661327,0.7932584269662921,8,dacy_medium,Danish names,6
9,1.7952609062194824,0.9991552795031057,0.9965246748088571,0.9961290322580645,0.9963268142559316,0.0,0.9811151972964914,0.7900355871886121,0.7956989247311828,0.7928571428571427,0.8814432989690721,0.95,0.9144385026737968,0.7739130434782608,0.9270833333333334,0.8436018957345971,0.7589285714285714,0.7024793388429752,0.7296137339055794,0.7021276595744681,0.6149068322981367,0.6556291390728477,0.7977777777777778,0.8215102974828375,0.8094701240135288,9,dacy_medium,Danish names,6
10,1.7997245788574219,0.9991530068257686,0.9965153325368379,0.9961186305732485,0.9963169420664941,0.0,0.9815626868646603,0.7882562277580071,0.7939068100358423,0.7910714285714285,0.8877551020408163,0.9666666666666667,0.9255319148936171,0.7787610619469026,0.9166666666666666,0.8421052631578947,0.7477477477477478,0.6859504132231405,0.7155172413793104,0.6901408450704225,0.6086956521739131,0.6468646864686468,0.7982261640798226,0.8237986270022883,0.8108108108108109,10,dacy_medium,Danish names,6
11,1.7800791263580322,0.9991535129213763,0.9965174129353234,0.9961209468868112,0.9963191404695582,0.0,0.9808764940239044,0.7722419928825622,0.7777777777777778,0.775,0.8527918781725888,0.9333333333333333,0.8912466843501325,0.7927927927927928,0.9166666666666666,0.8502415458937198,0.7345132743362832,0.6859504132231405,0.7094017094017094,0.6737588652482269,0.5900621118012422,0.6291390728476821,0.7817371937639198,0.8032036613272311,0.7923250564334087,11,dacy_medium,Danish names,6
12,1.6716880798339844,0.9991557828872226,0.9963282723032648,0.996031746031746,0.9961799871012551,0.0,0.9813738638056921,0.7795698924731183,0.7795698924731183,0.7795698924731183,0.8571428571428571,0.9333333333333333,0.8936170212765957,0.7927927927927928,0.9166666666666666,0.8502415458937198,0.7777777777777778,0.6942148760330579,0.7336244541484717,0.6643356643356644,0.5900621118012422,0.625,0.78,0.8032036613272311,0.7914317925591883,12,dacy_medium,Danish names,6
13,1.798964500427246,0.9991556990315371,0.9965263993648273,0.9961309523809524,0.9963286366342529,0.0,0.9812239221140473,0.7815275310834814,0.7885304659498208,0.7850133809099019,0.8775510204081632,0.9555555555555556,0.9148936170212767,0.7837837837837838,0.90625,0.8405797101449275,0.7410714285714286,0.6859504132231405,0.7124463519313305,0.6805555555555556,0.6086956521739131,0.6426229508196722,0.7915742793791575,0.816933638443936,0.8040540540540542,13,dacy_medium,Danish names,6
14,1.7780718803405762,0.9991070542712571,0.9964314036478985,0.9959377786584762,0.9961845300034686,0.0,0.9813455050605279,0.7740213523131673,0.7795698924731183,0.7767857142857144,0.8756476683937824,0.9388888888888889,0.9061662198391421,0.7652173913043478,0.9166666666666666,0.8341232227488152,0.7454545454545455,0.6776859504132231,0.7099567099567099,0.6666666666666666,0.5962732919254659,0.6295081967213114,0.7809734513274337,0.8077803203661327,0.794150731158605,14,dacy_medium,Danish names,6
15,1.8161287307739258,0.9991552795031057,0.9965246748088571,0.9961290322580645,0.9963268142559316,0.0,0.9810158035980518,0.7924187725631769,0.7867383512544803,0.7895683453237411,0.890625,0.95,0.9193548387096774,0.7807017543859649,0.9270833333333334,0.8476190476190476,0.7735849056603774,0.6776859504132231,0.722466960352423,0.6830985915492958,0.6024844720496895,0.6402640264026404,0.796875,0.816933638443936,0.8067796610169492,15,dacy_medium,Danish names,6
16,1.7934691905975342,0.9991557828872226,0.996526744070656,0.9961313361769666,0.9963290008929457,0.0,0.9813251216847124,0.7863554757630161,0.7849462365591398,0.7856502242152466,0.8686868686868687,0.9555555555555556,0.9100529100529101,0.7981651376146789,0.90625,0.848780487804878,0.7477477477477478,0.6859504132231405,0.7155172413793104,0.6906474820143885,0.5962732919254659,0.6400000000000001,0.7959641255605381,0.8123569794050344,0.8040770101925255,16,dacy_medium,Danish names,6
17,1.6922872066497803,0.9991567878577451,0.9965308752106254,0.996135935797087,0.9963333663660688,0.0,0.981545788272646,0.7853309481216458,0.7867383512544803,0.7860340196956134,0.8730964467005076,0.9555555555555556,0.9124668435013261,0.7927927927927928,0.9166666666666666,0.8502415458937198,0.7522935779816514,0.6776859504132231,0.7130434782608697,0.6830985915492958,0.6024844720496895,0.6402640264026404,0.7933333333333333,0.816933638443936,0.8049605411499436,17,dacy_medium,Danish names,6
18,1.6677122116088867,0.9991551115749714,0.9965239845069024,0.9961282636751713,0.9963260847979347,0.0,0.9813102694104782,0.7836879432624113,0.7921146953405018,0.787878787878788,0.8781725888324873,0.9611111111111111,0.9177718832891246,0.7857142857142857,0.9166666666666666,0.8461538461538461,0.7345132743362832,0.6859504132231405,0.7094017094017094,0.6901408450704225,0.6086956521739131,0.6468646864686468,0.7960088691796009,0.8215102974828375,0.8085585585585585,18,dacy_medium,Danish names,6
19,1.774430751800537,0.9991547755183215,0.9965226030799801,0.9961267255934055,0.9963246250124168,0.0,0.9810044753853804,0.7849462365591398,0.7849462365591398,0.7849462365591398,0.8730964467005076,0.9555555555555556,0.9124668435013261,0.7857142857142857,0.9166666666666666,0.8461538461538461,0.7663551401869159,0.6776859504132231,0.719298245614035,0.676056338028169,0.5962732919254659,0.6336633663366337,0.7893569844789357,0.8146453089244852,0.8018018018018018,19,dacy_medium,Danish names,6
0,2.0145785808563232,0.9991541867754614,0.9963213362497514,0.9960242520624193,0.996172772006561,0.0,0.9802438417516796,0.7557932263814616,0.7598566308243727,0.7578194816800715,0.8571428571428571,0.8666666666666667,0.861878453038674,0.7652173913043478,0.9166666666666666,0.8341232227488152,0.7241379310344828,0.6942148760330579,0.7088607594936709,0.6486486486486487,0.5962732919254659,0.6213592233009709,0.7640449438202247,0.7780320366132724,0.7709750566893423,0,dacy_medium,Muslim names,7
1,1.930358648300171,0.999154607389726,0.9965219119546855,0.9961259560941691,0.9963238946845505,0.0,0.9804038595444147,0.7611408199643493,0.7652329749103942,0.7631814119749777,0.8556149732620321,0.8888888888888888,0.8719346049046323,0.7586206896551724,0.9166666666666666,0.830188679245283,0.7477477477477478,0.6859504132231405,0.7155172413793104,0.6530612244897959,0.5962732919254659,0.6233766233766234,0.7644444444444445,0.7871853546910755,0.7756482525366403,1,dacy_medium,Muslim names,7
2,1.7885935306549072,0.9991534286141128,0.9965170663747637,0.9961205610265592,0.9963187742513183,0.0,0.980675366072318,0.7477797513321492,0.7544802867383512,0.751115075825156,0.8444444444444444,0.8444444444444444,0.8444444444444444,0.7521367521367521,0.9166666666666666,0.8262910798122065,0.7083333333333334,0.7024793388429752,0.7053941908713693,0.6575342465753424,0.5962732919254659,0.6254071661237786,0.7584650112866818,0.7688787185354691,0.7636363636363636,2,dacy_medium,Muslim names,7
3,1.7499926090240479,0.9991551955473835,0.9965243296921549,0.9961286480047647,0.9963264495631454,0.0,0.981013916500994,0.7714285714285715,0.7741935483870968,0.7728085867620751,0.8810810810810811,0.9055555555555556,0.8931506849315068,0.7927927927927928,0.9166666666666666,0.8502415458937198,0.7155172413793104,0.6859504132231405,0.70042194092827,0.6621621621621622,0.6086956521739131,0.6343042071197411,0.786036036036036,0.7986270022883295,0.7922814982973894,3,dacy_medium,Muslim names,7
4,1.8015317916870117,0.9991544391942302,0.9965212205546168,0.9961251862891207,0.9963231640663818,0.0,0.9804994527907671,0.7643884892086331,0.7616487455197133,0.7630161579892281,0.8626373626373627,0.8722222222222222,0.8674033149171271,0.7394957983193278,0.9166666666666666,0.8186046511627908,0.7410714285714286,0.6859504132231405,0.7124463519313305,0.6783216783216783,0.6024844720496895,0.6381578947368421,0.7702702702702703,0.782608695652174,0.7763904653802498,4,dacy_medium,Muslim names,7
5,1.9237449169158936,0.9991549435800566,0.9963246250124168,0.9960278053624627,0.9961761930774196,0.0,0.980460398747079,0.7584973166368515,0.7598566308243727,0.7591763652641003,0.856353591160221,0.8611111111111112,0.8587257617728532,0.7586206896551724,0.9166666666666666,0.830188679245283,0.7368421052631579,0.6942148760330579,0.7148936170212765,0.6554054054054054,0.6024844720496895,0.627831715210356,0.7640449438202247,0.7780320366132724,0.7709750566893423,5,dacy_medium,Muslim names,7
6,1.7797513008117676,0.9991529224176591,0.9963158418799164,0.9960183157475612,0.9961670565981382,0.0,0.9805133316720658,0.7486631016042781,0.7526881720430108,0.7506702412868632,0.8547486033519553,0.85,0.852367688022284,0.7521367521367521,0.9166666666666666,0.8262910798122065,0.7387387387387387,0.6776859504132231,0.706896551724138,0.6298701298701299,0.6024844720496895,0.615873015873016,0.7511111111111111,0.7734553775743707,0.7621195039458849,6,dacy_medium,Muslim names,7
7,1.7342884540557861,0.9991553634421424,0.9965250198570293,0.9961294164350933,0.9963271788763152,0.0,0.980918306499702,0.7619893428063943,0.7688172043010753,0.7653880463871542,0.8617021276595744,0.9,0.8804347826086957,0.7586206896551724,0.9166666666666666,0.830188679245283,0.7368421052631579,0.6942148760330579,0.7148936170212765,0.6551724137931034,0.5900621118012422,0.6209150326797385,0.7683741648106904,0.7894736842105263,0.7787810383747179,7,dacy_medium,Muslim names,7
8,1.7825496196746826,0.9991545233003432,0.9965215662890081,0.9961255712298828,0.9963235294117647,0.0,0.9807003581376841,0.7700534759358288,0.7741935483870968,0.7721179624664879,0.8756756756756757,0.9,0.8876712328767123,0.7521367521367521,0.9166666666666666,0.8262910798122065,0.717948717948718,0.6942148760330579,0.7058823529411764,0.6901408450704225,0.6086956521739131,0.6468646864686468,0.7837837837837838,0.7963386727688787,0.7900113507377978,8,dacy_medium,Muslim names,7
9,1.696650743484497,0.9991550275858642,0.9965236392530791,0.9961278792692613,0.9963257199602781,0.0,0.9814078345595545,0.775,0.7777777777777778,0.7763864042933811,0.8829787234042553,0.9222222222222223,0.9021739130434783,0.7719298245614035,0.9166666666666666,0.838095238095238,0.7241379310344828,0.6942148760330579,0.7088607594936709,0.676056338028169,0.5962732919254659,0.6336633663366337,0.7882882882882883,0.8009153318077803,0.7945516458569807,9,dacy_medium,Muslim names,7
10,1.8740251064300537,0.9991531755915317,0.9965160262791161,0.9961194029850746,0.9963176751592356,0.0,0.9812674372259864,0.7634408602150538,0.7634408602150538,0.7634408602150536,0.8833333333333333,0.8833333333333333,0.8833333333333333,0.7457627118644068,0.9166666666666666,0.822429906542056,0.7304347826086957,0.6942148760330579,0.7118644067796609,0.6551724137931034,0.5900621118012422,0.6209150326797385,0.7720090293453724,0.782608695652174,0.7772727272727272,10,dacy_medium,Muslim names,7
11,1.89943265914917,0.9991532599491956,0.9963173086493481,0.9960199004975124,0.9961685823754789,0.0,0.9807203706471379,0.7688172043010753,0.7688172043010753,0.7688172043010751,0.8756756756756757,0.9,0.8876712328767123,0.7586206896551724,0.9166666666666666,0.830188679245283,0.7433628318584071,0.6942148760330579,0.7179487179487178,0.6597222222222222,0.5900621118012422,0.6229508196721312,0.7752808988764045,0.7894736842105263,0.782312925170068,11,dacy_medium,Muslim names,7
12,1.7792387008666992,0.9991048338969564,0.9960250422339263,0.9957281939201271,0.9958765959560832,0.0,0.9801034619976126,0.7638640429338104,0.7652329749103942,0.7645478961504029,0.8633879781420765,0.8777777777777778,0.8705234159779613,0.7652173913043478,0.9166666666666666,0.8341232227488152,0.7477477477477478,0.6859504132231405,0.7155172413793104,0.6533333333333333,0.6086956521739131,0.6302250803858521,0.7678571428571429,0.7871853546910755,0.7774011299435029,12,dacy_medium,Muslim names,7
13,1.8200931549072266,0.9991546914623838,0.9965222575516693,0.9961263408820024,0.9963242598847606,0.0,0.9810025860354089,0.7719928186714542,0.7706093189964157,0.7713004484304932,0.8709677419354839,0.9,0.8852459016393444,0.7586206896551724,0.9166666666666666,0.830188679245283,0.7567567567567568,0.6942148760330579,0.7241379310344828,0.6666666666666666,0.5962732919254659,0.6295081967213114,0.7757847533632287,0.7917620137299771,0.7836919592298981,13,dacy_medium,Muslim names,7
14,1.6920571327209473,0.9991540184125405,0.9965194908512331,0.9961232604373758,0.9963213362497515,0.0,0.9806888313756719,0.7660714285714286,0.7688172043010753,0.7674418604651163,0.8791208791208791,0.8888888888888888,0.883977900552486,0.7739130434782608,0.9270833333333334,0.8436018957345971,0.7280701754385965,0.6859504132231405,0.7063829787234044,0.6510067114093959,0.6024844720496895,0.6258064516129032,0.7757847533632287,0.7917620137299771,0.7836919592298981,14,dacy_medium,Muslim names,7
15,1.7428975105285645,0.9991538499825793,0.9965187984881639,0.9961224895605488,0.9963206046141607,0.0,0.9806849860613301,0.7633451957295374,0.7688172043010753,0.7660714285714285,0.8655913978494624,0.8944444444444445,0.8797814207650273,0.7652173913043478,0.9166666666666666,0.8341232227488152,0.7433628318584071,0.6942148760330579,0.7179487179487178,0.6486486486486487,0.5962732919254659,0.6213592233009709,0.7683741648106904,0.7894736842105263,0.7787810383747179,15,dacy_medium,Muslim names,7
16,1.7941339015960693,0.9991550275858642,0.9965236392530791,0.9961278792692613,0.9963257199602781,0.0,0.980910717836548,0.7625,0.7652329749103942,0.7638640429338104,0.8784530386740331,0.8833333333333333,0.8808864265927976,0.7652173913043478,0.9166666666666666,0.8341232227488152,0.7241379310344828,0.6942148760330579,0.7088607594936709,0.6486486486486487,0.5962732919254659,0.6213592233009709,0.7725225225225225,0.7848970251716247,0.7786606129398411,16,dacy_medium,Muslim names,7
17,1.7723135948181152,0.9991535972118496,0.9965177594269227,0.9961213326703133,0.9963195066149407,0.0,0.981276765262424,0.7567084078711985,0.7580645161290323,0.7573858549686661,0.8722222222222222,0.8722222222222222,0.8722222222222223,0.7652173913043478,0.9166666666666666,0.8341232227488152,0.7094017094017094,0.6859504132231405,0.6974789915966387,0.6462585034013606,0.5900621118012422,0.6168831168831169,0.7692307692307693,0.7780320366132724,0.7736063708759955,17,dacy_medium,Muslim names,7
18,1.751300573348999,0.9991543550713824,0.9963220675944334,0.9960250422339263,0.9961735327734433,0.0,0.9809443255883379,0.7619893428063943,0.7688172043010753,0.7653880463871542,0.8681318681318682,0.8777777777777778,0.8729281767955802,0.7652173913043478,0.9166666666666666,0.8341232227488152,0.7391304347826086,0.7024793388429752,0.7203389830508475,0.6490066225165563,0.6086956521739131,0.6282051282051282,0.7678571428571429,0.7871853546910755,0.7774011299435029,18,dacy_medium,Muslim names,7
19,1.7549939155578613,0.9991540184125405,0.9965194908512331,0.9961232604373758,0.9963213362497515,0.0,0.9807883734819829,0.7589285714285714,0.7616487455197133,0.7602862254025045,0.8586956521739131,0.8777777777777778,0.868131868131868,0.7767857142857143,0.90625,0.8365384615384616,0.7327586206896551,0.7024793388429752,0.7172995780590717,0.6418918918918919,0.5900621118012422,0.6148867313915857,0.7657657657657657,0.7780320366132724,0.7718501702610671,19,dacy_medium,Muslim names,7
0,1.8874592781066895,0.9991050119331742,0.9964232488822653,0.9959285004965244,0.9961758132604918,0.0,0.9806066633515664,0.7710196779964222,0.7724014336917563,0.7717099373321396,0.8783068783068783,0.9222222222222223,0.8997289972899728,0.7837837837837838,0.90625,0.8405797101449275,0.7321428571428571,0.6776859504132231,0.7038626609442059,0.6530612244897959,0.5962732919254659,0.6233766233766234,0.7807606263982103,0.7986270022883295,0.7895927601809956,0,dacy_medium,Female names,8
1,1.770918607711792,0.9991537657424462,0.9965184522033224,0.9961221040071592,0.9963202386872204,0.0,0.9815792093995818,0.791814946619217,0.7974910394265233,0.7946428571428571,0.8923076923076924,0.9666666666666667,0.928,0.7857142857142857,0.9166666666666666,0.8461538461538461,0.7545454545454545,0.6859504132231405,0.7186147186147187,0.6896551724137931,0.6211180124223602,0.6535947712418302,0.8008849557522124,0.8283752860411899,0.8143982002249719,1,dacy_medium,Female names,8
2,1.702683687210083,0.9991535972118496,0.9965177594269227,0.9961213326703133,0.9963195066149407,0.0,0.9818743153072402,0.7767857142857143,0.7795698924731183,0.7781753130590341,0.8571428571428571,0.9333333333333333,0.8936170212765957,0.7719298245614035,0.9166666666666666,0.838095238095238,0.7636363636363637,0.6942148760330579,0.7272727272727274,0.6785714285714286,0.5900621118012422,0.6312292358803986,0.78,0.8032036613272311,0.7914317925591883,2,dacy_medium,Female names,8
3,1.7614150047302246,0.9991041210432013,0.9964196916956738,0.9959244532803181,0.9961720109371117,0.0,0.9813837730214037,0.7924865831842576,0.7939068100358423,0.7931960608773501,0.8871794871794871,0.9611111111111111,0.9226666666666666,0.7876106194690266,0.9270833333333334,0.8516746411483254,0.7433628318584071,0.6942148760330579,0.7179487179487178,0.7028985507246377,0.6024844720496895,0.6488294314381271,0.804932735426009,0.8215102974828375,0.8131370328425822,3,dacy_medium,Female names,8
4,1.767432451248169,0.9991541867754614,0.9965201829389541,0.9961240310077519,0.9963220675944334,0.0,0.9817874203821656,0.7843137254901961,0.7885304659498208,0.7864164432529044,0.8730964467005076,0.9555555555555556,0.9124668435013261,0.7946428571428571,0.9270833333333334,0.8557692307692308,0.7614678899082569,0.6859504132231405,0.7217391304347825,0.6713286713286714,0.5962732919254659,0.631578947368421,0.7898230088495575,0.816933638443936,0.8031496062992126,4,dacy_medium,Female names,8
5,1.7132973670959473,0.9991526690923591,0.9965139442231076,0.9961170848267622,0.9963154750049791,0.0,0.9812562313060817,0.7821428571428571,0.7849462365591398,0.7835420393559928,0.8775510204081632,0.9555555555555556,0.9148936170212767,0.7927927927927928,0.9166666666666666,0.8502415458937198,0.7410714285714286,0.6859504132231405,0.7124463519313305,0.6737588652482269,0.5900621118012422,0.6291390728476821,0.7924107142857143,0.8123569794050344,0.8022598870056498,5,dacy_medium,Female names,8
6,1.7208235263824463,0.9991548595575441,0.9965229485396384,0.9961271102284012,0.9963249900675407,0.0,0.9813046937151949,0.7875,0.7903225806451613,0.7889087656529518,0.8781725888324873,0.9611111111111111,0.9177718832891246,0.7927927927927928,0.9166666666666666,0.8502415458937198,0.7545454545454545,0.6859504132231405,0.7186147186147187,0.6830985915492958,0.6024844720496895,0.6402640264026404,0.7955555555555556,0.8192219679633868,0.8072153325817363,6,dacy_medium,Female names,8
7,1.770007610321045,0.9991531755915317,0.9963169420664941,0.9960195044283013,0.9961682010450361,0.0,0.9814648729446935,0.7853309481216458,0.7867383512544803,0.7860340196956134,0.8769230769230769,0.95,0.912,0.8,0.9166666666666666,0.854368932038835,0.75,0.6942148760330579,0.7210300429184551,0.676056338028169,0.5962732919254659,0.6336633663366337,0.7941834451901566,0.8123569794050344,0.8031674208144797,7,dacy_medium,Female names,8
8,1.6880559921264648,0.9991538499825793,0.9965187984881639,0.9961224895605488,0.9963206046141607,0.0,0.9813819195539627,0.7914438502673797,0.7956989247311828,0.7935656836461126,0.9010416666666666,0.9611111111111111,0.9301075268817204,0.7787610619469026,0.9166666666666666,0.8421052631578947,0.7433628318584071,0.6942148760330579,0.7179487179487178,0.6923076923076923,0.6149068322981367,0.6513157894736842,0.8035714285714286,0.8237986270022883,0.8135593220338984,8,dacy_medium,Female names,8
9,1.7260046005249023,0.9991551115749714,0.9965239845069024,0.9961282636751713,0.9963260847979347,0.0,0.9809126155681479,0.7857142857142857,0.7885304659498208,0.7871198568872988,0.8629441624365483,0.9444444444444444,0.9018567639257294,0.8,0.9166666666666666,0.854368932038835,0.7589285714285714,0.7024793388429752,0.7296137339055794,0.6879432624113475,0.6024844720496895,0.6423841059602649,0.7924107142857143,0.8123569794050344,0.8022598870056498,9,dacy_medium,Female names,8
10,1.8746068477630615,0.9991057233704292,0.996426089546312,0.9959317324866045,0.9961788496848791,0.0,0.9810195766669979,0.7704626334519573,0.7759856630824373,0.7732142857142857,0.8615384615384616,0.9333333333333333,0.8960000000000001,0.7767857142857143,0.90625,0.8365384615384616,0.7567567567567568,0.6942148760330579,0.7241379310344828,0.6527777777777778,0.5838509316770186,0.6163934426229509,0.7738359201773836,0.7986270022883295,0.7860360360360361,10,dacy_medium,Female names,8
11,1.6875901222229004,0.9991548595575441,0.9963242598847606,0.9960274108650313,0.9961758132604916,0.0,0.981700646444555,0.7829181494661922,0.7885304659498208,0.7857142857142857,0.8781725888324873,0.9611111111111111,0.9177718832891246,0.7719298245614035,0.9166666666666666,0.838095238095238,0.7454545454545455,0.6776859504132231,0.7099567099567099,0.6879432624113475,0.6024844720496895,0.6423841059602649,0.7920353982300885,0.8192219679633868,0.8053993250843644,11,dacy_medium,Female names,8
12,1.7793469429016113,0.9991538499825793,0.9965187984881639,0.9961224895605488,0.9963206046141607,0.0,0.9812823576264437,0.7821428571428571,0.7849462365591398,0.7835420393559928,0.8762886597938144,0.9444444444444444,0.9090909090909091,0.7787610619469026,0.9166666666666666,0.8421052631578947,0.7368421052631579,0.6942148760330579,0.7148936170212765,0.6906474820143885,0.5962732919254659,0.6400000000000001,0.7937219730941704,0.8100686498855835,0.8018120045300112,12,dacy_medium,Female names,8
13,1.7157394886016846,0.9991049229239184,0.9962241653418124,0.9958283671036948,0.9960262269024438,0.0,0.9811508429900034,0.7726465364120781,0.7795698924731183,0.7760927743086531,0.873015873015873,0.9166666666666666,0.894308943089431,0.7586206896551724,0.9166666666666666,0.830188679245283,0.7477477477477478,0.6859504132231405,0.7155172413793104,0.673469387755102,0.6149068322981367,0.6428571428571429,0.7787610619469026,0.8054919908466819,0.7919010123734533,13,dacy_medium,Female names,8
14,1.7936370372772217,0.9991559505486322,0.9965274332771108,0.9961321035406129,0.9963297291935324,0.0,0.980434998510279,0.7867383512544803,0.7867383512544803,0.7867383512544803,0.8724489795918368,0.95,0.9095744680851064,0.7927927927927928,0.9166666666666666,0.8502415458937198,0.7685185185185185,0.6859504132231405,0.7248908296943232,0.6783216783216783,0.6024844720496895,0.6381578947368421,0.7911111111111111,0.8146453089244852,0.8027057497181511,14,dacy_medium,Female names,8
15,1.8484082221984863,0.9991540184125405,0.9963206046141607,0.9960234615766975,0.9961720109371116,0.0,0.9813837730214037,0.775,0.7777777777777778,0.7763864042933811,0.8666666666666667,0.9388888888888889,0.9013333333333333,0.7837837837837838,0.90625,0.8405797101449275,0.7454545454545455,0.6776859504132231,0.7099567099567099,0.6666666666666666,0.5962732919254659,0.6295081967213114,0.7822222222222223,0.8054919908466819,0.7936865839909809,15,dacy_medium,Female names,8
16,1.752042531967163,0.9991560343543662,0.9965277777777778,0.9961324871082904,0.9963300932354692,0.0,0.981132075471698,0.7791741472172352,0.7777777777777778,0.7784753363228699,0.8615384615384616,0.9333333333333333,0.8960000000000001,0.7857142857142857,0.9166666666666666,0.8461538461538461,0.75,0.6942148760330579,0.7210300429184551,0.6811594202898551,0.5838509316770186,0.6287625418060201,0.7865168539325843,0.8009153318077803,0.7936507936507937,16,dacy_medium,Female names,8
17,1.8187296390533447,0.9991527535509593,0.9965142914052385,0.9961174713787955,0.9963158418799164,0.0,0.9808593360582194,0.7817531305903399,0.7831541218637993,0.7824529991047449,0.8854166666666666,0.9444444444444444,0.9139784946236558,0.7719298245614035,0.9166666666666666,0.838095238095238,0.7454545454545455,0.6776859504132231,0.7099567099567099,0.6783216783216783,0.6024844720496895,0.6381578947368421,0.7906458797327395,0.8123569794050344,0.8013544018058691,17,dacy_medium,Female names,8
18,1.7337377071380615,0.9991544391942302,0.9965212205546168,0.9961251862891207,0.9963231640663818,0.0,0.9817928564321958,0.7864768683274022,0.7921146953405018,0.7892857142857143,0.8826530612244898,0.9611111111111111,0.9202127659574467,0.7857142857142857,0.9166666666666666,0.8461538461538461,0.7545454545454545,0.6859504132231405,0.7186147186147187,0.6805555555555556,0.6086956521739131,0.6426229508196722,0.7942477876106194,0.8215102974828375,0.8076490438695163,18,dacy_medium,Female names,8
19,1.83821439743042,0.9991043884963678,0.9964207595943527,0.9959256682897745,0.9961731524278117,0.0,0.980891719745223,0.7837837837837838,0.7795698924731183,0.7816711590296496,0.8697916666666666,0.9277777777777778,0.8978494623655914,0.7767857142857143,0.90625,0.8365384615384616,0.7433628318584071,0.6942148760330579,0.7179487179487178,0.7028985507246377,0.6024844720496895,0.6488294314381271,0.7941176470588235,0.8032036613272311,0.7986348122866894,19,dacy_medium,Female names,8
0,1.9651927947998047,0.9991540184125405,0.9965194908512331,0.9961232604373758,0.9963213362497515,0.0,0.9807883734819829,0.7619893428063943,0.7688172043010753,0.7653880463871542,0.8556149732620321,0.8888888888888888,0.8719346049046323,0.7787610619469026,0.9166666666666666,0.8421052631578947,0.711864406779661,0.6942148760330579,0.7029288702928871,0.6689655172413793,0.6024844720496895,0.6339869281045752,0.7752808988764045,0.7894736842105263,0.782312925170068,0,dacy_medium,Male names,9
1,1.7922427654266357,0.9991543550713824,0.9965208747514911,0.9961248012718601,0.9963227986483801,0.0,0.981094527363184,0.7624113475177305,0.7706093189964157,0.7664884135472371,0.8763440860215054,0.9055555555555556,0.8907103825136612,0.7521367521367521,0.9166666666666666,0.8262910798122065,0.7368421052631579,0.6942148760330579,0.7148936170212765,0.6462585034013606,0.5900621118012422,0.6168831168831169,0.7688888888888888,0.7917620137299771,0.7801578354002254,1,dacy_medium,Male names,9
2,1.7410266399383545,0.9991059898678852,0.9964271536323938,0.9959329431604007,0.9961799871012551,0.0,0.9811245777866083,0.7669039145907474,0.7724014336917563,0.7696428571428572,0.851063829787234,0.8888888888888888,0.8695652173913044,0.7787610619469026,0.9166666666666666,0.8421052631578947,0.7368421052631579,0.6942148760330579,0.7148936170212765,0.673469387755102,0.6149068322981367,0.6428571428571429,0.7745535714285714,0.7940503432494279,0.784180790960452,2,dacy_medium,Male names,9
3,1.9349462985992432,0.9991544391942302,0.9965212205546168,0.9961251862891207,0.9963231640663818,0.0,0.9812953934931848,0.7710196779964222,0.7724014336917563,0.7717099373321396,0.8804347826086957,0.9,0.8901098901098902,0.7787610619469026,0.9166666666666666,0.8421052631578947,0.7280701754385965,0.6859504132231405,0.7063829787234044,0.6621621621621622,0.6086956521739131,0.6343042071197411,0.7820224719101123,0.7963386727688787,0.7891156462585033,3,dacy_medium,Male names,9
4,1.8437163829803467,0.9991035856573706,0.9964175539854712,0.9959220210861349,0.9961697259115554,0.0,0.9807749775874091,0.750445632798574,0.7544802867383512,0.7524575513851652,0.8539325842696629,0.8444444444444444,0.8491620111731844,0.7652173913043478,0.9166666666666666,0.8341232227488152,0.7217391304347827,0.6859504132231405,0.7033898305084747,0.6405228758169934,0.6086956521739131,0.624203821656051,0.757847533632287,0.7734553775743707,0.7655719139297847,4,dacy_medium,Male names,9
5,1.7453172206878662,0.999154607389726,0.9963231640663818,0.9960262269024439,0.9961746733568484,0.0,0.9811489679184282,0.7621621621621621,0.7580645161290323,0.7601078167115903,0.8555555555555555,0.8555555555555555,0.8555555555555555,0.7652173913043478,0.9166666666666666,0.8341232227488152,0.7567567567567568,0.6942148760330579,0.7241379310344828,0.6510067114093959,0.6024844720496895,0.6258064516129032,0.7635135135135135,0.7757437070938215,0.7695800227014755,5,dacy_medium,Male names,9
6,1.7854583263397217,0.9991541867754614,0.9965201829389541,0.9961240310077519,0.9963220675944334,0.0,0.9808917197452229,0.7629233511586453,0.7670250896057348,0.7649687220732797,0.8594594594594595,0.8833333333333333,0.8712328767123287,0.7719298245614035,0.9166666666666666,0.838095238095238,0.7058823529411765,0.6942148760330579,0.7000000000000001,0.6783216783216783,0.6024844720496895,0.6381578947368421,0.7782805429864253,0.7871853546910755,0.782707622298066,6,dacy_medium,Male names,9
7,1.6931908130645752,0.9991051898985882,0.9964239594715407,0.9959293089753772,0.9961765728189085,0.0,0.9808093864969673,0.7602131438721137,0.7670250896057348,0.7636039250669046,0.8743169398907104,0.8888888888888888,0.8815426997245178,0.7719298245614035,0.9166666666666666,0.838095238095238,0.7241379310344828,0.6942148760330579,0.7088607594936709,0.64,0.5962732919254659,0.617363344051447,0.7695749440715883,0.7871853546910755,0.7782805429864253,7,dacy_medium,Male names,9
8,1.7794227600097656,0.9991545233003432,0.9965215662890081,0.9961255712298828,0.9963235294117647,0.0,0.9803024273776363,0.7571428571428571,0.7598566308243727,0.7584973166368514,0.8594594594594595,0.8833333333333333,0.8712328767123287,0.7699115044247787,0.90625,0.832535885167464,0.711864406779661,0.6942148760330579,0.7029288702928871,0.6527777777777778,0.5838509316770186,0.6163934426229509,0.7692307692307693,0.7780320366132724,0.7736063708759955,8,dacy_medium,Male names,9
9,1.7901837825775146,0.9991551955473835,0.9963257199602781,0.996028988384791,0.9961773320756591,0.0,0.9807644515134948,0.7544802867383512,0.7544802867383512,0.7544802867383512,0.8360655737704918,0.85,0.8429752066115703,0.7787610619469026,0.9166666666666666,0.8421052631578947,0.7522123893805309,0.7024793388429752,0.7264957264957265,0.6375838926174496,0.5900621118012422,0.6129032258064516,0.755056179775281,0.7688787185354691,0.761904761904762,9,dacy_medium,Male names,9
10,1.6615326404571533,0.9991541867754614,0.9965201829389541,0.9961240310077519,0.9963220675944334,0.0,0.9812898089171975,0.7611408199643493,0.7652329749103942,0.7631814119749777,0.8709677419354839,0.9,0.8852459016393444,0.7652173913043478,0.9166666666666666,0.8341232227488152,0.7345132743362832,0.6859504132231405,0.7094017094017094,0.6394557823129252,0.5838509316770186,0.6103896103896104,0.7678571428571429,0.7871853546910755,0.7774011299435029,10,dacy_medium,Male names,9
11,1.7782015800476074,0.9991527535509593,0.9963151080569664,0.9960175228992433,0.9961662932536718,0.0,0.9811076217536514,0.7714285714285715,0.7741935483870968,0.7728085867620751,0.8624338624338624,0.9055555555555556,0.8834688346883468,0.7699115044247787,0.90625,0.832535885167464,0.7636363636363637,0.6942148760330579,0.7272727272727274,0.6621621621621622,0.6086956521739131,0.6343042071197411,0.7733333333333333,0.7963386727688787,0.7846674182638107,11,dacy_medium,Male names,9
12,1.7355167865753174,0.9991540184125405,0.9963206046141607,0.9960234615766975,0.9961720109371116,0.0,0.980040814294958,0.7517857142857143,0.7544802867383512,0.7531305903398927,0.8167539267015707,0.8666666666666667,0.8409703504043127,0.7927927927927928,0.9166666666666666,0.8502415458937198,0.7094017094017094,0.6859504132231405,0.6974789915966387,0.6666666666666666,0.5838509316770186,0.6225165562913908,0.7629796839729119,0.7734553775743707,0.7681818181818182,12,dacy_medium,Male names,9
13,1.772524356842041,0.9991556990315371,0.9965263993648273,0.9961309523809524,0.9963286366342529,0.0,0.9806278561494138,0.7459749552772809,0.7473118279569892,0.7466427931960608,0.8418079096045198,0.8277777777777777,0.834733893557423,0.7652173913043478,0.9166666666666666,0.8341232227488152,0.7,0.6942148760330579,0.6970954356846473,0.6530612244897959,0.5962732919254659,0.6233766233766234,0.7585421412300684,0.7620137299771167,0.7602739726027398,13,dacy_medium,Male names,9
14,1.9054882526397705,0.9991548595575441,0.9965229485396384,0.9961271102284012,0.9963249900675407,0.0,0.9806085918854416,0.7787769784172662,0.7759856630824373,0.77737881508079,0.8702702702702703,0.8944444444444445,0.8821917808219178,0.7857142857142857,0.9166666666666666,0.8461538461538461,0.7522123893805309,0.7024793388429752,0.7264957264957265,0.678082191780822,0.6149068322981367,0.6449511400651465,0.7855530474040632,0.7963386727688787,0.7909090909090909,14,dacy_medium,Male names,9
15,1.7895376682281494,0.9991537657424462,0.9965184522033224,0.9961221040071592,0.9963202386872204,0.0,0.9804839191476651,0.7692307692307693,0.7706093189964157,0.7699194270367056,0.8670212765957447,0.9055555555555556,0.8858695652173912,0.7857142857142857,0.9166666666666666,0.8461538461538461,0.7345132743362832,0.6859504132231405,0.7094017094017094,0.6575342465753424,0.5962732919254659,0.6254071661237786,0.7780269058295964,0.7940503432494279,0.7859569648924123,15,dacy_medium,Male names,9
16,1.7724459171295166,0.9991053677932407,0.9964246697785282,0.9959301171332142,0.9961773320756591,0.0,0.9807137886469829,0.7688172043010753,0.7688172043010753,0.7688172043010751,0.8663101604278075,0.9,0.88283378746594,0.7787610619469026,0.9166666666666666,0.8421052631578947,0.7217391304347827,0.6859504132231405,0.7033898305084747,0.6713286713286714,0.5962732919254659,0.631578947368421,0.781038374717833,0.7917620137299771,0.7863636363636364,16,dacy_medium,Male names,9
17,1.830744743347168,0.9991552795031057,0.9965246748088571,0.9961290322580645,0.9963268142559316,0.0,0.9807176225027334,0.7714285714285715,0.7741935483870968,0.7728085867620751,0.8663101604278075,0.9,0.88283378746594,0.7586206896551724,0.9166666666666666,0.830188679245283,0.75,0.6942148760330579,0.7210300429184551,0.6758620689655173,0.6086956521739131,0.6405228758169935,0.7767857142857143,0.7963386727688787,0.7864406779661017,17,dacy_medium,Male names,9
18,1.6874802112579346,0.9991558667262526,0.996527088708077,0.9961317198968459,0.996329365079365,0.0,0.9807310290027811,0.75,0.7526881720430108,0.7513416815742396,0.8555555555555555,0.8555555555555555,0.8555555555555555,0.7586206896551724,0.9166666666666666,0.830188679245283,0.7433628318584071,0.6942148760330579,0.7179487179487178,0.6225165562913907,0.5838509316770186,0.6025641025641025,0.7516778523489933,0.7688787185354691,0.7601809954751131,18,dacy_medium,Male names,9
19,1.7147409915924072,0.9991566205288486,0.9963319123624467,0.9960356788899901,0.996183773603608,0.0,0.9804991812633355,0.7660714285714286,0.7688172043010753,0.7674418604651163,0.8563829787234043,0.8944444444444445,0.875,0.7927927927927928,0.9166666666666666,0.8502415458937198,0.7241379310344828,0.6942148760330579,0.7088607594936709,0.6620689655172414,0.5962732919254659,0.6274509803921569,0.777027027027027,0.7894736842105263,0.7832009080590239,19,dacy_medium,Male names,9
0,1.8960871696472168,0.998750811972218,0.9949096716239145,0.994512620971765,0.9947111066759804,0.0,0.9784107946026986,0.7657992565055762,0.7383512544802867,0.7518248175182481,0.8520710059171598,0.8,0.8252148997134671,0.7857142857142857,0.9166666666666666,0.8461538461538461,0.7570093457943925,0.6694214876033058,0.7105263157894736,0.66,0.6149068322981367,0.6366559485530547,0.7679814385150812,0.7574370709382151,0.7626728110599079,0,dacy_medium,Abbreviated first names,10
0,1.9088897705078125,0.9794208125596691,0.9575927658247584,0.9191858724932654,0.9379963347587049,0.0,0.9417142857142857,0.6770833333333334,0.6989247311827957,0.6878306878306879,0.7323232323232324,0.8055555555555556,0.7671957671957672,0.717948717948718,0.875,0.7887323943661971,0.603448275862069,0.5785123966942148,0.5907172995780591,0.6275862068965518,0.5652173913043478,0.5947712418300654,0.6956521739130435,0.7322654462242563,0.7134894091415831,0,dacy_medium,Spacing Augmention 5%,11
1,1.6732306480407715,0.9798707490200232,0.9584588223076124,0.9207822009378429,0.9392428251577447,0.0,0.9421230210225798,0.7142857142857143,0.7168458781362007,0.7155635062611806,0.8085106382978723,0.8444444444444444,0.8260869565217391,0.7232142857142857,0.84375,0.778846153846154,0.6440677966101694,0.628099173553719,0.6359832635983264,0.6408450704225352,0.5652173913043478,0.6006600660066006,0.7330316742081447,0.7414187643020596,0.7372013651877134,1,dacy_medium,Spacing Augmention 5%,11
2,1.826535940170288,0.9808210492946584,0.9603939865215138,0.9241743988825701,0.9419361399227171,0.0,0.9445538397761426,0.7059859154929577,0.7186379928315412,0.7122557726465364,0.7424242424242424,0.8166666666666667,0.7777777777777778,0.7280701754385965,0.8645833333333334,0.7904761904761906,0.6902654867256637,0.6446280991735537,0.6666666666666667,0.6503496503496503,0.577639751552795,0.611842105263158,0.7098901098901099,0.7391304347826086,0.7242152466367714,2,dacy_medium,Spacing Augmention 5%,11
3,1.6685328483581543,0.9817204867513039,0.9621314019658562,0.9277661378828694,0.9446363266964649,0.0,0.9455880831695458,0.7012522361359571,0.7025089605734767,0.7018800358102059,0.8186813186813187,0.8277777777777777,0.8232044198895027,0.6779661016949152,0.8333333333333334,0.7476635514018691,0.6607142857142857,0.6115702479338843,0.6351931330472103,0.6054421768707483,0.5527950310559007,0.577922077922078,0.7114093959731543,0.7276887871853547,0.7194570135746607,3,dacy_medium,Spacing Augmention 5%,11
4,1.8500709533691406,0.9803797133640065,0.9592323651452282,0.9225780704379927,0.9405482378070489,0.0,0.9419267862698331,0.6889279437609842,0.7025089605734767,0.6956521739130436,0.7823834196891192,0.8388888888888889,0.8096514745308311,0.6814159292035398,0.8020833333333334,0.7368421052631579,0.6134453781512605,0.6033057851239669,0.6083333333333334,0.6319444444444444,0.5652173913043478,0.5967213114754097,0.7088888888888889,0.7299771167048055,0.7192784667418264,4,dacy_medium,Spacing Augmention 5%,11
5,1.8432412147521973,0.9809508733048388,0.9603355426677713,0.925172104160431,0.9424259362772499,0.0,0.9444358137848895,0.6952714535901926,0.7114695340501792,0.7032772364924712,0.7715736040609137,0.8444444444444444,0.806366047745358,0.7256637168141593,0.8541666666666666,0.784688995215311,0.6379310344827587,0.6115702479338843,0.6244725738396624,0.6137931034482759,0.5527950310559007,0.5816993464052287,0.7098901098901099,0.7391304347826086,0.7242152466367714,5,dacy_medium,Spacing Augmention 5%,11
6,1.6499435901641846,0.9798877950672171,0.9584933070457611,0.9215803651601316,0.9396744659206511,0.0,0.9424583614382815,0.7170818505338078,0.7222222222222222,0.7196428571428571,0.7936507936507936,0.8333333333333334,0.8130081300813008,0.7241379310344828,0.875,0.7924528301886793,0.7027027027027027,0.6446280991735537,0.6724137931034483,0.6232876712328768,0.5652173913043478,0.5928338762214984,0.720620842572062,0.7437070938215103,0.7319819819819819,6,dacy_medium,Spacing Augmention 5%,11
7,1.7507860660552979,0.9797712349078584,0.9583722620159867,0.9210815125212012,0.9393569393569393,0.0,0.9418176156121867,0.7054673721340388,0.7168458781362007,0.711111111111111,0.7715736040609137,0.8444444444444444,0.806366047745358,0.7289719626168224,0.8125,0.7684729064039408,0.6694915254237288,0.6528925619834711,0.6610878661087867,0.6275862068965518,0.5652173913043478,0.5947712418300654,0.7149220489977728,0.7345537757437071,0.7246049661399548,7,dacy_medium,Spacing Augmention 5%,11
8,1.7408339977264404,0.9808829742289817,0.960617680588662,0.9247730220492867,0.942354615697438,0.0,0.9432242022378782,0.7219251336898396,0.7258064516129032,0.7238605898123325,0.7806122448979592,0.85,0.8138297872340425,0.7522123893805309,0.8854166666666666,0.8133971291866029,0.6846846846846847,0.628099173553719,0.6551724137931034,0.6453900709219859,0.5652173913043478,0.6026490066225166,0.7311111111111112,0.7528604118993135,0.7418263810597521,8,dacy_medium,Spacing Augmention 5%,11
9,1.929896593093872,0.9790692732681683,0.9571235300239359,0.917589544048688,0.9369396903015484,0.0,0.9388030988405345,0.6909722222222222,0.7132616487455197,0.7019400352733686,0.8020833333333334,0.8555555555555555,0.8279569892473118,0.7105263157894737,0.84375,0.7714285714285714,0.6016260162601627,0.6115702479338843,0.6065573770491802,0.6054421768707483,0.5527950310559007,0.577922077922078,0.7152317880794702,0.7414187643020596,0.7280898876404496,9,dacy_medium,Spacing Augmention 5%,11
10,1.7274045944213867,0.9804937357932019,0.9595561547236338,0.9231766936047092,0.9410149496593105,0.0,0.9435977190254017,0.7059859154929577,0.7186379928315412,0.7122557726465364,0.7696335078534031,0.8166666666666667,0.7924528301886792,0.7368421052631579,0.875,0.7999999999999999,0.6638655462184874,0.6528925619834711,0.6583333333333333,0.6319444444444444,0.5652173913043478,0.5967213114754097,0.7171492204899778,0.7368421052631579,0.72686230248307,10,dacy_medium,Spacing Augmention 5%,11
11,1.7666728496551514,0.9809488627368199,0.9607457276022786,0.9254714157437893,0.9427787376765933,0.0,0.9443811496633868,0.6915077989601387,0.7150537634408602,0.7030837004405286,0.7958115183246073,0.8444444444444444,0.8194070080862532,0.7350427350427351,0.8958333333333334,0.8075117370892018,0.6134453781512605,0.6033057851239669,0.6083333333333334,0.5866666666666667,0.546583850931677,0.5659163987138265,0.7117903930131004,0.7459954233409611,0.728491620111732,11,dacy_medium,Spacing Augmention 5%,11
12,1.7163865566253662,0.9795788468678724,0.9579997920781786,0.9193854135488376,0.9382954892577131,0.0,0.941090909090909,0.7058823529411765,0.7096774193548387,0.707774798927614,0.8118279569892473,0.8388888888888889,0.8251366120218581,0.7117117117117117,0.8229166666666666,0.7632850241545894,0.6311475409836066,0.6363636363636364,0.6337448559670782,0.6267605633802817,0.5527950310559007,0.5874587458745875,0.7266514806378133,0.7299771167048055,0.7283105022831051,12,dacy_medium,Spacing Augmention 5%,11
13,1.7678542137145996,0.9806737775900307,0.9599046829672607,0.9243739399381423,0.9418043202033038,0.0,0.9436327841674438,0.7078853046594982,0.7078853046594982,0.7078853046594982,0.8315217391304348,0.85,0.8406593406593408,0.6902654867256637,0.8125,0.7464114832535885,0.635593220338983,0.6198347107438017,0.6276150627615062,0.6223776223776224,0.5527950310559007,0.5855263157894737,0.7272727272727273,0.7322654462242563,0.7297605473204104,13,dacy_medium,Spacing Augmention 5%,11
14,1.6950674057006836,0.9792605951307484,0.9572853876532945,0.9189863314376933,0.9377449732756428,0.0,0.9413415077674443,0.7044247787610619,0.7132616487455197,0.7088156723063224,0.7692307692307693,0.8333333333333334,0.8,0.7387387387387387,0.8541666666666666,0.7922705314009663,0.6548672566371682,0.6115702479338843,0.6324786324786326,0.6301369863013698,0.5714285714285714,0.5993485342019543,0.7168141592920354,0.7414187643020596,0.7289088863892014,14,dacy_medium,Spacing Augmention 5%,11
15,1.7869396209716797,0.9814922225151596,0.9611720853178712,0.926169809438292,0.9433463746760836,0.0,0.9447808311338819,0.7,0.7150537634408602,0.7074468085106382,0.7552083333333334,0.8055555555555556,0.7795698924731184,0.7142857142857143,0.8333333333333334,0.7692307692307692,0.6896551724137931,0.6611570247933884,0.6751054852320676,0.6266666666666667,0.5838509316770186,0.6045016077170419,0.7026431718061674,0.7299771167048055,0.7160493827160493,15,dacy_medium,Spacing Augmention 5%,11
16,1.875309944152832,0.9793081494057724,0.9573760266139931,0.9187867903821211,0.9376845535077895,0.0,0.9404001039230969,0.7007299270072993,0.6881720430107527,0.6943942133815552,0.7671957671957672,0.8055555555555556,0.7859078590785908,0.7027027027027027,0.8125,0.7536231884057971,0.6788990825688074,0.6115702479338843,0.6434782608695652,0.6258992805755396,0.5403726708074534,0.5800000000000001,0.7061503416856492,0.7093821510297483,0.7077625570776256,16,dacy_medium,Spacing Augmention 5%,11
17,1.8805644512176514,0.979777660137639,0.9582814445828145,0.9212810535767734,0.9394170608881429,0.0,0.9430202387130254,0.7145359019264448,0.7311827956989247,0.7227635075287865,0.8102564102564103,0.8777777777777778,0.8426666666666666,0.7105263157894737,0.84375,0.7714285714285714,0.6446280991735537,0.6446280991735537,0.6446280991735537,0.6453900709219859,0.5652173913043478,0.6026490066225166,0.7333333333333333,0.7551487414187643,0.7440811724915445,17,dacy_medium,Spacing Augmention 5%,11
18,1.7426528930664062,0.9821391048539609,0.962737407101569,0.93055971266088,0.9463751204910965,0.0,0.947221648419748,0.7071428571428572,0.7096774193548387,0.708407871198569,0.8085106382978723,0.8444444444444444,0.8260869565217391,0.7090909090909091,0.8125,0.7572815533980584,0.6610169491525424,0.6446280991735537,0.6527196652719665,0.6111111111111112,0.546583850931677,0.5770491803278688,0.7194570135746606,0.7276887871853547,0.7235494880546075,18,dacy_medium,Spacing Augmention 5%,11
19,1.658813238143921,0.9807011050600117,0.9603693329183526,0.9235757757158536,0.941613264164378,0.0,0.9437013996889579,0.6954954954954955,0.6917562724014337,0.6936208445642408,0.774869109947644,0.8222222222222222,0.7978436657681942,0.672566371681416,0.7916666666666666,0.7272727272727273,0.6915887850467289,0.6115702479338843,0.6491228070175438,0.6111111111111112,0.546583850931677,0.5770491803278688,0.6964285714285714,0.7139588100686499,0.7050847457627117,19,dacy_medium,Spacing Augmention 5%,11
0,3.024501085281372,0.7025435073627844,0.5369376805612877,0.1298014566497057,0.20906315282018323,0.0,0.22837980938933994,0.072,0.04838709677419355,0.05787781350482315,0.25925925925925924,0.03888888888888889,0.06763285024154589,0.09090909090909091,0.0625,0.07407407407407407,0.04741379310344827,0.09090909090909091,0.0623229461756374,0.06,0.018633540372670808,0.028436018957345967,0.11188811188811189,0.036613272311212815,0.05517241379310345,0,dacy_medium,No Spacing,12
0,1.0995533466339111,0.999150891563858,0.996506637388961,0.9961089494163424,0.9963077537171939,0.0,0.978423733892718,0.8033395176252319,0.7759856630824373,0.789425706472197,0.8967391304347826,0.9166666666666666,0.9065934065934065,0.8018867924528302,0.8854166666666666,0.8415841584158416,0.7433628318584071,0.6942148760330579,0.7179487179487178,0.7279411764705882,0.6149068322981367,0.6666666666666667,0.8192488262910798,0.7986270022883295,0.8088064889918887,0,dacy_medium,Input size augmentation 5 sentences,14
0,1.103790044784546,0.999150891563858,0.996506637388961,0.9961089494163424,0.9963077537171939,0.0,0.9792717646471205,0.7988826815642458,0.7688172043010753,0.7835616438356164,0.8817204301075269,0.9111111111111111,0.8961748633879781,0.7747747747747747,0.8958333333333334,0.8309178743961353,0.7387387387387387,0.6776859504132231,0.706896551724138,0.751937984496124,0.6024844720496895,0.6689655172413792,0.8145539906103286,0.7940503432494279,0.8041714947856317,0,dacy_medium,Input size augmentation 10 sentences,14
