,wall_time,token_acc,token_p,token_r,token_f,pos_acc,tag_acc,ents_p,ents_r,ents_f,ents_per_type_MISC_p,ents_per_type_MISC_r,ents_per_type_MISC_f,ents_per_type_LOC_p,ents_per_type_LOC_r,ents_per_type_LOC_f,ents_per_type_PER_p,ents_per_type_PER_r,ents_per_type_PER_f,ents_per_type_ORG_p,ents_per_type_ORG_r,ents_per_type_ORG_f,ents_excl_MISC_ents_p,ents_excl_MISC_ents_r,ents_excl_MISC_ents_f,dep_uas,dep_las,dep_las_per_type_nummod_p,dep_las_per_type_nummod_r,dep_las_per_type_nummod_f,dep_las_per_type_amod_p,dep_las_per_type_amod_r,dep_las_per_type_amod_f,dep_las_per_type_nmod_p,dep_las_per_type_nmod_r,dep_las_per_type_nmod_f,dep_las_per_type_nsubj_p,dep_las_per_type_nsubj_r,dep_las_per_type_nsubj_f,dep_las_per_type_flat_p,dep_las_per_type_flat_r,dep_las_per_type_flat_f,dep_las_per_type_cc_p,dep_las_per_type_cc_r,dep_las_per_type_cc_f,dep_las_per_type_conj_p,dep_las_per_type_conj_r,dep_las_per_type_conj_f,dep_las_per_type_root_p,dep_las_per_type_root_r,dep_las_per_type_root_f,dep_las_per_type_advmod_p,dep_las_per_type_advmod_r,dep_las_per_type_advmod_f,dep_las_per_type_mark_p,dep_las_per_type_mark_r,dep_las_per_type_mark_f,dep_las_per_type_aux_p,dep_las_per_type_aux_r,dep_las_per_type_aux_f,dep_las_per_type_ccomp_p,dep_las_per_type_ccomp_r,dep_las_per_type_ccomp_f,dep_las_per_type_case_p,dep_las_per_type_case_r,dep_las_per_type_case_f,dep_las_per_type_det_p,dep_las_per_type_det_r,dep_las_per_type_det_f,dep_las_per_type_obl_p,dep_las_per_type_obl_r,dep_las_per_type_obl_f,dep_las_per_type_obj_p,dep_las_per_type_obj_r,dep_las_per_type_obj_f,dep_las_per_type_nmod:poss_p,dep_las_per_type_nmod:poss_r,dep_las_per_type_nmod:poss_f,dep_las_per_type_xcomp_p,dep_las_per_type_xcomp_r,dep_las_per_type_xcomp_f,dep_las_per_type_cop_p,dep_las_per_type_cop_r,dep_las_per_type_cop_f,dep_las_per_type_acl:relcl_p,dep_las_per_type_acl:relcl_r,dep_las_per_type_acl:relcl_f,dep_las_per_type_compound:prt_p,dep_las_per_type_compound:prt_r,dep_las_per_type_compound:prt_f,dep_las_per_type_advcl_p,dep_las_per_type_advcl_r,dep_las_per_type_advcl_f,dep_las_per_type_dep_p,dep_las_per_type_dep_r,dep_las_per_type_dep_f,dep_las_per_type_fixed_p,dep_las_per_type_fixed_r,dep_las_per_type_fixed_f,dep_las_per_type_iobj_p,dep_las_per_type_iobj_r,dep_las_per_type_iobj_f,dep_las_per_type_list_p,dep_las_per_type_list_r,dep_las_per_type_list_f,dep_las_per_type_appos_p,dep_las_per_type_appos_r,dep_las_per_type_appos_f,dep_las_per_type_obl:tmod_p,dep_las_per_type_obl:tmod_r,dep_las_per_type_obl:tmod_f,dep_las_per_type_obl:loc_p,dep_las_per_type_obl:loc_r,dep_las_per_type_obl:loc_f,dep_las_per_type_expl_p,dep_las_per_type_expl_r,dep_las_per_type_expl_f,dep_las_per_type_vocative_p,dep_las_per_type_vocative_r,dep_las_per_type_vocative_f,dep_las_per_type_discourse_p,dep_las_per_type_discourse_r,dep_las_per_type_discourse_f,dep_las_per_type_goeswith_p,dep_las_per_type_goeswith_r,dep_las_per_type_goeswith_f,k,model,augmenter,i
0,2.1415698528289795,0.9991549435800566,0.9965232939306645,0.9961274947870122,0.996325355050154,0.0,0.9774794929157345,0.7550644567219152,0.7347670250896058,0.7447774750227066,0.6484375,0.6859504132231405,0.6666666666666666,0.7387387387387387,0.8541666666666666,0.7922705314009663,0.84375,0.9,0.870967741935484,0.7410714285714286,0.515527950310559,0.608058608058608,0.7879518072289157,0.7482837528604119,0.7676056338028169,0.8760359316140247,0.8402387436982094,0.8198198198198198,0.7982456140350878,0.8088888888888889,0.8655616942909761,0.8608058608058609,0.8631772268135905,0.723744292237443,0.698237885462555,0.7107623318385649,0.9186295503211992,0.9060190073917634,0.9122807017543859,0.9439655172413793,0.9279661016949152,0.9358974358974358,0.8668831168831169,0.8811881188118812,0.8739770867430442,0.7350427350427351,0.7478260869565218,0.7413793103448275,0.8808290155440415,0.9026548672566371,0.8916083916083914,0.7890410958904109,0.7977839335180056,0.7933884297520661,0.9352051835853131,0.9311827956989247,0.9331896551724138,0.9310344827586207,0.9138461538461539,0.922360248447205,0.7195121951219512,0.7468354430379747,0.732919254658385,0.9189765458422174,0.9054621848739496,0.9121693121693122,0.9438877755511023,0.9495967741935484,0.9467336683417086,0.7880794701986755,0.7652733118971061,0.7765089722675367,0.8716475095785441,0.8733205374280231,0.8724832214765101,0.73,0.6697247706422018,0.6985645933014354,0.717948717948718,0.5490196078431373,0.6222222222222223,0.8587570621468926,0.8636363636363636,0.8611898016997167,0.6521739130434783,0.6557377049180327,0.6539509536784741,0.42857142857142855,0.35294117647058826,0.3870967741935484,0.7849462365591398,0.6952380952380952,0.7373737373737373,0.09009009009009009,0.3448275862068966,0.14285714285714285,0.9444444444444444,0.8095238095238095,0.8717948717948718,0.6153846153846154,0.5333333333333333,0.5714285714285715,0.1111111111111111,0.11764705882352941,0.11428571428571428,0.625,0.5263157894736842,0.5714285714285714,0.7142857142857143,0.3125,0.43478260869565216,0.8113207547169812,0.8431372549019608,0.826923076923077,0.918918918918919,0.8717948717948718,0.8947368421052632,0.0,0.0,0.0,0.0,0.0,0.0,0.0,0.0,0.0,0,dacy_small,Female names,0
1,1.5724048614501953,0.999154607389726,0.9965219119546855,0.9961259560941691,0.9963238946845505,0.0,0.9776694683443576,0.7532228360957642,0.7329749103942652,0.7429609445958218,0.6639344262295082,0.6694214876033058,0.6666666666666666,0.7387387387387387,0.8541666666666666,0.7922705314009663,0.84375,0.9,0.870967741935484,0.711864406779661,0.5217391304347826,0.6021505376344086,0.7790973871733967,0.7505720823798627,0.7645687645687645,0.8770078283560453,0.8409578477416362,0.8214285714285714,0.8070175438596491,0.8141592920353982,0.8666666666666667,0.8571428571428571,0.861878453038674,0.7185354691075515,0.6916299559471366,0.7048260381593716,0.9207708779443254,0.9081309398099261,0.9144072301967039,0.9295154185022027,0.9094827586206896,0.9193899782135077,0.8673139158576052,0.8844884488448845,0.8758169934640523,0.7435897435897436,0.7565217391304347,0.7499999999999999,0.8875432525951558,0.9079646017699115,0.8976377952755905,0.7947658402203857,0.7991689750692521,0.7969613259668509,0.9353448275862069,0.9333333333333333,0.9343379978471474,0.9341692789968652,0.916923076923077,0.9254658385093169,0.7407407407407407,0.759493670886076,0.75,0.9178228388473852,0.9033613445378151,0.9105346744309158,0.944,0.9516129032258065,0.9477911646586344,0.7876254180602007,0.7572347266881029,0.7721311475409837,0.8666666666666667,0.8733205374280231,0.869980879541109,0.7450980392156863,0.6972477064220184,0.7203791469194314,0.7777777777777778,0.5490196078431373,0.6436781609195402,0.864406779661017,0.8693181818181818,0.8668555240793201,0.6505376344086021,0.6612021857923497,0.6558265582655827,0.42857142857142855,0.35294117647058826,0.3870967741935484,0.7934782608695652,0.6952380952380952,0.7411167512690355,0.08695652173913043,0.3448275862068966,0.1388888888888889,0.9444444444444444,0.8095238095238095,0.8717948717948718,0.5714285714285714,0.5333333333333333,0.5517241379310344,0.16666666666666666,0.17647058823529413,0.17142857142857143,0.6060606060606061,0.5263157894736842,0.5633802816901409,0.625,0.3125,0.4166666666666667,0.8,0.8627450980392157,0.8301886792452831,0.918918918918919,0.8717948717948718,0.8947368421052632,0.0,0.0,0.0,0.0,0.0,0.0,0.0,0.0,0.0,1,dacy_small,Female names,0
2,1.4986414909362793,0.9991525001246323,0.9965132496513249,0.9961163114917347,0.9963147410358566,0.0,0.9780126639078627,0.7472324723247232,0.7258064516129032,0.7363636363636364,0.6428571428571429,0.6694214876033058,0.6558704453441295,0.7410714285714286,0.8645833333333334,0.7980769230769232,0.8556149732620321,0.8888888888888888,0.8719346049046323,0.6923076923076923,0.5031055900621118,0.5827338129496403,0.7788461538461539,0.7414187643020596,0.7596717467760843,0.8761849374818262,0.8403791358957957,0.8214285714285714,0.8070175438596491,0.8141592920353982,0.8637200736648251,0.8589743589743589,0.8613406795224977,0.7168949771689498,0.6916299559471366,0.7040358744394618,0.920515574650913,0.9049630411826821,0.9126730564430244,0.9230769230769231,0.927536231884058,0.9253012048192772,0.8664495114006515,0.8778877887788779,0.8721311475409835,0.7308781869688386,0.7478260869565218,0.7392550143266478,0.8823529411764706,0.9026548672566371,0.8923884514435694,0.7955801104972375,0.7977839335180056,0.7966804979253111,0.9375,0.9354838709677419,0.9364908503767491,0.928125,0.9138461538461539,0.9209302325581395,0.75,0.759493670886076,0.7547169811320755,0.9208556149732621,0.9044117647058824,0.9125596184419714,0.9438877755511023,0.9495967741935484,0.9467336683417086,0.7900826446280992,0.7684887459807074,0.7791361043194784,0.8796116504854369,0.8694817658349329,0.8745173745173745,0.7474747474747475,0.6788990825688074,0.7115384615384616,0.7567567567567568,0.5490196078431373,0.6363636363636364,0.8547486033519553,0.8693181818181818,0.8619718309859155,0.6455026455026455,0.6666666666666666,0.6559139784946236,0.3793103448275862,0.3235294117647059,0.3492063492063492,0.7956989247311828,0.7047619047619048,0.7474747474747475,0.09565217391304348,0.3793103448275862,0.15277777777777776,0.9272727272727272,0.8095238095238095,0.864406779661017,0.5714285714285714,0.5333333333333333,0.5517241379310344,0.21428571428571427,0.17647058823529413,0.1935483870967742,0.5714285714285714,0.5263157894736842,0.547945205479452,0.7142857142857143,0.3125,0.43478260869565216,0.8269230769230769,0.8431372549019608,0.8349514563106797,0.8947368421052632,0.8717948717948718,0.8831168831168831,0.0,0.0,0.0,0.0,0.0,0.0,0.0,0.0,0.0,2,dacy_small,Female names,0
3,1.5800237655639648,0.9991527535509593,0.9965142914052385,0.9961174713787955,0.9963158418799164,0.0,0.9777201814285003,0.7732342007434945,0.7455197132616488,0.759124087591241,0.6666666666666666,0.6776859504132231,0.6721311475409837,0.7522935779816514,0.8541666666666666,0.8,0.8666666666666667,0.9388888888888889,0.9013333333333333,0.7477477477477478,0.515527950310559,0.6102941176470588,0.8048192771084337,0.7643020594965675,0.7840375586854459,0.8764606708912273,0.8403185490902748,0.8303571428571429,0.8157894736842105,0.8230088495575222,0.8687615526802218,0.8608058608058609,0.8647654093836247,0.7146118721461188,0.6894273127753304,0.7017937219730942,0.9197002141327623,0.9070749736008448,0.9133439659755449,0.941747572815534,0.9238095238095239,0.9326923076923078,0.8631921824104235,0.8745874587458746,0.8688524590163936,0.7443181818181818,0.7594202898550725,0.7517934002869441,0.8810344827586207,0.904424778761062,0.8925764192139739,0.7895460797799174,0.7950138504155124,0.7922705314009661,0.9352051835853131,0.9311827956989247,0.9331896551724138,0.9310344827586207,0.9138461538461539,0.922360248447205,0.7349397590361446,0.7721518987341772,0.7530864197530864,0.9217577706323687,0.9033613445378151,0.9124668435013262,0.944,0.9516129032258065,0.9477911646586344,0.7916666666666666,0.7636655948553055,0.7774140752864158,0.8783783783783784,0.8733205374280231,0.8758421559191529,0.7653061224489796,0.6880733944954128,0.7246376811594203,0.7567567567567568,0.5490196078431373,0.6363636363636364,0.848314606741573,0.8579545454545454,0.8531073446327683,0.6630434782608695,0.6666666666666666,0.6648501362397821,0.41379310344827586,0.35294117647058826,0.38095238095238093,0.7659574468085106,0.6857142857142857,0.7236180904522613,0.08547008547008547,0.3448275862068966,0.136986301369863,0.9272727272727272,0.8095238095238095,0.864406779661017,0.5714285714285714,0.5333333333333333,0.5517241379310344,0.1,0.11764705882352941,0.1081081081081081,0.6176470588235294,0.5526315789473685,0.5833333333333334,0.7142857142857143,0.3125,0.43478260869565216,0.7962962962962963,0.8431372549019608,0.8190476190476189,0.918918918918919,0.8717948717948718,0.8947368421052632,0.0,0.0,0.0,0.0,0.0,0.0,0.0,0.0,0.0,3,dacy_small,Female names,0
4,1.5081098079681396,0.9991548595575441,0.9965229485396384,0.9961271102284012,0.9963249900675407,0.0,0.9775766916919406,0.7504587155963303,0.7329749103942652,0.741613780598368,0.6612903225806451,0.6776859504132231,0.6693877551020408,0.7280701754385965,0.8645833333333334,0.7904761904761906,0.837696335078534,0.8888888888888888,0.862533692722372,0.7241379310344828,0.5217391304347826,0.6064981949458483,0.7767220902612827,0.7482837528604119,0.7622377622377623,0.875840482262926,0.8401530079981453,0.8214285714285714,0.8070175438596491,0.8141592920353982,0.866913123844732,0.8589743589743589,0.8629254829806807,0.7120181405895691,0.6916299559471366,0.7016759776536313,0.9208556149732621,0.9091869060190074,0.9149840595111584,0.9319148936170213,0.9319148936170213,0.9319148936170213,0.869281045751634,0.8778877887788779,0.8735632183908046,0.7350427350427351,0.7478260869565218,0.7413793103448275,0.8821490467937608,0.9008849557522124,0.8914185639229422,0.7903448275862069,0.7936288088642659,0.7919834139599171,0.9354838709677419,0.9354838709677419,0.9354838709677419,0.928125,0.9138461538461539,0.9209302325581395,0.7317073170731707,0.759493670886076,0.7453416149068323,0.9207708779443254,0.9033613445378151,0.911983032873807,0.9418837675350702,0.9475806451612904,0.9447236180904524,0.7876254180602007,0.7572347266881029,0.7721311475409837,0.8697318007662835,0.8714011516314779,0.8705656759348034,0.74,0.6788990825688074,0.7081339712918661,0.717948717948718,0.5490196078431373,0.6222222222222223,0.864406779661017,0.8693181818181818,0.8668555240793201,0.6739130434782609,0.6775956284153005,0.6757493188010899,0.41379310344827586,0.35294117647058826,0.38095238095238093,0.7872340425531915,0.7047619047619048,0.7437185929648242,0.08928571428571429,0.3448275862068966,0.14184397163120568,0.9107142857142857,0.8095238095238095,0.8571428571428571,0.5714285714285714,0.5333333333333333,0.5517241379310344,0.1875,0.17647058823529413,0.1818181818181818,0.6,0.5526315789473685,0.5753424657534247,0.625,0.3125,0.4166666666666667,0.8113207547169812,0.8431372549019608,0.826923076923077,0.918918918918919,0.8717948717948718,0.8947368421052632,0.0,0.0,0.0,0.0,0.0,0.0,0.0,0.0,0.0,4,dacy_small,Female names,0
5,1.8166477680206299,0.999154607389726,0.9965219119546855,0.9961259560941691,0.9963238946845505,0.0,0.9774705326503208,0.7619047619047619,0.7455197132616488,0.7536231884057972,0.6532258064516129,0.6694214876033058,0.6612244897959184,0.7545454545454545,0.8645833333333334,0.8058252427184466,0.8756476683937824,0.9388888888888889,0.9061662198391421,0.6974789915966386,0.515527950310559,0.5928571428571429,0.7938388625592417,0.7665903890160183,0.779976717112922,0.8777036822267323,0.8422334319012001,0.8141592920353983,0.8070175438596491,0.8105726872246696,0.8648148148148148,0.8553113553113553,0.8600368324125229,0.723744292237443,0.698237885462555,0.7107623318385649,0.9197860962566845,0.9081309398099261,0.9139213602550479,0.9356223175965666,0.9396551724137931,0.9376344086021505,0.8660130718954249,0.8745874587458746,0.8702791461412152,0.7407407407407407,0.7536231884057971,0.7471264367816091,0.8888888888888888,0.9061946902654867,0.8974583698510078,0.7944827586206896,0.7977839335180056,0.7961299239806496,0.9352051835853131,0.9311827956989247,0.9331896551724138,0.93125,0.916923076923077,0.9240310077519381,0.7564102564102564,0.7468354430379747,0.751592356687898,0.9229122055674518,0.9054621848739496,0.9141039236479321,0.944,0.9516129032258065,0.9477911646586344,0.7970049916805324,0.770096463022508,0.7833197056418642,0.8764478764478765,0.8714011516314779,0.8739172281039461,0.7450980392156863,0.6972477064220184,0.7203791469194314,0.7567567567567568,0.5490196078431373,0.6363636363636364,0.8587570621468926,0.8636363636363636,0.8611898016997167,0.6544502617801047,0.6830601092896175,0.6684491978609626,0.3548387096774194,0.3235294117647059,0.3384615384615384,0.7741935483870968,0.6857142857142857,0.7272727272727272,0.09482758620689655,0.3793103448275862,0.15172413793103445,0.9272727272727272,0.8095238095238095,0.864406779661017,0.5714285714285714,0.5333333333333333,0.5517241379310344,0.16666666666666666,0.17647058823529413,0.17142857142857143,0.6451612903225806,0.5263157894736842,0.5797101449275363,0.7142857142857143,0.3125,0.43478260869565216,0.8269230769230769,0.8431372549019608,0.8349514563106797,0.8947368421052632,0.8717948717948718,0.8831168831168831,0.0,0.0,0.0,0.0,0.0,0.0,0.0,0.0,0.0,5,dacy_small,Female names,0
6,1.4998364448547363,0.9991545233003432,0.9965215662890081,0.9961255712298828,0.9963235294117647,0.0,0.9777667246953494,0.7509157509157509,0.7347670250896058,0.7427536231884059,0.6377952755905512,0.6694214876033058,0.6532258064516129,0.7256637168141593,0.8541666666666666,0.784688995215311,0.8608247422680413,0.9277777777777778,0.893048128342246,0.7142857142857143,0.4968944099378882,0.5860805860805861,0.7852028639618138,0.7528604118993135,0.7686915887850466,0.8761308281141267,0.8404755001449696,0.831858407079646,0.8245614035087719,0.8281938325991189,0.8687615526802218,0.8608058608058609,0.8647654093836247,0.7081447963800905,0.6894273127753304,0.6986607142857143,0.9197860962566845,0.9081309398099261,0.9139213602550479,0.9511111111111111,0.9264069264069265,0.9385964912280702,0.868421052631579,0.8712871287128713,0.8698517298187808,0.7350427350427351,0.7478260869565218,0.7413793103448275,0.884083044982699,0.904424778761062,0.89413823272091,0.7920110192837465,0.796398891966759,0.7941988950276242,0.937365010799136,0.9333333333333333,0.9353448275862069,0.93125,0.916923076923077,0.9240310077519381,0.7560975609756098,0.7848101265822784,0.7701863354037267,0.9206859592711683,0.9023109243697479,0.9114058355437665,0.944,0.9516129032258065,0.9477911646586344,0.7844112769485904,0.7604501607717041,0.7722448979591836,0.8762088974854932,0.8694817658349329,0.8728323699421966,0.75,0.6880733944954128,0.7177033492822965,0.7777777777777778,0.5490196078431373,0.6436781609195402,0.8539325842696629,0.8636363636363636,0.8587570621468926,0.648936170212766,0.6666666666666666,0.6576819407008085,0.4,0.35294117647058826,0.37500000000000006,0.776595744680851,0.6952380952380952,0.7336683417085427,0.09649122807017543,0.3793103448275862,0.15384615384615383,0.9272727272727272,0.8095238095238095,0.864406779661017,0.5714285714285714,0.5333333333333333,0.5517241379310344,0.15789473684210525,0.17647058823529413,0.16666666666666669,0.625,0.5263157894736842,0.5714285714285714,0.5555555555555556,0.3125,0.39999999999999997,0.8113207547169812,0.8431372549019608,0.826923076923077,0.918918918918919,0.8717948717948718,0.8947368421052632,0.0,0.0,0.0,0.0,0.0,0.0,0.0,0.0,0.0,6,dacy_small,Female names,0
7,1.5200767517089844,0.9991550275858642,0.9965236392530791,0.9961278792692613,0.9963257199602781,0.0,0.9775811502709151,0.7527472527472527,0.7365591397849462,0.7445652173913043,0.6456692913385826,0.6776859504132231,0.6612903225806451,0.7280701754385965,0.8645833333333334,0.7904761904761906,0.8489583333333334,0.9055555555555556,0.8763440860215055,0.7345132743362832,0.515527950310559,0.6058394160583942,0.7852028639618138,0.7528604118993135,0.7686915887850466,0.8769631990727326,0.8396592687025555,0.8125,0.7982456140350878,0.8053097345132744,0.8645640074211502,0.8534798534798534,0.8589861751152074,0.7208237986270023,0.6938325991189427,0.7070707070707071,0.9219251336898395,0.9102428722280888,0.9160467587672689,0.9353448275862069,0.9156118143459916,0.9253731343283582,0.8660130718954249,0.8745874587458746,0.8702791461412152,0.7507246376811594,0.7507246376811594,0.7507246376811595,0.8854166666666666,0.9026548672566371,0.8939526730937774,0.7936726272352133,0.7991689750692521,0.7964113181504486,0.9333333333333333,0.9333333333333333,0.9333333333333333,0.9310344827586207,0.9138461538461539,0.922360248447205,0.7375,0.7468354430379747,0.7421383647798743,0.9218415417558886,0.9044117647058824,0.9130434782608695,0.944,0.9516129032258065,0.9477911646586344,0.782392026578073,0.7572347266881029,0.7696078431372549,0.8730769230769231,0.8714011516314779,0.87223823246878,0.72,0.6605504587155964,0.6889952153110047,0.7567567567567568,0.5490196078431373,0.6363636363636364,0.8531073446327684,0.8579545454545454,0.8555240793201133,0.6595744680851063,0.6775956284153005,0.6684636118598383,0.39285714285714285,0.3235294117647059,0.3548387096774193,0.7934782608695652,0.6952380952380952,0.7411167512690355,0.09166666666666666,0.3793103448275862,0.14765100671140938,0.9272727272727272,0.8095238095238095,0.864406779661017,0.5714285714285714,0.5333333333333333,0.5517241379310344,0.125,0.17647058823529413,0.14634146341463414,0.6176470588235294,0.5526315789473685,0.5833333333333334,0.5555555555555556,0.3125,0.39999999999999997,0.7962962962962963,0.8431372549019608,0.8190476190476189,0.918918918918919,0.8717948717948718,0.8947368421052632,0.0,0.0,0.0,0.0,0.0,0.0,0.0,0.0,0.0,7,dacy_small,Female names,0
8,1.5906009674072266,0.9991543550713824,0.9965208747514911,0.9961248012718601,0.9963227986483801,0.0,0.9783592856076813,0.7463503649635036,0.7329749103942652,0.7396021699819169,0.6434108527131783,0.6859504132231405,0.664,0.7297297297297297,0.84375,0.7826086956521738,0.8489583333333334,0.9055555555555556,0.8763440860215055,0.7068965517241379,0.5093167701863354,0.592057761732852,0.7780429594272077,0.7459954233409611,0.7616822429906543,0.8767329891525032,0.8409024998549969,0.8141592920353983,0.8070175438596491,0.8105726872246696,0.8653136531365314,0.8589743589743589,0.8621323529411764,0.715261958997722,0.6916299559471366,0.7032474804031354,0.9196141479099679,0.9060190073917634,0.9127659574468086,0.9424778761061947,0.9301310043668122,0.9362637362637363,0.8627450980392157,0.8712871287128713,0.8669950738916257,0.7507163323782235,0.7594202898550725,0.755043227665706,0.884083044982699,0.904424778761062,0.89413823272091,0.7933884297520661,0.7977839335180056,0.7955801104972376,0.937365010799136,0.9333333333333333,0.9353448275862069,0.925,0.9107692307692308,0.9178294573643411,0.7625,0.7721518987341772,0.7672955974842767,0.9220085470085471,0.9065126050420168,0.9141949152542374,0.944,0.9516129032258065,0.9477911646586344,0.7916666666666666,0.7636655948553055,0.7774140752864158,0.875,0.8733205374280231,0.8741594620557156,0.7475728155339806,0.7064220183486238,0.7264150943396226,0.75,0.5294117647058824,0.6206896551724139,0.8539325842696629,0.8636363636363636,0.8587570621468926,0.6630434782608695,0.6666666666666666,0.6648501362397821,0.36666666666666664,0.3235294117647059,0.34375,0.75,0.6857142857142857,0.7164179104477612,0.08849557522123894,0.3448275862068966,0.14084507042253522,0.9444444444444444,0.8095238095238095,0.8717948717948718,0.6153846153846154,0.5333333333333333,0.5714285714285715,0.13636363636363635,0.17647058823529413,0.15384615384615383,0.6060606060606061,0.5263157894736842,0.5633802816901409,0.7142857142857143,0.3125,0.43478260869565216,0.7924528301886793,0.8235294117647058,0.8076923076923077,0.918918918918919,0.8717948717948718,0.8947368421052632,0.0,0.0,0.0,0.0,0.0,0.0,0.0,0.0,0.0,8,dacy_small,Female names,0
9,1.7728145122528076,0.9991544391942302,0.9965212205546168,0.9961251862891207,0.9963231640663818,0.0,0.9781624633139333,0.7467889908256881,0.7293906810035843,0.7379873073436084,0.6377952755905512,0.6694214876033058,0.6532258064516129,0.7217391304347827,0.8645833333333334,0.7867298578199053,0.8473684210526315,0.8944444444444445,0.8702702702702702,0.7256637168141593,0.5093167701863354,0.5985401459854014,0.7799043062200957,0.7459954233409611,0.7625730994152047,0.8753044890383946,0.8394803989793551,0.8157894736842105,0.8157894736842105,0.8157894736842104,0.8613678373382625,0.8534798534798534,0.8574057037718492,0.7155756207674944,0.698237885462555,0.7068004459308806,0.9177350427350427,0.9070749736008448,0.912373871481678,0.9429824561403509,0.9347826086956522,0.9388646288209607,0.8599348534201955,0.8712871287128713,0.8655737704918033,0.7442528735632183,0.7507246376811594,0.7474747474747474,0.8838821490467937,0.9026548672566371,0.8931698774080561,0.7961432506887053,0.8005540166204986,0.7983425414364641,0.9334763948497854,0.9354838709677419,0.9344790547798066,0.925,0.9107692307692308,0.9178294573643411,0.759493670886076,0.759493670886076,0.759493670886076,0.9219251336898395,0.9054621848739496,0.913619501854796,0.9438877755511023,0.9495967741935484,0.9467336683417086,0.7896494156928213,0.7604501607717041,0.7747747747747747,0.8673076923076923,0.8656429942418427,0.8664745437079732,0.7373737373737373,0.6697247706422018,0.7019230769230769,0.75,0.5294117647058824,0.6206896551724139,0.8595505617977528,0.8693181818181818,0.864406779661017,0.6486486486486487,0.6557377049180327,0.6521739130434783,0.39285714285714285,0.3235294117647059,0.3548387096774193,0.776595744680851,0.6952380952380952,0.7336683417085427,0.08620689655172414,0.3448275862068966,0.13793103448275862,0.9107142857142857,0.8095238095238095,0.8571428571428571,0.5714285714285714,0.5333333333333333,0.5517241379310344,0.10526315789473684,0.11764705882352941,0.1111111111111111,0.625,0.5263157894736842,0.5714285714285714,0.625,0.3125,0.4166666666666667,0.8076923076923077,0.8235294117647058,0.8155339805825242,0.918918918918919,0.8717948717948718,0.8947368421052632,0.0,0.0,0.0,0.0,0.0,0.0,0.0,0.0,0.0,9,dacy_small,Female names,0
10,1.533421277999878,0.9991530912170578,0.9965156794425087,0.9961190168175937,0.9963173086493481,0.0,0.9776294155747097,0.75,0.7311827956989247,0.7404718693284936,0.6456692913385826,0.6776859504132231,0.6612903225806451,0.7256637168141593,0.8541666666666666,0.784688995215311,0.8655913978494624,0.8944444444444445,0.8797814207650273,0.7033898305084746,0.515527950310559,0.5949820788530464,0.7817745803357314,0.7459954233409611,0.7634660421545668,0.8765324501772123,0.840295125777029,0.8303571428571429,0.8157894736842105,0.8230088495575222,0.8634686346863468,0.8571428571428571,0.8602941176470588,0.7136363636363636,0.6916299559471366,0.7024608501118568,0.9228295819935691,0.9091869060190074,0.9159574468085108,0.9433962264150944,0.9345794392523364,0.9389671361502347,0.8660130718954249,0.8745874587458746,0.8702791461412152,0.7450424929178471,0.7623188405797101,0.7535816618911175,0.8823529411764706,0.9026548672566371,0.8923884514435694,0.7941988950276243,0.796398891966759,0.7952973720608575,0.9333333333333333,0.9333333333333333,0.9333333333333333,0.9252336448598131,0.9138461538461539,0.9195046439628483,0.75,0.759493670886076,0.7547169811320755,0.9197002141327623,0.9023109243697479,0.9109225874867445,0.944,0.9516129032258065,0.9477911646586344,0.7834710743801653,0.7620578778135049,0.7726161369193154,0.8781431334622823,0.8714011516314779,0.8747591522157996,0.7425742574257426,0.6880733944954128,0.7142857142857144,0.7,0.5490196078431373,0.6153846153846154,0.8579545454545454,0.8579545454545454,0.8579545454545454,0.654054054054054,0.6612021857923497,0.6576086956521738,0.36666666666666664,0.3235294117647059,0.34375,0.7741935483870968,0.6857142857142857,0.7272727272727272,0.09565217391304348,0.3793103448275862,0.15277777777777776,0.9107142857142857,0.8095238095238095,0.8571428571428571,0.5714285714285714,0.5333333333333333,0.5517241379310344,0.1875,0.17647058823529413,0.1818181818181818,0.6666666666666666,0.5263157894736842,0.5882352941176471,0.625,0.3125,0.4166666666666667,0.8113207547169812,0.8431372549019608,0.826923076923077,0.8947368421052632,0.8717948717948718,0.8831168831168831,0.0,0.0,0.0,0.0,0.0,0.0,0.0,0.0,0.0,10,dacy_small,Female names,0
11,1.4679169654846191,0.9991543550713824,0.9963220675944334,0.9960250422339263,0.9961735327734433,0.0,0.9783571321956316,0.7513711151736746,0.7365591397849462,0.7438914027149321,0.6456692913385826,0.6776859504132231,0.6612903225806451,0.7256637168141593,0.8541666666666666,0.784688995215311,0.8716577540106952,0.9055555555555556,0.888283378746594,0.7,0.5217391304347826,0.597864768683274,0.7833333333333333,0.7528604118993135,0.7677946324387398,0.8770158951154426,0.8414153132250579,0.8125,0.7982456140350878,0.8053097345132744,0.8602941176470589,0.8571428571428571,0.8587155963302753,0.7129840546697038,0.6894273127753304,0.7010078387458006,0.9196141479099679,0.9060190073917634,0.9127659574468086,0.9469026548672567,0.9385964912280702,0.9427312775330398,0.8701298701298701,0.8844884488448845,0.8772504091653028,0.7450424929178471,0.7623188405797101,0.7535816618911175,0.8808290155440415,0.9026548672566371,0.8916083916083914,0.7944827586206896,0.7977839335180056,0.7961299239806496,0.9353448275862069,0.9333333333333333,0.9343379978471474,0.928125,0.9138461538461539,0.9209302325581395,0.7468354430379747,0.7468354430379747,0.7468354430379747,0.9208556149732621,0.9044117647058824,0.9125596184419714,0.944,0.9516129032258065,0.9477911646586344,0.7906976744186046,0.7652733118971061,0.7777777777777778,0.8716475095785441,0.8733205374280231,0.8724832214765101,0.7653061224489796,0.6880733944954128,0.7246376811594203,0.7435897435897436,0.5686274509803921,0.6444444444444445,0.864406779661017,0.8693181818181818,0.8668555240793201,0.6631016042780749,0.6775956284153005,0.6702702702702703,0.3793103448275862,0.3235294117647059,0.3492063492063492,0.7741935483870968,0.6857142857142857,0.7272727272727272,0.09174311926605505,0.3448275862068966,0.14492753623188406,0.9272727272727272,0.8095238095238095,0.864406779661017,0.5714285714285714,0.5333333333333333,0.5517241379310344,0.16666666666666666,0.17647058823529413,0.17142857142857143,0.6451612903225806,0.5263157894736842,0.5797101449275363,0.7142857142857143,0.3125,0.43478260869565216,0.7962962962962963,0.8431372549019608,0.8190476190476189,0.8947368421052632,0.8717948717948718,0.8831168831168831,0.0,0.0,0.0,0.0,0.0,0.0,0.0,0.0,0.0,11,dacy_small,Female names,0
12,1.4943687915802002,0.9991551955473835,0.9961271102284012,0.9959293089753772,0.996028199781551,0.0,0.9775811502709151,0.744954128440367,0.7275985663082437,0.7361740707162284,0.640625,0.6776859504132231,0.6586345381526104,0.7321428571428571,0.8541666666666666,0.7884615384615384,0.8368421052631579,0.8833333333333333,0.8594594594594595,0.7217391304347827,0.515527950310559,0.6014492753623188,0.7769784172661871,0.7414187643020596,0.7587822014051524,0.8756374594343996,0.8398423919341754,0.8214285714285714,0.8070175438596491,0.8141592920353982,0.8602941176470589,0.8571428571428571,0.8587155963302753,0.7107061503416856,0.6872246696035242,0.6987681970884658,0.920515574650913,0.9049630411826821,0.9126730564430244,0.9322033898305084,0.9282700421940928,0.9302325581395348,0.8688524590163934,0.8745874587458746,0.8717105263157896,0.7514450867052023,0.7536231884057971,0.7525325615050651,0.8823529411764706,0.9026548672566371,0.8923884514435694,0.7922971114167813,0.7977839335180056,0.7950310559006212,0.9354838709677419,0.9354838709677419,0.9354838709677419,0.93125,0.916923076923077,0.9240310077519381,0.7564102564102564,0.7468354430379747,0.751592356687898,0.9217577706323687,0.9033613445378151,0.9124668435013262,0.942,0.9495967741935484,0.9457831325301205,0.7922948073701842,0.7604501607717041,0.7760459392945037,0.8711538461538462,0.8694817658349329,0.8703170028818444,0.7156862745098039,0.6697247706422018,0.6919431279620853,0.7368421052631579,0.5490196078431373,0.6292134831460675,0.8603351955307262,0.875,0.8676056338028169,0.6739130434782609,0.6775956284153005,0.6757493188010899,0.4074074074074074,0.3235294117647059,0.36065573770491804,0.7659574468085106,0.6857142857142857,0.7236180904522613,0.09090909090909091,0.3793103448275862,0.14666666666666667,0.9107142857142857,0.8095238095238095,0.8571428571428571,0.5714285714285714,0.5333333333333333,0.5517241379310344,0.13636363636363635,0.17647058823529413,0.15384615384615383,0.6363636363636364,0.5526315789473685,0.5915492957746479,0.625,0.3125,0.4166666666666667,0.8113207547169812,0.8431372549019608,0.826923076923077,0.918918918918919,0.8717948717948718,0.8947368421052632,0.0,0.0,0.0,0.0,0.0,0.0,0.0,0.0,0.0,12,dacy_small,Female names,0
13,1.5068371295928955,0.9991552795031057,0.9963260847979347,0.9960293825689894,0.9961777115909655,0.0,0.977883802991899,0.7569060773480663,0.7365591397849462,0.7465940054495912,0.656,0.6776859504132231,0.6666666666666666,0.7345132743362832,0.8645833333333334,0.7942583732057416,0.8497409326424871,0.9111111111111111,0.8793565683646112,0.7321428571428571,0.5093167701863354,0.6007326007326007,0.7870813397129187,0.7528604118993135,0.7695906432748538,0.8768393001969644,0.8411723818350324,0.8141592920353983,0.8070175438596491,0.8105726872246696,0.8687615526802218,0.8608058608058609,0.8647654093836247,0.7171945701357466,0.698237885462555,0.7075892857142857,0.9168443496801706,0.9081309398099261,0.9124668435013263,0.9409282700421941,0.9330543933054394,0.9369747899159665,0.8697068403908795,0.8811881188118812,0.8754098360655738,0.7422096317280453,0.7594202898550725,0.7507163323782234,0.8806228373702422,0.9008849557522124,0.8906386701662292,0.7958620689655173,0.7991689750692521,0.7975120939875605,0.937365010799136,0.9333333333333333,0.9353448275862069,0.9341692789968652,0.916923076923077,0.9254658385093169,0.7283950617283951,0.7468354430379747,0.7374999999999999,0.9197002141327623,0.9023109243697479,0.9109225874867445,0.9438877755511023,0.9495967741935484,0.9467336683417086,0.7946577629382304,0.7652733118971061,0.7796887796887797,0.8745173745173745,0.8694817658349329,0.8719923002887392,0.7474747474747475,0.6788990825688074,0.7115384615384616,0.7631578947368421,0.5686274509803921,0.651685393258427,0.8426966292134831,0.8522727272727273,0.8474576271186441,0.6612021857923497,0.6612021857923497,0.6612021857923497,0.3793103448275862,0.3235294117647059,0.3492063492063492,0.782608695652174,0.6857142857142857,0.7309644670050761,0.09401709401709402,0.3793103448275862,0.1506849315068493,0.9622641509433962,0.8095238095238095,0.8793103448275862,0.5714285714285714,0.5333333333333333,0.5517241379310344,0.15,0.17647058823529413,0.16216216216216214,0.6285714285714286,0.5789473684210527,0.6027397260273972,0.7142857142857143,0.3125,0.43478260869565216,0.7962962962962963,0.8431372549019608,0.8190476190476189,0.918918918918919,0.8717948717948718,0.8947368421052632,0.0,0.0,0.0,0.0,0.0,0.0,0.0,0.0,0.0,13,dacy_small,Female names,0
14,1.54042387008667,0.9991543550713824,0.9965208747514911,0.9961248012718601,0.9963227986483801,0.0,0.9775633053081937,0.7527472527472527,0.7365591397849462,0.7445652173913043,0.6456692913385826,0.6776859504132231,0.6612903225806451,0.7410714285714286,0.8645833333333334,0.7980769230769232,0.8534031413612565,0.9055555555555556,0.8787061994609163,0.7155172413793104,0.515527950310559,0.5992779783393501,0.7852028639618138,0.7528604118993135,0.7686915887850466,0.8769650211729219,0.8405544921988284,0.8230088495575221,0.8157894736842105,0.8193832599118943,0.861878453038674,0.8571428571428571,0.8595041322314049,0.7123595505617978,0.698237885462555,0.7052280311457175,0.9184549356223176,0.9039070749736009,0.9111229377328367,0.9377777777777778,0.9213973799126638,0.9295154185022027,0.8688524590163934,0.8745874587458746,0.8717105263157896,0.75,0.7652173913043478,0.757532281205165,0.8873483535528596,0.9061946902654867,0.8966725043782837,0.7939142461964038,0.7950138504155124,0.7944636678200692,0.9354838709677419,0.9354838709677419,0.9354838709677419,0.9278996865203761,0.9107692307692308,0.9192546583850931,0.759493670886076,0.759493670886076,0.759493670886076,0.9197860962566845,0.9033613445378151,0.9114997350291468,0.942,0.9495967741935484,0.9457831325301205,0.785,0.7572347266881029,0.7708674304418985,0.8694817658349329,0.8694817658349329,0.8694817658349329,0.7450980392156863,0.6972477064220184,0.7203791469194314,0.7368421052631579,0.5490196078431373,0.6292134831460675,0.864406779661017,0.8693181818181818,0.8668555240793201,0.6666666666666666,0.6775956284153005,0.6720867208672087,0.3793103448275862,0.3235294117647059,0.3492063492063492,0.7684210526315789,0.6952380952380952,0.73,0.09565217391304348,0.3793103448275862,0.15277777777777776,0.9444444444444444,0.8095238095238095,0.8717948717948718,0.5714285714285714,0.5333333333333333,0.5517241379310344,0.17647058823529413,0.17647058823529413,0.17647058823529413,0.6451612903225806,0.5263157894736842,0.5797101449275363,0.7142857142857143,0.3125,0.43478260869565216,0.7962962962962963,0.8431372549019608,0.8190476190476189,0.918918918918919,0.8717948717948718,0.8947368421052632,0.0,0.0,0.0,0.0,0.0,0.0,0.0,0.0,0.0,14,dacy_small,Female names,0
15,1.6972694396972656,0.9991050119331742,0.9964232488822653,0.9959285004965244,0.9961758132604918,0.0,0.9773755656108597,0.7569060773480663,0.7365591397849462,0.7465940054495912,0.6307692307692307,0.6776859504132231,0.6533864541832669,0.7321428571428571,0.8541666666666666,0.7884615384615384,0.8624338624338624,0.9055555555555556,0.8834688346883468,0.75,0.5217391304347826,0.6153846153846153,0.7966101694915254,0.7528604118993135,0.7741176470588236,0.8764344499826128,0.8397079276773295,0.8288288288288288,0.8070175438596491,0.8177777777777778,0.866913123844732,0.8589743589743589,0.8629254829806807,0.7123287671232876,0.6872246696035242,0.6995515695067265,0.9215896885069818,0.9060190073917634,0.9137380191693291,0.9316239316239316,0.9276595744680851,0.929637526652452,0.8627450980392157,0.8712871287128713,0.8669950738916257,0.7408450704225352,0.7623188405797101,0.7514285714285713,0.8791018998272885,0.9008849557522124,0.8898601398601399,0.7944827586206896,0.7977839335180056,0.7961299239806496,0.9372294372294372,0.9311827956989247,0.9341963322545846,0.9278996865203761,0.9107692307692308,0.9192546583850931,0.7530864197530864,0.7721518987341772,0.7625,0.9207708779443254,0.9033613445378151,0.911983032873807,0.944,0.9516129032258065,0.9477911646586344,0.78369384359401,0.7572347266881029,0.7702371218315617,0.8800773694390716,0.8733205374280231,0.8766859344894027,0.7254901960784313,0.6788990825688074,0.7014218009478673,0.7105263157894737,0.5294117647058824,0.6067415730337078,0.864406779661017,0.8693181818181818,0.8668555240793201,0.6612903225806451,0.6721311475409836,0.6666666666666666,0.3793103448275862,0.3235294117647059,0.3492063492063492,0.7708333333333334,0.7047619047619048,0.7363184079601991,0.0847457627118644,0.3448275862068966,0.13605442176870747,0.9444444444444444,0.8095238095238095,0.8717948717948718,0.5714285714285714,0.5333333333333333,0.5517241379310344,0.10526315789473684,0.11764705882352941,0.1111111111111111,0.625,0.5263157894736842,0.5714285714285714,0.7142857142857143,0.3125,0.43478260869565216,0.8,0.8627450980392157,0.8301886792452831,0.8947368421052632,0.8717948717948718,0.8831168831168831,0.0,0.0,0.0,0.0,0.0,0.0,0.0,0.0,0.0,15,dacy_small,Female names,0
16,1.5135185718536377,0.9991537657424462,0.9965184522033224,0.9961221040071592,0.9963202386872204,0.0,0.9779459351819586,0.7334558823529411,0.7150537634408602,0.7241379310344828,0.6201550387596899,0.6611570247933884,0.64,0.7297297297297297,0.84375,0.7826086956521738,0.8494623655913979,0.8777777777777778,0.8633879781420764,0.6779661016949152,0.4968944099378882,0.5734767025089605,0.7686746987951807,0.7299771167048055,0.7488262910798122,0.8741437362127018,0.839215231019271,0.8070175438596491,0.8070175438596491,0.8070175438596491,0.8621323529411765,0.8589743589743589,0.8605504587155963,0.7207207207207207,0.7048458149779736,0.712694877505568,0.9155982905982906,0.9049630411826821,0.9102496016994159,0.9147982062780269,0.918918918918919,0.9168539325842698,0.8571428571428571,0.8712871287128713,0.8641571194762684,0.7428571428571429,0.7536231884057971,0.748201438848921,0.8791018998272885,0.9008849557522124,0.8898601398601399,0.7955801104972375,0.7977839335180056,0.7966804979253111,0.9334763948497854,0.9354838709677419,0.9344790547798066,0.925,0.9107692307692308,0.9178294573643411,0.7468354430379747,0.7468354430379747,0.7468354430379747,0.9208556149732621,0.9044117647058824,0.9125596184419714,0.942,0.9495967741935484,0.9457831325301205,0.7895622895622896,0.7540192926045016,0.7713815789473684,0.8796116504854369,0.8694817658349329,0.8745173745173745,0.7575757575757576,0.6880733944954128,0.7211538461538463,0.7105263157894737,0.5294117647058824,0.6067415730337078,0.848314606741573,0.8579545454545454,0.8531073446327683,0.6594594594594595,0.6666666666666666,0.6630434782608696,0.39285714285714285,0.3235294117647059,0.3548387096774193,0.7789473684210526,0.7047619047619048,0.74,0.08771929824561403,0.3448275862068966,0.13986013986013984,0.9444444444444444,0.8095238095238095,0.8717948717948718,0.5714285714285714,0.5333333333333333,0.5517241379310344,0.16666666666666666,0.17647058823529413,0.17142857142857143,0.625,0.5263157894736842,0.5714285714285714,0.7142857142857143,0.3125,0.43478260869565216,0.7962962962962963,0.8431372549019608,0.8190476190476189,0.918918918918919,0.8717948717948718,0.8947368421052632,0.0,0.0,0.0,0.0,0.0,0.0,0.0,0.0,0.0,16,dacy_small,Female names,0
17,1.458275318145752,0.9991050119331742,0.9964232488822653,0.9959285004965244,0.9961758132604918,0.0,0.9778728059271046,0.7610294117647058,0.7419354838709677,0.7513611615245008,0.6587301587301587,0.6859504132231405,0.6720647773279352,0.7477477477477478,0.8645833333333334,0.8019323671497585,0.8541666666666666,0.9111111111111111,0.8817204301075269,0.7304347826086957,0.5217391304347826,0.6086956521739131,0.7918660287081339,0.7574370709382151,0.7742690058479532,0.8757897177302498,0.8391770501303969,0.8070175438596491,0.8070175438596491,0.8070175438596491,0.8602941176470589,0.8571428571428571,0.8587155963302753,0.7178899082568807,0.6894273127753304,0.7033707865168539,0.9236559139784947,0.9070749736008448,0.915290356952584,0.9358974358974359,0.9319148936170213,0.9339019189765457,0.869281045751634,0.8778877887788779,0.8735632183908046,0.7308781869688386,0.7478260869565218,0.7392550143266478,0.8825561312607945,0.904424778761062,0.8933566433566434,0.7903448275862069,0.7936288088642659,0.7919834139599171,0.937365010799136,0.9333333333333333,0.9353448275862069,0.9310344827586207,0.9138461538461539,0.922360248447205,0.7317073170731707,0.759493670886076,0.7453416149068323,0.9196141479099679,0.9012605042016807,0.9103448275862069,0.9437751004016064,0.9475806451612904,0.9456740442655936,0.7844112769485904,0.7604501607717041,0.7722448979591836,0.8694817658349329,0.8694817658349329,0.8694817658349329,0.7373737373737373,0.6697247706422018,0.7019230769230769,0.717948717948718,0.5490196078431373,0.6222222222222223,0.8539325842696629,0.8636363636363636,0.8587570621468926,0.6702702702702703,0.6775956284153005,0.6739130434782608,0.375,0.35294117647058826,0.3636363636363636,0.7684210526315789,0.6952380952380952,0.73,0.08695652173913043,0.3448275862068966,0.1388888888888889,0.9272727272727272,0.8095238095238095,0.864406779661017,0.5714285714285714,0.5333333333333333,0.5517241379310344,0.16666666666666666,0.17647058823529413,0.17142857142857143,0.6666666666666666,0.5263157894736842,0.5882352941176471,0.7142857142857143,0.3125,0.43478260869565216,0.8113207547169812,0.8431372549019608,0.826923076923077,0.918918918918919,0.8717948717948718,0.8947368421052632,0.0,0.0,0.0,0.0,0.0,0.0,0.0,0.0,0.0,17,dacy_small,Female names,0
18,1.5131874084472656,0.9991555312701803,0.9965257097478658,0.9961301845604287,0.9963279078999603,0.0,0.9780913110437676,0.7481751824817519,0.7347670250896058,0.7414104882459313,0.6587301587301587,0.6859504132231405,0.6720647773279352,0.7192982456140351,0.8541666666666666,0.7809523809523811,0.8350515463917526,0.9,0.8663101604278075,0.7280701754385965,0.515527950310559,0.6036363636363636,0.7748815165876777,0.7482837528604119,0.7613504074505238,0.8779244845957841,0.8416907932831499,0.8272727272727273,0.7982456140350878,0.8125,0.861878453038674,0.8571428571428571,0.8595041322314049,0.7208237986270023,0.6938325991189427,0.7070707070707071,0.9208556149732621,0.9091869060190074,0.9149840595111584,0.9385245901639344,0.9423868312757202,0.9404517453798769,0.8721311475409836,0.8778877887788779,0.875,0.7393767705382436,0.7565217391304347,0.7478510028653295,0.8825561312607945,0.904424778761062,0.8933566433566434,0.7939560439560439,0.8005540166204986,0.7972413793103449,0.9353448275862069,0.9333333333333333,0.9343379978471474,0.9310344827586207,0.9138461538461539,0.922360248447205,0.75,0.759493670886076,0.7547169811320755,0.9207708779443254,0.9033613445378151,0.911983032873807,0.944,0.9516129032258065,0.9477911646586344,0.7890365448504983,0.7636655948553055,0.7761437908496731,0.869980879541109,0.8733205374280231,0.8716475095785441,0.7422680412371134,0.6605504587155964,0.6990291262135923,0.7567567567567568,0.5490196078431373,0.6363636363636364,0.8587570621468926,0.8636363636363636,0.8611898016997167,0.6702702702702703,0.6775956284153005,0.6739130434782608,0.3793103448275862,0.3235294117647059,0.3492063492063492,0.7684210526315789,0.6952380952380952,0.73,0.09734513274336283,0.3793103448275862,0.15492957746478875,0.9272727272727272,0.8095238095238095,0.864406779661017,0.5714285714285714,0.5333333333333333,0.5517241379310344,0.16666666666666666,0.17647058823529413,0.17142857142857143,0.6451612903225806,0.5263157894736842,0.5797101449275363,0.625,0.3125,0.4166666666666667,0.8113207547169812,0.8431372549019608,0.826923076923077,0.918918918918919,0.8717948717948718,0.8947368421052632,0.0,0.0,0.0,0.0,0.0,0.0,0.0,0.0,0.0,18,dacy_small,Female names,0
19,1.4841246604919434,0.9991536814855378,0.9965181058495822,0.9961217183770883,0.9963198726874876,0.0,0.9777445855115758,0.7582417582417582,0.7419354838709677,0.75,0.6507936507936508,0.6776859504132231,0.6639676113360324,0.7280701754385965,0.8645833333333334,0.7904761904761906,0.8512820512820513,0.9222222222222223,0.8853333333333334,0.7477477477477478,0.515527950310559,0.6102941176470588,0.7904761904761904,0.7597254004576659,0.7747957992998833,0.8751233671988388,0.8393800429558252,0.8141592920353983,0.8070175438596491,0.8105726872246696,0.8677839851024208,0.8534798534798534,0.8605724838411819,0.7107623318385651,0.698237885462555,0.7044444444444445,0.9166666666666666,0.9060190073917634,0.911311736590547,0.9369369369369369,0.9411764705882353,0.9390519187358917,0.8580645161290322,0.8778877887788779,0.8678629690048938,0.7298850574712644,0.736231884057971,0.733044733044733,0.8775862068965518,0.9008849557522124,0.8890829694323144,0.7950481430536451,0.8005540166204986,0.7977915804002762,0.9333333333333333,0.9333333333333333,0.9333333333333333,0.9310344827586207,0.9138461538461539,0.922360248447205,0.75,0.759493670886076,0.7547169811320755,0.9217577706323687,0.9033613445378151,0.9124668435013262,0.9418837675350702,0.9475806451612904,0.9447236180904524,0.7919463087248322,0.7588424437299035,0.7750410509031198,0.8728323699421965,0.8694817658349329,0.8711538461538461,0.74,0.6788990825688074,0.7081339712918661,0.7368421052631579,0.5490196078431373,0.6292134831460675,0.864406779661017,0.8693181818181818,0.8668555240793201,0.648936170212766,0.6666666666666666,0.6576819407008085,0.41379310344827586,0.35294117647058826,0.38095238095238093,0.7741935483870968,0.6857142857142857,0.7272727272727272,0.08928571428571429,0.3448275862068966,0.14184397163120568,0.9107142857142857,0.8095238095238095,0.8571428571428571,0.5714285714285714,0.5333333333333333,0.5517241379310344,0.1111111111111111,0.11764705882352941,0.11428571428571428,0.6774193548387096,0.5526315789473685,0.6086956521739131,0.7142857142857143,0.3125,0.43478260869565216,0.8148148148148148,0.8627450980392157,0.838095238095238,0.918918918918919,0.8717948717948718,0.8947368421052632,0.0,0.0,0.0,0.0,0.0,0.0,0.0,0.0,0.0,19,dacy_small,Female names,0
0,1.947800874710083,0.9991542709317944,0.9963217019584452,0.9960246471874379,0.9961731524278118,0.0,0.978155943673185,0.7564102564102564,0.7401433691756273,0.7481884057971016,0.6377952755905512,0.6694214876033058,0.6532258064516129,0.7477477477477478,0.8645833333333334,0.8019323671497585,0.859375,0.9166666666666666,0.8870967741935484,0.7241379310344828,0.5217391304347826,0.6064981949458483,0.7923627684964201,0.7597254004576659,0.7757009345794393,0.875623622229957,0.8397911832946635,0.8303571428571429,0.8157894736842105,0.8230088495575222,0.8648148148148148,0.8553113553113553,0.8600368324125229,0.7175925925925926,0.6828193832599119,0.6997742663656885,0.9166666666666666,0.9060190073917634,0.911311736590547,0.933920704845815,0.933920704845815,0.933920704845815,0.8603896103896104,0.8745874587458746,0.867430441898527,0.74,0.7507246376811594,0.7453237410071943,0.8808290155440415,0.9026548672566371,0.8916083916083914,0.7933884297520661,0.7977839335180056,0.7955801104972376,0.9331896551724138,0.9311827956989247,0.9321851453175458,0.9278996865203761,0.9107692307692308,0.9192546583850931,0.7317073170731707,0.759493670886076,0.7453416149068323,0.9229122055674518,0.9054621848739496,0.9141039236479321,0.944,0.9516129032258065,0.9477911646586344,0.7871287128712872,0.7668810289389068,0.7768729641693811,0.869980879541109,0.8733205374280231,0.8716475095785441,0.72,0.6605504587155964,0.6889952153110047,0.7297297297297297,0.5294117647058824,0.6136363636363636,0.8587570621468926,0.8636363636363636,0.8611898016997167,0.6793478260869565,0.6830601092896175,0.6811989100817438,0.36666666666666664,0.3235294117647059,0.34375,0.75,0.6857142857142857,0.7164179104477612,0.09259259259259259,0.3448275862068966,0.14598540145985403,0.9107142857142857,0.8095238095238095,0.8571428571428571,0.5714285714285714,0.5333333333333333,0.5517241379310344,0.15789473684210525,0.17647058823529413,0.16666666666666669,0.6363636363636364,0.5526315789473685,0.5915492957746479,0.625,0.3125,0.4166666666666667,0.8113207547169812,0.8431372549019608,0.826923076923077,0.8947368421052632,0.8717948717948718,0.8831168831168831,0.0,0.0,0.0,0.0,0.0,0.0,0.0,0.0,0.0,0,dacy_small,Male names,1
1,1.5044867992401123,0.9991534286141128,0.9963180415961788,0.9960206923995225,0.996169344808716,0.0,0.9772376351048464,0.7454212454212454,0.7293906810035843,0.7373188405797103,0.632,0.6528925619834711,0.6422764227642277,0.7321428571428571,0.8541666666666666,0.7884615384615384,0.8489583333333334,0.9055555555555556,0.8763440860215055,0.7094017094017094,0.515527950310559,0.5971223021582734,0.7790973871733967,0.7505720823798627,0.7645687645687645,0.8754138351629204,0.8395377199605087,0.8125,0.7982456140350878,0.8053097345132744,0.8616236162361623,0.8553113553113553,0.8584558823529411,0.7171945701357466,0.698237885462555,0.7075892857142857,0.9195278969957081,0.9049630411826821,0.912187333688132,0.926605504587156,0.9308755760368663,0.9287356321839081,0.8576051779935275,0.8745874587458746,0.866013071895425,0.7321937321937322,0.744927536231884,0.7385057471264367,0.8808290155440415,0.9026548672566371,0.8916083916083914,0.7967032967032966,0.8033240997229917,0.7999999999999999,0.9352051835853131,0.9311827956989247,0.9331896551724138,0.9310344827586207,0.9138461538461539,0.922360248447205,0.7317073170731707,0.759493670886076,0.7453416149068323,0.9207708779443254,0.9033613445378151,0.911983032873807,0.9438877755511023,0.9495967741935484,0.9467336683417086,0.7890365448504983,0.7636655948553055,0.7761437908496731,0.8747591522157996,0.8714011516314779,0.8730769230769231,0.7346938775510204,0.6605504587155964,0.6956521739130436,0.7714285714285715,0.5294117647058824,0.627906976744186,0.8539325842696629,0.8636363636363636,0.8587570621468926,0.6684782608695652,0.6721311475409836,0.670299727520436,0.3793103448275862,0.3235294117647059,0.3492063492063492,0.7684210526315789,0.6952380952380952,0.73,0.08403361344537816,0.3448275862068966,0.13513513513513514,0.9444444444444444,0.8095238095238095,0.8717948717948718,0.6153846153846154,0.5333333333333333,0.5714285714285715,0.1875,0.17647058823529413,0.1818181818181818,0.7,0.5526315789473685,0.6176470588235295,0.7142857142857143,0.3125,0.43478260869565216,0.7924528301886793,0.8235294117647058,0.8076923076923077,0.8947368421052632,0.8717948717948718,0.8831168831168831,0.0,0.0,0.0,0.0,0.0,0.0,0.0,0.0,0.0,1,dacy_small,Male names,1
2,1.5428388118743896,0.9991541026023785,0.9963209704683306,0.9960238568588469,0.9961723915096684,0.0,0.9781515950828646,0.7445255474452555,0.7311827956989247,0.7377938517179023,0.6612903225806451,0.6776859504132231,0.6693877551020408,0.7192982456140351,0.8541666666666666,0.7809523809523811,0.8429319371727748,0.8944444444444445,0.8679245283018867,0.6974789915966386,0.515527950310559,0.5928571428571429,0.7688679245283019,0.7459954233409611,0.7572590011614403,0.8781337047353761,0.8418243008007428,0.7982456140350878,0.7982456140350878,0.7982456140350878,0.8706099815157117,0.8626373626373627,0.8666053357865685,0.7110609480812641,0.6938325991189427,0.7023411371237457,0.9188034188034188,0.9081309398099261,0.9134360063728093,0.9464285714285714,0.9422222222222222,0.9443207126948775,0.8664495114006515,0.8778877887788779,0.8721311475409835,0.7386363636363636,0.7536231884057971,0.7460545193687231,0.8871527777777778,0.904424778761062,0.8957055214723927,0.7958620689655173,0.7991689750692521,0.7975120939875605,0.9313304721030042,0.9333333333333333,0.9323308270676692,0.9310344827586207,0.9138461538461539,0.922360248447205,0.7283950617283951,0.7468354430379747,0.7374999999999999,0.9219251336898395,0.9054621848739496,0.913619501854796,0.944,0.9516129032258065,0.9477911646586344,0.7929883138564274,0.7636655948553055,0.7780507780507782,0.8764478764478765,0.8714011516314779,0.8739172281039461,0.74,0.6788990825688074,0.7081339712918661,0.7368421052631579,0.5490196078431373,0.6292134831460675,0.8587570621468926,0.8636363636363636,0.8611898016997167,0.6631016042780749,0.6775956284153005,0.6702702702702703,0.42857142857142855,0.35294117647058826,0.3870967741935484,0.7956989247311828,0.7047619047619048,0.7474747474747475,0.08928571428571429,0.3448275862068966,0.14184397163120568,0.9444444444444444,0.8095238095238095,0.8717948717948718,0.5714285714285714,0.5333333333333333,0.5517241379310344,0.17647058823529413,0.17647058823529413,0.17647058823529413,0.59375,0.5,0.5428571428571428,0.7142857142857143,0.3125,0.43478260869565216,0.8,0.8627450980392157,0.8301886792452831,0.918918918918919,0.8717948717948718,0.8947368421052632,0.0,0.0,0.0,0.0,0.0,0.0,0.0,0.0,0.0,2,dacy_small,Male names,1
3,1.5628783702850342,0.9991058122205663,0.99622791344054,0.9958325064496923,0.9960301707026596,0.0,0.9776916579718786,0.7587476979742173,0.7383512544802867,0.7484105358764759,0.6456692913385826,0.6776859504132231,0.6612903225806451,0.7545454545454545,0.8645833333333334,0.8058252427184466,0.8350515463917526,0.9,0.8663101604278075,0.7589285714285714,0.5279503105590062,0.6227106227106226,0.7932692307692307,0.7551487414187643,0.7737397420867526,0.8760856977417486,0.8398564150069477,0.8053097345132744,0.7982456140350878,0.8017621145374448,0.8687615526802218,0.8608058608058609,0.8647654093836247,0.7168949771689498,0.6916299559471366,0.7040358744394618,0.9187165775401069,0.9070749736008448,0.9128586609989373,0.9297520661157025,0.9259259259259259,0.9278350515463917,0.8721311475409836,0.8778877887788779,0.875,0.7337110481586402,0.7507246376811594,0.7421203438395414,0.8760757314974182,0.9008849557522124,0.8883071553228621,0.7972413793103448,0.8005540166204986,0.7988942639944714,0.9392624728850325,0.9311827956989247,0.9352051835853132,0.9341692789968652,0.916923076923077,0.9254658385093169,0.7468354430379747,0.7468354430379747,0.7468354430379747,0.9165775401069519,0.9002100840336135,0.908320084790673,0.9438877755511023,0.9495967741935484,0.9467336683417086,0.7886855241264559,0.7620578778135049,0.7751430907604252,0.8714011516314779,0.8714011516314779,0.8714011516314779,0.7272727272727273,0.6605504587155964,0.6923076923076923,0.7435897435897436,0.5686274509803921,0.6444444444444445,0.8595505617977528,0.8693181818181818,0.864406779661017,0.6451612903225806,0.6557377049180327,0.6504065040650406,0.42857142857142855,0.35294117647058826,0.3870967741935484,0.7789473684210526,0.7047619047619048,0.74,0.09482758620689655,0.3793103448275862,0.15172413793103445,0.9272727272727272,0.8095238095238095,0.864406779661017,0.5714285714285714,0.5333333333333333,0.5517241379310344,0.17647058823529413,0.17647058823529413,0.17647058823529413,0.625,0.5263157894736842,0.5714285714285714,0.7142857142857143,0.3125,0.43478260869565216,0.8,0.8627450980392157,0.8301886792452831,0.918918918918919,0.8717948717948718,0.8947368421052632,0.0,0.0,0.0,0.0,0.0,0.0,0.0,0.0,0.0,3,dacy_small,Male names,1
4,1.535343885421753,0.99915611814346,0.9963297291935324,0.996033320111067,0.9961815026035209,0.0,0.9779057643612532,0.7486238532110092,0.7311827956989247,0.7398005439709882,0.6356589147286822,0.6776859504132231,0.656,0.7387387387387387,0.8541666666666666,0.7922705314009663,0.8609625668449198,0.8944444444444445,0.8773841961852862,0.7033898305084746,0.515527950310559,0.5949820788530464,0.7836538461538461,0.7459954233409611,0.7643610785463071,0.877662037037037,0.8416849901631754,0.8125,0.7982456140350878,0.8053097345132744,0.8634686346863468,0.8571428571428571,0.8602941176470588,0.7162471395881007,0.6894273127753304,0.702581369248036,0.920515574650913,0.9049630411826821,0.9126730564430244,0.943089430894309,0.9317269076305221,0.9373737373737374,0.8664495114006515,0.8778877887788779,0.8721311475409835,0.742296918767507,0.7681159420289855,0.754985754985755,0.8856152512998267,0.904424778761062,0.8949211908931698,0.7958620689655173,0.7991689750692521,0.7975120939875605,0.935064935064935,0.9290322580645162,0.9320388349514563,0.9310344827586207,0.9138461538461539,0.922360248447205,0.7468354430379747,0.7468354430379747,0.7468354430379747,0.9209401709401709,0.9054621848739496,0.9131355932203389,0.944,0.9516129032258065,0.9477911646586344,0.7877280265339967,0.7636655948553055,0.7755102040816326,0.8718929254302104,0.8752399232245681,0.8735632183908045,0.7524752475247525,0.6972477064220184,0.7238095238095238,0.7368421052631579,0.5490196078431373,0.6292134831460675,0.8587570621468926,0.8636363636363636,0.8611898016997167,0.6612021857923497,0.6612021857923497,0.6612021857923497,0.42857142857142855,0.35294117647058826,0.3870967741935484,0.776595744680851,0.6952380952380952,0.7336683417085427,0.09401709401709402,0.3793103448275862,0.1506849315068493,0.9622641509433962,0.8095238095238095,0.8793103448275862,0.5714285714285714,0.5333333333333333,0.5517241379310344,0.2,0.17647058823529413,0.18750000000000003,0.6470588235294118,0.5789473684210527,0.6111111111111113,0.625,0.3125,0.4166666666666667,0.7857142857142857,0.8627450980392157,0.8224299065420562,0.918918918918919,0.8717948717948718,0.8947368421052632,0.0,0.0,0.0,0.0,0.0,0.0,0.0,0.0,0.0,4,dacy_small,Male names,1
5,1.8571557998657227,0.9991529224176591,0.9965149855620831,0.9961182442520156,0.9963165754106522,0.0,0.9775252902775701,0.7532228360957642,0.7329749103942652,0.7429609445958218,0.6349206349206349,0.6611570247933884,0.6477732793522267,0.7545454545454545,0.8645833333333334,0.8058252427184466,0.8624338624338624,0.9055555555555556,0.8834688346883468,0.7033898305084746,0.515527950310559,0.5949820788530464,0.7889688249400479,0.7528604118993135,0.7704918032786886,0.8766056378959606,0.8408205962689603,0.8125,0.7982456140350878,0.8053097345132744,0.8621323529411765,0.8589743589743589,0.8605504587155963,0.7155756207674944,0.698237885462555,0.7068004459308806,0.9187165775401069,0.9070749736008448,0.9128586609989373,0.9380952380952381,0.9292452830188679,0.933649289099526,0.8701298701298701,0.8844884488448845,0.8772504091653028,0.7303370786516854,0.7536231884057971,0.7417974322396577,0.8806228373702422,0.9008849557522124,0.8906386701662292,0.7917241379310345,0.7950138504155124,0.7933655839668279,0.9352051835853131,0.9311827956989247,0.9331896551724138,0.9278996865203761,0.9107692307692308,0.9192546583850931,0.7317073170731707,0.759493670886076,0.7453416149068323,0.9229122055674518,0.9054621848739496,0.9141039236479321,0.942,0.9495967741935484,0.9457831325301205,0.7936241610738255,0.7604501607717041,0.7766830870279144,0.8766859344894027,0.8733205374280231,0.875,0.76,0.6972477064220184,0.7272727272727273,0.725,0.5686274509803921,0.6373626373626374,0.8587570621468926,0.8636363636363636,0.8611898016997167,0.6594594594594595,0.6666666666666666,0.6630434782608696,0.4642857142857143,0.38235294117647056,0.41935483870967744,0.7659574468085106,0.6857142857142857,0.7236180904522613,0.09649122807017543,0.3793103448275862,0.15384615384615383,0.9272727272727272,0.8095238095238095,0.864406779661017,0.5714285714285714,0.5333333333333333,0.5517241379310344,0.14285714285714285,0.11764705882352941,0.12903225806451615,0.6774193548387096,0.5526315789473685,0.6086956521739131,0.7142857142857143,0.3125,0.43478260869565216,0.8148148148148148,0.8627450980392157,0.838095238095238,0.918918918918919,0.8717948717948718,0.8947368421052632,0.0,0.0,0.0,0.0,0.0,0.0,0.0,0.0,0.0,5,dacy_small,Male names,1
6,1.4780628681182861,0.999106167444632,0.9964278626711649,0.995933749876029,0.9961807450027281,0.0,0.9770074986343545,0.7352941176470589,0.7168458781362007,0.7259528130671506,0.6074074074074074,0.6776859504132231,0.640625,0.7256637168141593,0.8541666666666666,0.784688995215311,0.8539325842696629,0.8444444444444444,0.8491620111731844,0.711864406779661,0.5217391304347826,0.6021505376344086,0.7775061124694377,0.7276887871853547,0.75177304964539,0.8759766190173042,0.8404606214918119,0.8157894736842105,0.8157894736842105,0.8157894736842104,0.861878453038674,0.8571428571428571,0.8595041322314049,0.7126696832579186,0.6938325991189427,0.703125,0.9195278969957081,0.9049630411826821,0.912187333688132,0.9300411522633745,0.9112903225806451,0.9205702647657841,0.86084142394822,0.8778877887788779,0.8692810457516339,0.7435897435897436,0.7565217391304347,0.7499999999999999,0.8810344827586207,0.904424778761062,0.8925764192139739,0.7933884297520661,0.7977839335180056,0.7955801104972376,0.937365010799136,0.9333333333333333,0.9353448275862069,0.93125,0.916923076923077,0.9240310077519381,0.725,0.7341772151898734,0.7295597484276729,0.9197860962566845,0.9033613445378151,0.9114997350291468,0.9438877755511023,0.9495967741935484,0.9467336683417086,0.7989949748743719,0.7668810289389068,0.782608695652174,0.8714011516314779,0.8714011516314779,0.8714011516314779,0.7281553398058253,0.6880733944954128,0.7075471698113208,0.725,0.5686274509803921,0.6373626373626374,0.8587570621468926,0.8636363636363636,0.8611898016997167,0.657608695652174,0.6612021857923497,0.659400544959128,0.39285714285714285,0.3235294117647059,0.3548387096774193,0.7684210526315789,0.6952380952380952,0.73,0.09009009009009009,0.3448275862068966,0.14285714285714285,0.9272727272727272,0.8095238095238095,0.864406779661017,0.5714285714285714,0.5333333333333333,0.5517241379310344,0.16666666666666666,0.17647058823529413,0.17142857142857143,0.6666666666666666,0.5789473684210527,0.619718309859155,0.7142857142857143,0.3125,0.43478260869565216,0.8269230769230769,0.8431372549019608,0.8349514563106797,0.8947368421052632,0.8717948717948718,0.8831168831168831,0.0,0.0,0.0,0.0,0.0,0.0,0.0,0.0,0.0,6,dacy_small,Male names,1
7,1.5214641094207764,0.9991560343543662,0.9965277777777778,0.9961324871082904,0.9963300932354692,0.0,0.977508564619433,0.7577981651376147,0.7401433691756273,0.7488667271078876,0.6484375,0.6859504132231405,0.6666666666666666,0.7217391304347827,0.8645833333333334,0.7867298578199053,0.8578947368421053,0.9055555555555556,0.8810810810810811,0.75,0.5217391304347826,0.6153846153846153,0.7913669064748201,0.7551487414187643,0.7728337236533959,0.8751157407407406,0.8387918065038767,0.8053097345132744,0.7982456140350878,0.8017621145374448,0.866913123844732,0.8589743589743589,0.8629254829806807,0.7116704805491991,0.6850220264317181,0.6980920314253648,0.9206008583690987,0.9060190073917634,0.9132517296434274,0.9473684210526315,0.9397590361445783,0.9435483870967742,0.86084142394822,0.8778877887788779,0.8692810457516339,0.7442528735632183,0.7507246376811594,0.7474747474747474,0.8760757314974182,0.9008849557522124,0.8883071553228621,0.7944827586206896,0.7977839335180056,0.7961299239806496,0.9352051835853131,0.9311827956989247,0.9331896551724138,0.928125,0.9138461538461539,0.9209302325581395,0.7228915662650602,0.759493670886076,0.7407407407407407,0.9166666666666666,0.9012605042016807,0.9088983050847457,0.9438877755511023,0.9495967741935484,0.9467336683417086,0.7853577371048253,0.7588424437299035,0.7718724448078496,0.8680688336520076,0.8714011516314779,0.8697318007662834,0.7156862745098039,0.6697247706422018,0.6919431279620853,0.7631578947368421,0.5686274509803921,0.651685393258427,0.8595505617977528,0.8693181818181818,0.864406779661017,0.6505376344086021,0.6612021857923497,0.6558265582655827,0.39285714285714285,0.3235294117647059,0.3548387096774193,0.7802197802197802,0.6761904761904762,0.7244897959183673,0.09009009009009009,0.3448275862068966,0.14285714285714285,0.9272727272727272,0.8095238095238095,0.864406779661017,0.5714285714285714,0.5333333333333333,0.5517241379310344,0.10526315789473684,0.11764705882352941,0.1111111111111111,0.6333333333333333,0.5,0.5588235294117647,0.5555555555555556,0.3125,0.39999999999999997,0.7962962962962963,0.8431372549019608,0.8190476190476189,0.8947368421052632,0.8717948717948718,0.8831168831168831,0.0,0.0,0.0,0.0,0.0,0.0,0.0,0.0,0.0,7,dacy_small,Male names,1
8,1.4751861095428467,0.9991538499825793,0.9963198726874876,0.9960226707765736,0.9961712495649147,0.0,0.9780455020660128,0.7583025830258303,0.7365591397849462,0.7472727272727274,0.6349206349206349,0.6611570247933884,0.6477732793522267,0.7477477477477478,0.8645833333333334,0.8019323671497585,0.8638743455497382,0.9166666666666666,0.889487870619946,0.7280701754385965,0.515527950310559,0.6036363636363636,0.7956730769230769,0.7574370709382151,0.7760844079718641,0.8744920469058399,0.8389830508474575,0.8053097345132744,0.7982456140350878,0.8017621145374448,0.8632162661737524,0.8553113553113553,0.8592456301747929,0.7146118721461188,0.6894273127753304,0.7017937219730942,0.9157782515991472,0.9070749736008448,0.9114058355437666,0.9279279279279279,0.9279279279279279,0.9279279279279279,0.8631921824104235,0.8745874587458746,0.8688524590163936,0.7344632768361582,0.7536231884057971,0.7439198855507869,0.8804159445407279,0.8991150442477877,0.8896672504378285,0.7983425414364641,0.8005540166204986,0.7994467496542186,0.9353448275862069,0.9333333333333333,0.9343379978471474,0.9310344827586207,0.9138461538461539,0.922360248447205,0.7407407407407407,0.759493670886076,0.75,0.9208556149732621,0.9044117647058824,0.9125596184419714,0.944,0.9516129032258065,0.9477911646586344,0.7866666666666666,0.7588424437299035,0.7725040916530278,0.8709055876685935,0.8675623800383877,0.8692307692307693,0.7474747474747475,0.6788990825688074,0.7115384615384616,0.7368421052631579,0.5490196078431373,0.6292134831460675,0.848314606741573,0.8579545454545454,0.8531073446327683,0.6542553191489362,0.6721311475409836,0.6630727762803235,0.4,0.35294117647058826,0.37500000000000006,0.782608695652174,0.6857142857142857,0.7309644670050761,0.09565217391304348,0.3793103448275862,0.15277777777777776,0.9444444444444444,0.8095238095238095,0.8717948717948718,0.5714285714285714,0.5333333333333333,0.5517241379310344,0.13333333333333333,0.11764705882352941,0.125,0.5625,0.47368421052631576,0.5142857142857142,0.7142857142857143,0.3125,0.43478260869565216,0.8113207547169812,0.8431372549019608,0.826923076923077,0.918918918918919,0.8717948717948718,0.8947368421052632,0.0,0.0,0.0,0.0,0.0,0.0,0.0,0.0,0.0,8,dacy_small,Male names,1
9,1.7456870079040527,0.9991549435800566,0.9965232939306645,0.9961274947870122,0.996325355050154,0.0,0.9778772060651255,0.7454212454212454,0.7293906810035843,0.7373188405797103,0.6456692913385826,0.6776859504132231,0.6612903225806451,0.7431192660550459,0.84375,0.7902439024390244,0.8465608465608465,0.8888888888888888,0.8672086720867208,0.6942148760330579,0.5217391304347826,0.5957446808510638,0.7756563245823389,0.7437070938215103,0.7593457943925235,0.8767456684244075,0.8416478359116982,0.8125,0.7982456140350878,0.8053097345132744,0.8671586715867159,0.8608058608058609,0.8639705882352942,0.7204545454545455,0.698237885462555,0.7091722595078299,0.9210245464247598,0.91129883843717,0.9161358811040339,0.9316239316239316,0.923728813559322,0.9276595744680851,0.8721311475409836,0.8778877887788779,0.875,0.7363896848137536,0.744927536231884,0.7406340057636888,0.8810344827586207,0.904424778761062,0.8925764192139739,0.7958620689655173,0.7991689750692521,0.7975120939875605,0.9372294372294372,0.9311827956989247,0.9341963322545846,0.93125,0.916923076923077,0.9240310077519381,0.7407407407407407,0.759493670886076,0.75,0.9211087420042644,0.907563025210084,0.9142857142857144,0.942,0.9495967741935484,0.9457831325301205,0.7909698996655519,0.7604501607717041,0.7754098360655738,0.877906976744186,0.8694817658349329,0.8736740597878495,0.7307692307692307,0.6972477064220184,0.7136150234741785,0.7567567567567568,0.5490196078431373,0.6363636363636364,0.8595505617977528,0.8693181818181818,0.864406779661017,0.6594594594594595,0.6666666666666666,0.6630434782608696,0.4,0.35294117647058826,0.37500000000000006,0.7956989247311828,0.7047619047619048,0.7474747474747475,0.08695652173913043,0.3448275862068966,0.1388888888888889,0.9272727272727272,0.8095238095238095,0.864406779661017,0.5714285714285714,0.5333333333333333,0.5517241379310344,0.1875,0.17647058823529413,0.1818181818181818,0.6285714285714286,0.5789473684210527,0.6027397260273972,0.625,0.3125,0.4166666666666667,0.8113207547169812,0.8431372549019608,0.826923076923077,0.918918918918919,0.8717948717948718,0.8947368421052632,0.0,0.0,0.0,0.0,0.0,0.0,0.0,0.0,0.0,9,dacy_small,Male names,1
10,1.509861707687378,0.9991547755183215,0.9965226030799801,0.9961267255934055,0.9963246250124168,0.0,0.9776739098006066,0.7440585009140768,0.7293906810035843,0.7366515837104074,0.6349206349206349,0.6611570247933884,0.6477732793522267,0.7410714285714286,0.8645833333333334,0.7980769230769232,0.8602150537634409,0.8888888888888888,0.8743169398907102,0.6829268292682927,0.5217391304347826,0.5915492957746479,0.7767220902612827,0.7482837528604119,0.7622377622377623,0.8740362877514347,0.8389265634962035,0.8214285714285714,0.8070175438596491,0.8141592920353982,0.8637200736648251,0.8589743589743589,0.8613406795224977,0.7015590200445434,0.6938325991189427,0.6976744186046511,0.9216738197424893,0.9070749736008448,0.9143161255987227,0.9313304721030042,0.9273504273504274,0.9293361884368307,0.8603896103896104,0.8745874587458746,0.867430441898527,0.7385057471264368,0.744927536231884,0.7417027417027416,0.8773747841105354,0.8991150442477877,0.8881118881118881,0.7944827586206896,0.7977839335180056,0.7961299239806496,0.9329004329004329,0.9268817204301075,0.9298813376483279,0.9310344827586207,0.9138461538461539,0.922360248447205,0.7176470588235294,0.7721518987341772,0.7439024390243902,0.9187165775401069,0.9023109243697479,0.9104398516163221,0.9438877755511023,0.9495967741935484,0.9467336683417086,0.7883333333333333,0.7604501607717041,0.774140752864157,0.8781431334622823,0.8714011516314779,0.8747591522157996,0.7474747474747475,0.6788990825688074,0.7115384615384616,0.75,0.5294117647058824,0.6206896551724139,0.8539325842696629,0.8636363636363636,0.8587570621468926,0.656084656084656,0.6775956284153005,0.6666666666666665,0.3793103448275862,0.3235294117647059,0.3492063492063492,0.776595744680851,0.6952380952380952,0.7336683417085427,0.09009009009009009,0.3448275862068966,0.14285714285714285,0.9272727272727272,0.8095238095238095,0.864406779661017,0.5714285714285714,0.5333333333333333,0.5517241379310344,0.17647058823529413,0.17647058823529413,0.17647058823529413,0.6206896551724138,0.47368421052631576,0.5373134328358208,0.625,0.3125,0.4166666666666667,0.7962962962962963,0.8431372549019608,0.8190476190476189,0.8947368421052632,0.8717948717948718,0.8831168831168831,0.0,0.0,0.0,0.0,0.0,0.0,0.0,0.0,0.0,10,dacy_small,Male names,1
11,1.479705810546875,0.9991534286141128,0.9965170663747637,0.9961205610265592,0.9963187742513183,0.0,0.9777379351561333,0.7454212454212454,0.7293906810035843,0.7373188405797103,0.6428571428571429,0.6694214876033058,0.6558704453441295,0.7217391304347827,0.8645833333333334,0.7867298578199053,0.8481675392670157,0.9,0.8733153638814016,0.7105263157894737,0.5031055900621118,0.589090909090909,0.7761904761904762,0.7459954233409611,0.7607934655775963,0.8761252105232592,0.8399047674351083,0.8125,0.7982456140350878,0.8053097345132744,0.866913123844732,0.8589743589743589,0.8629254829806807,0.7126696832579186,0.6938325991189427,0.703125,0.9216738197424893,0.9070749736008448,0.9143161255987227,0.918552036199095,0.9311926605504587,0.9248291571753986,0.8668831168831169,0.8811881188118812,0.8739770867430442,0.7421203438395415,0.7507246376811594,0.7463976945244956,0.8788927335640139,0.8991150442477877,0.888888888888889,0.7920110192837465,0.796398891966759,0.7941988950276242,0.9334763948497854,0.9354838709677419,0.9344790547798066,0.93125,0.916923076923077,0.9240310077519381,0.7317073170731707,0.759493670886076,0.7453416149068323,0.9227467811158798,0.9033613445378151,0.9129511677282378,0.944,0.9516129032258065,0.9477911646586344,0.7873754152823921,0.7620578778135049,0.7745098039215687,0.8776699029126214,0.8675623800383877,0.8725868725868727,0.74,0.6788990825688074,0.7081339712918661,0.7567567567567568,0.5490196078431373,0.6363636363636364,0.8491620111731844,0.8636363636363636,0.8563380281690139,0.657608695652174,0.6612021857923497,0.659400544959128,0.4,0.35294117647058826,0.37500000000000006,0.7872340425531915,0.7047619047619048,0.7437185929648242,0.08620689655172414,0.3448275862068966,0.13793103448275862,0.9272727272727272,0.8095238095238095,0.864406779661017,0.5714285714285714,0.5333333333333333,0.5517241379310344,0.15,0.17647058823529413,0.16216216216216214,0.6896551724137931,0.5263157894736842,0.5970149253731344,0.7142857142857143,0.3125,0.43478260869565216,0.8113207547169812,0.8431372549019608,0.826923076923077,0.918918918918919,0.8717948717948718,0.8947368421052632,0.0,0.0,0.0,0.0,0.0,0.0,0.0,0.0,0.0,11,dacy_small,Male names,1
12,1.4944703578948975,0.9991551115749714,0.9965239845069024,0.9961282636751713,0.9963260847979347,0.0,0.9776827874148815,0.7555555555555555,0.7311827956989247,0.7431693989071038,0.6587301587301587,0.6859504132231405,0.6720647773279352,0.7217391304347827,0.8645833333333334,0.7867298578199053,0.8641304347826086,0.8833333333333333,0.8736263736263735,0.7217391304347827,0.515527950310559,0.6014492753623188,0.785024154589372,0.7437070938215103,0.763807285546416,0.8775853079195874,0.8420320917569368,0.8,0.8070175438596491,0.8034934497816594,0.8639705882352942,0.8608058608058609,0.8623853211009174,0.7214611872146118,0.6960352422907489,0.7085201793721972,0.9195278969957081,0.9049630411826821,0.912187333688132,0.9324894514767933,0.9285714285714286,0.9305263157894738,0.8668831168831169,0.8811881188118812,0.8739770867430442,0.7485714285714286,0.7594202898550725,0.753956834532374,0.8810344827586207,0.904424778761062,0.8925764192139739,0.7928176795580111,0.7950138504155124,0.7939142461964039,0.9395248380129589,0.9354838709677419,0.9375,0.9373040752351097,0.92,0.9285714285714286,0.7564102564102564,0.7468354430379747,0.751592356687898,0.9210245464247598,0.9065126050420168,0.9137109581789306,0.942,0.9495967741935484,0.9457831325301205,0.7963272120200334,0.7668810289389068,0.7813267813267813,0.8745173745173745,0.8694817658349329,0.8719923002887392,0.7326732673267327,0.6788990825688074,0.7047619047619047,0.725,0.5686274509803921,0.6373626373626374,0.8651685393258427,0.875,0.8700564971751412,0.6631016042780749,0.6775956284153005,0.6702702702702703,0.42857142857142855,0.35294117647058826,0.3870967741935484,0.776595744680851,0.6952380952380952,0.7336683417085427,0.08403361344537816,0.3448275862068966,0.13513513513513514,0.9622641509433962,0.8095238095238095,0.8793103448275862,0.6153846153846154,0.5333333333333333,0.5714285714285715,0.16666666666666666,0.17647058823529413,0.17142857142857143,0.65625,0.5526315789473685,0.6,0.7142857142857143,0.3125,0.43478260869565216,0.7962962962962963,0.8431372549019608,0.8190476190476189,0.918918918918919,0.8717948717948718,0.8947368421052632,0.0,0.0,0.0,0.0,0.0,0.0,0.0,0.0,0.0,12,dacy_small,Male names,1
13,1.476508617401123,0.9991032283778398,0.9964161274265804,0.9959203980099502,0.9961682010450361,0.0,0.9776294155747097,0.7435897435897436,0.7275985663082437,0.7355072463768115,0.627906976744186,0.6694214876033058,0.648,0.7477477477477478,0.8645833333333334,0.8019323671497585,0.8586956521739131,0.8777777777777778,0.868131868131868,0.6885245901639344,0.5217391304347826,0.5936395759717314,0.7793764988009593,0.7437070938215103,0.7611241217798597,0.8772582050537322,0.8411453795667074,0.8125,0.7982456140350878,0.8053097345132744,0.8637200736648251,0.8589743589743589,0.8613406795224977,0.7159353348729792,0.6828193832599119,0.6989853438556933,0.9215896885069818,0.9060190073917634,0.9137380191693291,0.9216589861751152,0.9302325581395349,0.9259259259259259,0.86084142394822,0.8778877887788779,0.8692810457516339,0.7386363636363636,0.7536231884057971,0.7460545193687231,0.8844827586206897,0.9079646017699115,0.8960698689956332,0.7961432506887053,0.8005540166204986,0.7983425414364641,0.9331896551724138,0.9311827956989247,0.9321851453175458,0.9341692789968652,0.916923076923077,0.9254658385093169,0.75,0.759493670886076,0.7547169811320755,0.9217577706323687,0.9033613445378151,0.9124668435013262,0.944,0.9516129032258065,0.9477911646586344,0.7906976744186046,0.7652733118971061,0.7777777777777778,0.869980879541109,0.8733205374280231,0.8716475095785441,0.7745098039215687,0.7247706422018348,0.7488151658767772,0.7567567567567568,0.5490196078431373,0.6363636363636364,0.8539325842696629,0.8636363636363636,0.8587570621468926,0.6648648648648648,0.6721311475409836,0.6684782608695652,0.42857142857142855,0.35294117647058826,0.3870967741935484,0.776595744680851,0.6952380952380952,0.7336683417085427,0.08695652173913043,0.3448275862068966,0.1388888888888889,0.9444444444444444,0.8095238095238095,0.8717948717948718,0.6153846153846154,0.5333333333333333,0.5714285714285715,0.15,0.17647058823529413,0.16216216216216214,0.6666666666666666,0.5263157894736842,0.5882352941176471,0.7142857142857143,0.3125,0.43478260869565216,0.8148148148148148,0.8627450980392157,0.838095238095238,0.918918918918919,0.8717948717948718,0.8947368421052632,0.0,0.0,0.0,0.0,0.0,0.0,0.0,0.0,0.0,13,dacy_small,Male names,1
14,1.5040538311004639,0.9991550275858642,0.9965236392530791,0.9961278792692613,0.9963257199602781,0.0,0.9770840582591838,0.7527472527472527,0.7365591397849462,0.7445652173913043,0.6456692913385826,0.6776859504132231,0.6612903225806451,0.7130434782608696,0.8541666666666666,0.7772511848341233,0.8638743455497382,0.9166666666666666,0.889487870619946,0.7256637168141593,0.5093167701863354,0.5985401459854014,0.7852028639618138,0.7528604118993135,0.7686915887850466,0.8753404810199942,0.83884800370864,0.8141592920353983,0.8070175438596491,0.8105726872246696,0.8634686346863468,0.8571428571428571,0.8602941176470588,0.7188940092165899,0.6872246696035242,0.7027027027027026,0.9186295503211992,0.9060190073917634,0.9122807017543859,0.9364406779661016,0.9324894514767933,0.9344608879492601,0.8660130718954249,0.8745874587458746,0.8702791461412152,0.74,0.7507246376811594,0.7453237410071943,0.8823529411764706,0.9026548672566371,0.8923884514435694,0.7933884297520661,0.7977839335180056,0.7955801104972376,0.9331896551724138,0.9311827956989247,0.9321851453175458,0.9310344827586207,0.9138461538461539,0.922360248447205,0.7375,0.7468354430379747,0.7421383647798743,0.9185423365487674,0.9002100840336135,0.9092838196286472,0.944,0.9516129032258065,0.9477911646586344,0.7794361525704809,0.7556270096463023,0.7673469387755102,0.8664122137404581,0.8714011516314779,0.8688995215311006,0.7425742574257426,0.6880733944954128,0.7142857142857144,0.7368421052631579,0.5490196078431373,0.6292134831460675,0.8595505617977528,0.8693181818181818,0.864406779661017,0.6648648648648648,0.6721311475409836,0.6684782608695652,0.3870967741935484,0.35294117647058826,0.36923076923076925,0.782608695652174,0.6857142857142857,0.7309644670050761,0.08620689655172414,0.3448275862068966,0.13793103448275862,0.9107142857142857,0.8095238095238095,0.8571428571428571,0.5714285714285714,0.5333333333333333,0.5517241379310344,0.125,0.11764705882352941,0.12121212121212122,0.5757575757575758,0.5,0.5352112676056339,0.7142857142857143,0.3125,0.43478260869565216,0.8269230769230769,0.8431372549019608,0.8349514563106797,0.918918918918919,0.8717948717948718,0.8947368421052632,0.0,0.0,0.0,0.0,0.0,0.0,0.0,0.0,0.0,14,dacy_small,Male names,1
15,1.7489192485809326,0.9991035856573706,0.9964175539854712,0.9959220210861349,0.9961697259115554,0.0,0.9775387220479107,0.7490774907749077,0.7275985663082437,0.7381818181818182,0.6428571428571429,0.6694214876033058,0.6558704453441295,0.7345132743362832,0.8645833333333334,0.7942583732057416,0.851063829787234,0.8888888888888888,0.8695652173913044,0.7130434782608696,0.5093167701863354,0.5942028985507246,0.78125,0.7437070938215103,0.7620164126611959,0.8767855069097666,0.8411518810961449,0.8035714285714286,0.7894736842105263,0.7964601769911505,0.8639705882352942,0.8608058608058609,0.8623853211009174,0.7126436781609196,0.6828193832599119,0.6974128233970753,0.9196141479099679,0.9060190073917634,0.9127659574468086,0.9398148148148148,0.9269406392694064,0.9333333333333332,0.8664495114006515,0.8778877887788779,0.8721311475409835,0.7450424929178471,0.7623188405797101,0.7535816618911175,0.8773747841105354,0.8991150442477877,0.8881118881118881,0.7975206611570248,0.8019390581717452,0.7997237569060773,0.9375,0.9354838709677419,0.9364908503767491,0.925,0.9107692307692308,0.9178294573643411,0.75,0.759493670886076,0.7547169811320755,0.9220085470085471,0.9065126050420168,0.9141949152542374,0.944,0.9516129032258065,0.9477911646586344,0.7825370675453048,0.7636655948553055,0.772986167615948,0.8783783783783784,0.8733205374280231,0.8758421559191529,0.75,0.6880733944954128,0.7177033492822965,0.7073170731707317,0.5686274509803921,0.6304347826086957,0.8651685393258427,0.875,0.8700564971751412,0.6702702702702703,0.6775956284153005,0.6739130434782608,0.42857142857142855,0.35294117647058826,0.3870967741935484,0.776595744680851,0.6952380952380952,0.7336683417085427,0.08928571428571429,0.3448275862068966,0.14184397163120568,0.9622641509433962,0.8095238095238095,0.8793103448275862,0.5714285714285714,0.5333333333333333,0.5517241379310344,0.125,0.11764705882352941,0.12121212121212122,0.625,0.5263157894736842,0.5714285714285714,0.625,0.3125,0.4166666666666667,0.8148148148148148,0.8627450980392157,0.838095238095238,0.918918918918919,0.8717948717948718,0.8947368421052632,0.0,0.0,0.0,0.0,0.0,0.0,0.0,0.0,0.0,15,dacy_small,Male names,1
16,1.5090487003326416,0.9991544391942302,0.9963224331577378,0.9960254372019078,0.9961739130434782,0.0,0.9768668225461421,0.7495429616087751,0.7347670250896058,0.7420814479638008,0.6377952755905512,0.6694214876033058,0.6532258064516129,0.7387387387387387,0.8541666666666666,0.7922705314009663,0.8526315789473684,0.9,0.8756756756756757,0.7142857142857143,0.5279503105590062,0.6071428571428571,0.7833333333333333,0.7528604118993135,0.7677946324387398,0.8762180974477958,0.8393457835517921,0.8214285714285714,0.8070175438596491,0.8141592920353982,0.8632162661737524,0.8553113553113553,0.8592456301747929,0.7129840546697038,0.6894273127753304,0.7010078387458006,0.9172932330827067,0.9017951425554382,0.9094781682641109,0.9372197309417041,0.9126637554585153,0.9247787610619469,0.869281045751634,0.8778877887788779,0.8735632183908046,0.7464387464387464,0.7594202898550725,0.7528735632183908,0.8823529411764706,0.9026548672566371,0.8923884514435694,0.7936726272352133,0.7991689750692521,0.7964113181504486,0.9354838709677419,0.9354838709677419,0.9354838709677419,0.9252336448598131,0.9138461538461539,0.9195046439628483,0.7349397590361446,0.7721518987341772,0.7530864197530864,0.9217577706323687,0.9033613445378151,0.9124668435013262,0.944,0.9516129032258065,0.9477911646586344,0.7883333333333333,0.7604501607717041,0.774140752864157,0.8730769230769231,0.8714011516314779,0.87223823246878,0.7378640776699029,0.6972477064220184,0.7169811320754718,0.7,0.5490196078431373,0.6153846153846154,0.8579545454545454,0.8579545454545454,0.8579545454545454,0.6470588235294118,0.6612021857923497,0.654054054054054,0.4074074074074074,0.3235294117647059,0.36065573770491804,0.7741935483870968,0.6857142857142857,0.7272727272727272,0.0847457627118644,0.3448275862068966,0.13605442176870747,0.9444444444444444,0.8095238095238095,0.8717948717948718,0.5714285714285714,0.5333333333333333,0.5517241379310344,0.125,0.11764705882352941,0.12121212121212122,0.6363636363636364,0.5526315789473685,0.5915492957746479,0.7142857142857143,0.3125,0.43478260869565216,0.8,0.8627450980392157,0.8301886792452831,0.8947368421052632,0.8717948717948718,0.8831168831168831,0.0,0.0,0.0,0.0,0.0,0.0,0.0,0.0,0.0,16,dacy_small,Male names,1
17,1.5174579620361328,0.9991551955473835,0.9965243296921549,0.9961286480047647,0.9963264495631454,0.0,0.978181998906615,0.7541284403669725,0.7365591397849462,0.7452402538531278,0.6456692913385826,0.6776859504132231,0.6612903225806451,0.7477477477477478,0.8645833333333334,0.8019323671497585,0.8631578947368421,0.9111111111111111,0.8864864864864865,0.7008547008547008,0.5093167701863354,0.5899280575539567,0.7870813397129187,0.7528604118993135,0.7695906432748538,0.8752027809965237,0.8391843355347004,0.8035714285714286,0.7894736842105263,0.7964601769911505,0.8632162661737524,0.8553113553113553,0.8592456301747929,0.7146171693735499,0.6784140969162996,0.6960451977401131,0.9168443496801706,0.9081309398099261,0.9124668435013263,0.9208333333333333,0.9246861924686193,0.9227557411273487,0.8603896103896104,0.8745874587458746,0.867430441898527,0.7365439093484419,0.7536231884057971,0.7449856733524357,0.8791018998272885,0.9008849557522124,0.8898601398601399,0.7988904299583911,0.7977839335180056,0.7983367983367984,0.9333333333333333,0.9333333333333333,0.9333333333333333,0.9341692789968652,0.916923076923077,0.9254658385093169,0.7195121951219512,0.7468354430379747,0.732919254658385,0.9217577706323687,0.9033613445378151,0.9124668435013262,0.944,0.9516129032258065,0.9477911646586344,0.7851239669421488,0.7636655948553055,0.7742461287693563,0.8762088974854932,0.8694817658349329,0.8728323699421966,0.7378640776699029,0.6972477064220184,0.7169811320754718,0.7777777777777778,0.5490196078431373,0.6436781609195402,0.8491620111731844,0.8636363636363636,0.8563380281690139,0.648936170212766,0.6666666666666666,0.6576819407008085,0.39285714285714285,0.3235294117647059,0.3548387096774193,0.7525773195876289,0.6952380952380952,0.7227722772277226,0.08771929824561403,0.3448275862068966,0.13986013986013984,0.9272727272727272,0.8095238095238095,0.864406779661017,0.5714285714285714,0.5333333333333333,0.5517241379310344,0.17647058823529413,0.17647058823529413,0.17647058823529413,0.6551724137931034,0.5,0.5671641791044776,0.7142857142857143,0.3125,0.43478260869565216,0.8301886792452831,0.8627450980392157,0.8461538461538461,0.918918918918919,0.8717948717948718,0.8947368421052632,0.0,0.0,0.0,0.0,0.0,0.0,0.0,0.0,0.0,17,dacy_small,Male names,1
18,1.526322603225708,0.9991566205288486,0.9963319123624467,0.9960356788899901,0.996183773603608,0.0,0.9777204386443705,0.76007326007326,0.7437275985663082,0.7518115942028983,0.6612903225806451,0.6776859504132231,0.6693877551020408,0.7345132743362832,0.8645833333333334,0.7942583732057416,0.868421052631579,0.9166666666666666,0.8918918918918918,0.7142857142857143,0.5279503105590062,0.6071428571428571,0.7890995260663507,0.7620137299771167,0.7753201396973225,0.8751517955242005,0.8392020815264527,0.8141592920353983,0.8070175438596491,0.8105726872246696,0.8616236162361623,0.8553113553113553,0.8584558823529411,0.7204545454545455,0.698237885462555,0.7091722595078299,0.9204301075268817,0.9039070749736009,0.9120937666489078,0.9176470588235294,0.9176470588235294,0.9176470588235294,0.8594771241830066,0.8679867986798679,0.8637110016420362,0.7514285714285714,0.7623188405797101,0.7568345323741006,0.878682842287695,0.8973451327433628,0.8879159369527145,0.7958620689655173,0.7991689750692521,0.7975120939875605,0.937365010799136,0.9333333333333333,0.9353448275862069,0.925,0.9107692307692308,0.9178294573643411,0.7407407407407407,0.759493670886076,0.75,0.9207708779443254,0.9033613445378151,0.911983032873807,0.942,0.9495967741935484,0.9457831325301205,0.7872696817420436,0.7556270096463023,0.771123872026251,0.8685714285714285,0.8752399232245681,0.8718929254302102,0.7184466019417476,0.6788990825688074,0.6981132075471699,0.7567567567567568,0.5490196078431373,0.6363636363636364,0.8595505617977528,0.8693181818181818,0.864406779661017,0.6594594594594595,0.6666666666666666,0.6630434782608696,0.3548387096774194,0.3235294117647059,0.3384615384615384,0.7849462365591398,0.6952380952380952,0.7373737373737373,0.08547008547008547,0.3448275862068966,0.136986301369863,0.9272727272727272,0.8095238095238095,0.864406779661017,0.6153846153846154,0.5333333333333333,0.5714285714285715,0.125,0.11764705882352941,0.12121212121212122,0.6060606060606061,0.5263157894736842,0.5633802816901409,0.625,0.3125,0.4166666666666667,0.8113207547169812,0.8431372549019608,0.826923076923077,0.8947368421052632,0.8717948717948718,0.8831168831168831,0.0,0.0,0.0,0.0,0.0,0.0,0.0,0.0,0.0,18,dacy_small,Male names,1
19,1.7521021366119385,0.9991028708133971,0.9964146997311025,0.9959187736412503,0.996166674963907,0.0,0.977620495439366,0.7440585009140768,0.7293906810035843,0.7366515837104074,0.6428571428571429,0.6694214876033058,0.6558704453441295,0.7387387387387387,0.8541666666666666,0.7922705314009663,0.8429319371727748,0.8944444444444445,0.8679245283018867,0.6974789915966386,0.515527950310559,0.5928571428571429,0.7743467933491687,0.7459954233409611,0.7599067599067599,0.8756247820527723,0.8393770339377035,0.8214285714285714,0.8070175438596491,0.8141592920353982,0.8650646950092421,0.8571428571428571,0.8610855565777368,0.7201834862385321,0.6916299559471366,0.7056179775280899,0.9144385026737968,0.9028511087645196,0.9086078639744952,0.9282296650717703,0.919431279620853,0.9238095238095239,0.8636363636363636,0.8778877887788779,0.8707037643207856,0.7344632768361582,0.7536231884057971,0.7439198855507869,0.8808290155440415,0.9026548672566371,0.8916083916083914,0.7944827586206896,0.7977839335180056,0.7961299239806496,0.9329004329004329,0.9268817204301075,0.9298813376483279,0.9310344827586207,0.9138461538461539,0.922360248447205,0.75,0.759493670886076,0.7547169811320755,0.9207708779443254,0.9033613445378151,0.911983032873807,0.944,0.9516129032258065,0.9477911646586344,0.79,0.7620578778135049,0.7757774140752864,0.8764478764478765,0.8714011516314779,0.8739172281039461,0.75,0.6880733944954128,0.7177033492822965,0.717948717948718,0.5490196078431373,0.6222222222222223,0.8547486033519553,0.8693181818181818,0.8619718309859155,0.6648648648648648,0.6721311475409836,0.6684782608695652,0.4,0.35294117647058826,0.37500000000000006,0.776595744680851,0.6952380952380952,0.7336683417085427,0.08403361344537816,0.3448275862068966,0.13513513513513514,0.9107142857142857,0.8095238095238095,0.8571428571428571,0.5714285714285714,0.5333333333333333,0.5517241379310344,0.1,0.11764705882352941,0.1081081081081081,0.7,0.5526315789473685,0.6176470588235295,0.7142857142857143,0.3125,0.43478260869565216,0.8301886792452831,0.8627450980392157,0.8461538461538461,0.918918918918919,0.8717948717948718,0.8947368421052632,0.0,0.0,0.0,0.0,0.0,0.0,0.0,0.0,0.0,19,dacy_small,Male names,1
