,wall_time,token_acc,token_p,token_r,token_f,pos_acc,tag_acc,ents_p,ents_r,ents_f,ents_per_type_PER_p,ents_per_type_PER_r,ents_per_type_PER_f,ents_per_type_LOC_p,ents_per_type_LOC_r,ents_per_type_LOC_f,ents_per_type_MISC_p,ents_per_type_MISC_r,ents_per_type_MISC_f,ents_per_type_ORG_p,ents_per_type_ORG_r,ents_per_type_ORG_f,ents_excl_MISC_ents_p,ents_excl_MISC_ents_r,ents_excl_MISC_ents_f,dep_uas,dep_las,dep_las_per_type_nummod_p,dep_las_per_type_nummod_r,dep_las_per_type_nummod_f,dep_las_per_type_amod_p,dep_las_per_type_amod_r,dep_las_per_type_amod_f,dep_las_per_type_nmod_p,dep_las_per_type_nmod_r,dep_las_per_type_nmod_f,dep_las_per_type_nsubj_p,dep_las_per_type_nsubj_r,dep_las_per_type_nsubj_f,dep_las_per_type_flat_p,dep_las_per_type_flat_r,dep_las_per_type_flat_f,dep_las_per_type_cc_p,dep_las_per_type_cc_r,dep_las_per_type_cc_f,dep_las_per_type_conj_p,dep_las_per_type_conj_r,dep_las_per_type_conj_f,dep_las_per_type_root_p,dep_las_per_type_root_r,dep_las_per_type_root_f,dep_las_per_type_advmod_p,dep_las_per_type_advmod_r,dep_las_per_type_advmod_f,dep_las_per_type_mark_p,dep_las_per_type_mark_r,dep_las_per_type_mark_f,dep_las_per_type_aux_p,dep_las_per_type_aux_r,dep_las_per_type_aux_f,dep_las_per_type_ccomp_p,dep_las_per_type_ccomp_r,dep_las_per_type_ccomp_f,dep_las_per_type_case_p,dep_las_per_type_case_r,dep_las_per_type_case_f,dep_las_per_type_det_p,dep_las_per_type_det_r,dep_las_per_type_det_f,dep_las_per_type_obl_p,dep_las_per_type_obl_r,dep_las_per_type_obl_f,dep_las_per_type__p,dep_las_per_type__r,dep_las_per_type__f,dep_las_per_type_nmod:poss_p,dep_las_per_type_nmod:poss_r,dep_las_per_type_nmod:poss_f,dep_las_per_type_obj_p,dep_las_per_type_obj_r,dep_las_per_type_obj_f,dep_las_per_type_cop_p,dep_las_per_type_cop_r,dep_las_per_type_cop_f,dep_las_per_type_acl:relcl_p,dep_las_per_type_acl:relcl_r,dep_las_per_type_acl:relcl_f,dep_las_per_type_compound:prt_p,dep_las_per_type_compound:prt_r,dep_las_per_type_compound:prt_f,dep_las_per_type_advcl_p,dep_las_per_type_advcl_r,dep_las_per_type_advcl_f,dep_las_per_type_fixed_p,dep_las_per_type_fixed_r,dep_las_per_type_fixed_f,dep_las_per_type_iobj_p,dep_las_per_type_iobj_r,dep_las_per_type_iobj_f,dep_las_per_type_appos_p,dep_las_per_type_appos_r,dep_las_per_type_appos_f,dep_las_per_type_obl:tmod_p,dep_las_per_type_obl:tmod_r,dep_las_per_type_obl:tmod_f,dep_las_per_type_xcomp_p,dep_las_per_type_xcomp_r,dep_las_per_type_xcomp_f,dep_las_per_type_dep_p,dep_las_per_type_dep_r,dep_las_per_type_dep_f,dep_las_per_type_obl:loc_p,dep_las_per_type_obl:loc_r,dep_las_per_type_obl:loc_f,dep_las_per_type_expl_p,dep_las_per_type_expl_r,dep_las_per_type_expl_f,dep_las_per_type_list_p,dep_las_per_type_list_r,dep_las_per_type_list_f,dep_las_per_type_vocative_p,dep_las_per_type_vocative_r,dep_las_per_type_vocative_f,dep_las_per_type_discourse_p,dep_las_per_type_discourse_r,dep_las_per_type_discourse_f,dep_las_per_type_goeswith_p,dep_las_per_type_goeswith_r,dep_las_per_type_goeswith_f,k,model,augmenter,i
0,40.65115737915039,0.9991541026023785,0.9965198369295019,0.9961236457608588,0.996321701958445,0.0,0.0,0.8483412322274881,0.6415770609318996,0.7306122448979592,0.90625,0.9666666666666667,0.9354838709677419,0.7889908256880734,0.8958333333333334,0.8390243902439025,0.0,0.0,0.0,0.8099173553719008,0.6086956521739131,0.6950354609929078,0.8483412322274881,0.8192219679633868,0.8335273573923166,0.060213210478384314,0.0,0.0,0.0,0.0,0.0,0.0,0.0,0.0,0.0,0.0,0.0,0.0,0.0,0.0,0.0,0.0,0.0,0.0,0.0,0.0,0.0,0.0,0.0,0.0,0.0,0.0,0.0,0.0,0.0,0.0,0.0,0.0,0.0,0.0,0.0,0.0,0.0,0.0,0.0,0.0,0.0,0.0,0.0,0.0,0.0,0.0,0.0,0.0,0.0,0.0,0.0,0.0,0.0,0.0,0.0,0.0,0.0,0.0,0.0,0.0,0.0,0.0,0.0,0.0,0.0,0.0,0.0,0.0,0.0,0.0,0.0,0.0,0.0,0.0,0.0,0.0,0.0,0.0,0.0,0.0,0.0,0.0,0.0,0.0,0.0,0.0,0.0,0.0,0.0,0.0,0.0,0.0,0.0,0.0,0.0,0.0,0.0,0.0,0.0,0.0,0.0,0.0,0.0,0,danlp_bert,Female names,0
1,38.57967710494995,0.9991529224176591,0.9965149855620831,0.9961182442520156,0.9963165754106522,0.0,0.0,0.8452380952380952,0.6362007168458781,0.7259713701431493,0.9109947643979057,0.9666666666666667,0.9380053908355795,0.7818181818181819,0.8958333333333334,0.8349514563106797,0.0,0.0,0.0,0.7983193277310925,0.5900621118012422,0.6785714285714285,0.8452380952380952,0.8123569794050344,0.8284714119019837,0.06030366435967594,0.0,0.0,0.0,0.0,0.0,0.0,0.0,0.0,0.0,0.0,0.0,0.0,0.0,0.0,0.0,0.0,0.0,0.0,0.0,0.0,0.0,0.0,0.0,0.0,0.0,0.0,0.0,0.0,0.0,0.0,0.0,0.0,0.0,0.0,0.0,0.0,0.0,0.0,0.0,0.0,0.0,0.0,0.0,0.0,0.0,0.0,0.0,0.0,0.0,0.0,0.0,0.0,0.0,0.0,0.0,0.0,0.0,0.0,0.0,0.0,0.0,0.0,0.0,0.0,0.0,0.0,0.0,0.0,0.0,0.0,0.0,0.0,0.0,0.0,0.0,0.0,0.0,0.0,0.0,0.0,0.0,0.0,0.0,0.0,0.0,0.0,0.0,0.0,0.0,0.0,0.0,0.0,0.0,0.0,0.0,0.0,0.0,0.0,0.0,0.0,0.0,0.0,0.0,1,danlp_bert,Female names,0
2,38.2237389087677,0.9991549435800566,0.9965232939306645,0.9961274947870122,0.996325355050154,0.0,0.0,0.8581560283687943,0.6505376344086021,0.7400611620795107,0.921875,0.9833333333333333,0.9516129032258064,0.7962962962962963,0.8958333333333334,0.8431372549019608,0.0,0.0,0.0,0.8130081300813008,0.6211180124223602,0.704225352112676,0.8581560283687943,0.8306636155606407,0.8441860465116279,0.0601487665221812,0.0,0.0,0.0,0.0,0.0,0.0,0.0,0.0,0.0,0.0,0.0,0.0,0.0,0.0,0.0,0.0,0.0,0.0,0.0,0.0,0.0,0.0,0.0,0.0,0.0,0.0,0.0,0.0,0.0,0.0,0.0,0.0,0.0,0.0,0.0,0.0,0.0,0.0,0.0,0.0,0.0,0.0,0.0,0.0,0.0,0.0,0.0,0.0,0.0,0.0,0.0,0.0,0.0,0.0,0.0,0.0,0.0,0.0,0.0,0.0,0.0,0.0,0.0,0.0,0.0,0.0,0.0,0.0,0.0,0.0,0.0,0.0,0.0,0.0,0.0,0.0,0.0,0.0,0.0,0.0,0.0,0.0,0.0,0.0,0.0,0.0,0.0,0.0,0.0,0.0,0.0,0.0,0.0,0.0,0.0,0.0,0.0,0.0,0.0,0.0,0.0,0.0,0.0,2,danlp_bert,Female names,0
3,49.35772132873535,0.9991044776119402,0.9964211154190278,0.9959260731319555,0.9961735327734433,0.0,0.0,0.8439716312056738,0.6397849462365591,0.72782874617737,0.9057591623036649,0.9611111111111111,0.9326145552560646,0.7962962962962963,0.8958333333333334,0.8431372549019608,0.0,0.0,0.0,0.7903225806451613,0.6086956521739131,0.6877192982456141,0.8439716312056738,0.816933638443936,0.8302325581395348,0.06019708654670094,0.0,0.0,0.0,0.0,0.0,0.0,0.0,0.0,0.0,0.0,0.0,0.0,0.0,0.0,0.0,0.0,0.0,0.0,0.0,0.0,0.0,0.0,0.0,0.0,0.0,0.0,0.0,0.0,0.0,0.0,0.0,0.0,0.0,0.0,0.0,0.0,0.0,0.0,0.0,0.0,0.0,0.0,0.0,0.0,0.0,0.0,0.0,0.0,0.0,0.0,0.0,0.0,0.0,0.0,0.0,0.0,0.0,0.0,0.0,0.0,0.0,0.0,0.0,0.0,0.0,0.0,0.0,0.0,0.0,0.0,0.0,0.0,0.0,0.0,0.0,0.0,0.0,0.0,0.0,0.0,0.0,0.0,0.0,0.0,0.0,0.0,0.0,0.0,0.0,0.0,0.0,0.0,0.0,0.0,0.0,0.0,0.0,0.0,0.0,0.0,0.0,0.0,0.0,3,danlp_bert,Female names,0
4,55.04797863960266,0.9991540184125405,0.9965194908512331,0.9961232604373758,0.9963213362497515,0.0,0.0,0.850356294536817,0.6415770609318996,0.731358529111338,0.9157894736842105,0.9666666666666667,0.9405405405405406,0.7962962962962963,0.8958333333333334,0.8431372549019608,0.0,0.0,0.0,0.7967479674796748,0.6086956521739131,0.6901408450704225,0.850356294536817,0.8192219679633868,0.8344988344988344,0.060219662469863385,0.0,0.0,0.0,0.0,0.0,0.0,0.0,0.0,0.0,0.0,0.0,0.0,0.0,0.0,0.0,0.0,0.0,0.0,0.0,0.0,0.0,0.0,0.0,0.0,0.0,0.0,0.0,0.0,0.0,0.0,0.0,0.0,0.0,0.0,0.0,0.0,0.0,0.0,0.0,0.0,0.0,0.0,0.0,0.0,0.0,0.0,0.0,0.0,0.0,0.0,0.0,0.0,0.0,0.0,0.0,0.0,0.0,0.0,0.0,0.0,0.0,0.0,0.0,0.0,0.0,0.0,0.0,0.0,0.0,0.0,0.0,0.0,0.0,0.0,0.0,0.0,0.0,0.0,0.0,0.0,0.0,0.0,0.0,0.0,0.0,0.0,0.0,0.0,0.0,0.0,0.0,0.0,0.0,0.0,0.0,0.0,0.0,0.0,0.0,0.0,0.0,0.0,0.0,4,danlp_bert,Female names,0
5,56.20275163650513,0.9991532599491956,0.9965163730466806,0.9961197890757139,0.9963180415961788,0.0,0.0,0.851063829787234,0.6451612903225806,0.7339449541284404,0.9119170984455959,0.9777777777777777,0.9436997319034852,0.7889908256880734,0.8958333333333334,0.8390243902439025,0.0,0.0,0.0,0.8099173553719008,0.6086956521739131,0.6950354609929078,0.851063829787234,0.8237986270022883,0.8372093023255814,0.06027779267442484,0.0,0.0,0.0,0.0,0.0,0.0,0.0,0.0,0.0,0.0,0.0,0.0,0.0,0.0,0.0,0.0,0.0,0.0,0.0,0.0,0.0,0.0,0.0,0.0,0.0,0.0,0.0,0.0,0.0,0.0,0.0,0.0,0.0,0.0,0.0,0.0,0.0,0.0,0.0,0.0,0.0,0.0,0.0,0.0,0.0,0.0,0.0,0.0,0.0,0.0,0.0,0.0,0.0,0.0,0.0,0.0,0.0,0.0,0.0,0.0,0.0,0.0,0.0,0.0,0.0,0.0,0.0,0.0,0.0,0.0,0.0,0.0,0.0,0.0,0.0,0.0,0.0,0.0,0.0,0.0,0.0,0.0,0.0,0.0,0.0,0.0,0.0,0.0,0.0,0.0,0.0,0.0,0.0,0.0,0.0,0.0,0.0,0.0,0.0,0.0,0.0,0.0,0.0,5,danlp_bert,Female names,0
6,55.577595472335815,0.9991547755183215,0.9965226030799801,0.9961267255934055,0.9963246250124168,0.0,0.0,0.8439716312056738,0.6397849462365591,0.72782874617737,0.8923076923076924,0.9666666666666667,0.928,0.7962962962962963,0.8958333333333334,0.8431372549019608,0.0,0.0,0.0,0.8083333333333333,0.6024844720496895,0.6903914590747332,0.8439716312056738,0.816933638443936,0.8302325581395348,0.06016164427554461,0.0,0.0,0.0,0.0,0.0,0.0,0.0,0.0,0.0,0.0,0.0,0.0,0.0,0.0,0.0,0.0,0.0,0.0,0.0,0.0,0.0,0.0,0.0,0.0,0.0,0.0,0.0,0.0,0.0,0.0,0.0,0.0,0.0,0.0,0.0,0.0,0.0,0.0,0.0,0.0,0.0,0.0,0.0,0.0,0.0,0.0,0.0,0.0,0.0,0.0,0.0,0.0,0.0,0.0,0.0,0.0,0.0,0.0,0.0,0.0,0.0,0.0,0.0,0.0,0.0,0.0,0.0,0.0,0.0,0.0,0.0,0.0,0.0,0.0,0.0,0.0,0.0,0.0,0.0,0.0,0.0,0.0,0.0,0.0,0.0,0.0,0.0,0.0,0.0,0.0,0.0,0.0,0.0,0.0,0.0,0.0,0.0,0.0,0.0,0.0,0.0,0.0,0.0,6,danlp_bert,Female names,0
7,38.90607237815857,0.9991534286141128,0.9965170663747637,0.9961205610265592,0.9963187742513183,0.0,0.0,0.8483412322274881,0.6415770609318996,0.7306122448979592,0.9057591623036649,0.9611111111111111,0.9326145552560646,0.8037383177570093,0.8958333333333334,0.8472906403940886,0.0,0.0,0.0,0.7983870967741935,0.6149068322981367,0.6947368421052632,0.8483412322274881,0.8192219679633868,0.8335273573923166,0.06026486515468339,0.0,0.0,0.0,0.0,0.0,0.0,0.0,0.0,0.0,0.0,0.0,0.0,0.0,0.0,0.0,0.0,0.0,0.0,0.0,0.0,0.0,0.0,0.0,0.0,0.0,0.0,0.0,0.0,0.0,0.0,0.0,0.0,0.0,0.0,0.0,0.0,0.0,0.0,0.0,0.0,0.0,0.0,0.0,0.0,0.0,0.0,0.0,0.0,0.0,0.0,0.0,0.0,0.0,0.0,0.0,0.0,0.0,0.0,0.0,0.0,0.0,0.0,0.0,0.0,0.0,0.0,0.0,0.0,0.0,0.0,0.0,0.0,0.0,0.0,0.0,0.0,0.0,0.0,0.0,0.0,0.0,0.0,0.0,0.0,0.0,0.0,0.0,0.0,0.0,0.0,0.0,0.0,0.0,0.0,0.0,0.0,0.0,0.0,0.0,0.0,0.0,0.0,0.0,7,danlp_bert,Female names,0
8,38.427982807159424,0.9991539342059425,0.9963202386872203,0.9960230662159475,0.9961716302888679,0.0,0.0,0.8459715639810427,0.6397849462365591,0.7285714285714285,0.8958333333333334,0.9555555555555556,0.924731182795699,0.7962962962962963,0.8958333333333334,0.8431372549019608,0.0,0.0,0.0,0.8114754098360656,0.6149068322981367,0.6996466431095406,0.8459715639810427,0.816933638443936,0.8311990686845169,0.060232570601789825,0.0,0.0,0.0,0.0,0.0,0.0,0.0,0.0,0.0,0.0,0.0,0.0,0.0,0.0,0.0,0.0,0.0,0.0,0.0,0.0,0.0,0.0,0.0,0.0,0.0,0.0,0.0,0.0,0.0,0.0,0.0,0.0,0.0,0.0,0.0,0.0,0.0,0.0,0.0,0.0,0.0,0.0,0.0,0.0,0.0,0.0,0.0,0.0,0.0,0.0,0.0,0.0,0.0,0.0,0.0,0.0,0.0,0.0,0.0,0.0,0.0,0.0,0.0,0.0,0.0,0.0,0.0,0.0,0.0,0.0,0.0,0.0,0.0,0.0,0.0,0.0,0.0,0.0,0.0,0.0,0.0,0.0,0.0,0.0,0.0,0.0,0.0,0.0,0.0,0.0,0.0,0.0,0.0,0.0,0.0,0.0,0.0,0.0,0.0,0.0,0.0,0.0,0.0,8,danlp_bert,Female names,0
9,38.05349063873291,0.9991546914623838,0.9965222575516693,0.9961263408820024,0.9963242598847606,0.0,0.0,0.85,0.6397849462365591,0.7300613496932515,0.9067357512953368,0.9722222222222222,0.938337801608579,0.7962962962962963,0.8958333333333334,0.8431372549019608,0.0,0.0,0.0,0.8067226890756303,0.5962732919254659,0.6857142857142857,0.85,0.816933638443936,0.8331388564760794,0.060168085220277286,0.0,0.0,0.0,0.0,0.0,0.0,0.0,0.0,0.0,0.0,0.0,0.0,0.0,0.0,0.0,0.0,0.0,0.0,0.0,0.0,0.0,0.0,0.0,0.0,0.0,0.0,0.0,0.0,0.0,0.0,0.0,0.0,0.0,0.0,0.0,0.0,0.0,0.0,0.0,0.0,0.0,0.0,0.0,0.0,0.0,0.0,0.0,0.0,0.0,0.0,0.0,0.0,0.0,0.0,0.0,0.0,0.0,0.0,0.0,0.0,0.0,0.0,0.0,0.0,0.0,0.0,0.0,0.0,0.0,0.0,0.0,0.0,0.0,0.0,0.0,0.0,0.0,0.0,0.0,0.0,0.0,0.0,0.0,0.0,0.0,0.0,0.0,0.0,0.0,0.0,0.0,0.0,0.0,0.0,0.0,0.0,0.0,0.0,0.0,0.0,0.0,0.0,0.0,9,danlp_bert,Female names,0
10,38.0608024597168,0.9991542709317944,0.9965205288796103,0.9961244161780781,0.9963224331577378,0.0,0.0,0.8456057007125891,0.6379928315412187,0.7272727272727272,0.8963730569948186,0.9611111111111111,0.9276139410187667,0.8037383177570093,0.8958333333333334,0.8472906403940886,0.0,0.0,0.0,0.8016528925619835,0.6024844720496895,0.6879432624113475,0.8456057007125891,0.8146453089244852,0.8298368298368299,0.06020031064217236,0.0,0.0,0.0,0.0,0.0,0.0,0.0,0.0,0.0,0.0,0.0,0.0,0.0,0.0,0.0,0.0,0.0,0.0,0.0,0.0,0.0,0.0,0.0,0.0,0.0,0.0,0.0,0.0,0.0,0.0,0.0,0.0,0.0,0.0,0.0,0.0,0.0,0.0,0.0,0.0,0.0,0.0,0.0,0.0,0.0,0.0,0.0,0.0,0.0,0.0,0.0,0.0,0.0,0.0,0.0,0.0,0.0,0.0,0.0,0.0,0.0,0.0,0.0,0.0,0.0,0.0,0.0,0.0,0.0,0.0,0.0,0.0,0.0,0.0,0.0,0.0,0.0,0.0,0.0,0.0,0.0,0.0,0.0,0.0,0.0,0.0,0.0,0.0,0.0,0.0,0.0,0.0,0.0,0.0,0.0,0.0,0.0,0.0,0.0,0.0,0.0,0.0,0.0,10,danlp_bert,Female names,0
11,38.51759076118469,0.9991532599491956,0.9965163730466806,0.9961197890757139,0.9963180415961788,0.0,0.0,0.8416075650118203,0.6379928315412187,0.72579001019368,0.9052631578947369,0.9555555555555556,0.9297297297297298,0.7962962962962963,0.8958333333333334,0.8431372549019608,0.0,0.0,0.0,0.784,0.6086956521739131,0.6853146853146853,0.8416075650118203,0.8146453089244852,0.8279069767441861,0.06027779267442484,0.0,0.0,0.0,0.0,0.0,0.0,0.0,0.0,0.0,0.0,0.0,0.0,0.0,0.0,0.0,0.0,0.0,0.0,0.0,0.0,0.0,0.0,0.0,0.0,0.0,0.0,0.0,0.0,0.0,0.0,0.0,0.0,0.0,0.0,0.0,0.0,0.0,0.0,0.0,0.0,0.0,0.0,0.0,0.0,0.0,0.0,0.0,0.0,0.0,0.0,0.0,0.0,0.0,0.0,0.0,0.0,0.0,0.0,0.0,0.0,0.0,0.0,0.0,0.0,0.0,0.0,0.0,0.0,0.0,0.0,0.0,0.0,0.0,0.0,0.0,0.0,0.0,0.0,0.0,0.0,0.0,0.0,0.0,0.0,0.0,0.0,0.0,0.0,0.0,0.0,0.0,0.0,0.0,0.0,0.0,0.0,0.0,0.0,0.0,0.0,0.0,0.0,0.0,11,danlp_bert,Female names,0
12,38.03376364707947,0.9991537657424462,0.9965184522033224,0.9961221040071592,0.9963202386872204,0.0,0.0,0.8424821002386634,0.6326164874551972,0.7226202661207779,0.9,0.95,0.9243243243243242,0.7889908256880734,0.8958333333333334,0.8390243902439025,0.0,0.0,0.0,0.8,0.5962732919254659,0.6832740213523132,0.8424821002386634,0.8077803203661327,0.8247663551401869,0.060239026743126645,0.0,0.0,0.0,0.0,0.0,0.0,0.0,0.0,0.0,0.0,0.0,0.0,0.0,0.0,0.0,0.0,0.0,0.0,0.0,0.0,0.0,0.0,0.0,0.0,0.0,0.0,0.0,0.0,0.0,0.0,0.0,0.0,0.0,0.0,0.0,0.0,0.0,0.0,0.0,0.0,0.0,0.0,0.0,0.0,0.0,0.0,0.0,0.0,0.0,0.0,0.0,0.0,0.0,0.0,0.0,0.0,0.0,0.0,0.0,0.0,0.0,0.0,0.0,0.0,0.0,0.0,0.0,0.0,0.0,0.0,0.0,0.0,0.0,0.0,0.0,0.0,0.0,0.0,0.0,0.0,0.0,0.0,0.0,0.0,0.0,0.0,0.0,0.0,0.0,0.0,0.0,0.0,0.0,0.0,0.0,0.0,0.0,0.0,0.0,0.0,0.0,0.0,0.0,12,danlp_bert,Female names,0
13,38.29677700996399,0.9991541867754614,0.9965201829389541,0.9961240310077519,0.9963220675944334,0.0,0.0,0.837708830548926,0.6290322580645161,0.7185261003070623,0.8894736842105263,0.9388888888888889,0.9135135135135135,0.7962962962962963,0.8958333333333334,0.8431372549019608,0.0,0.0,0.0,0.7933884297520661,0.5962732919254659,0.6808510638297872,0.837708830548926,0.8032036613272311,0.8200934579439253,0.06020675986930205,0.0,0.0,0.0,0.0,0.0,0.0,0.0,0.0,0.0,0.0,0.0,0.0,0.0,0.0,0.0,0.0,0.0,0.0,0.0,0.0,0.0,0.0,0.0,0.0,0.0,0.0,0.0,0.0,0.0,0.0,0.0,0.0,0.0,0.0,0.0,0.0,0.0,0.0,0.0,0.0,0.0,0.0,0.0,0.0,0.0,0.0,0.0,0.0,0.0,0.0,0.0,0.0,0.0,0.0,0.0,0.0,0.0,0.0,0.0,0.0,0.0,0.0,0.0,0.0,0.0,0.0,0.0,0.0,0.0,0.0,0.0,0.0,0.0,0.0,0.0,0.0,0.0,0.0,0.0,0.0,0.0,0.0,0.0,0.0,0.0,0.0,0.0,0.0,0.0,0.0,0.0,0.0,0.0,0.0,0.0,0.0,0.0,0.0,0.0,0.0,0.0,0.0,0.0,13,danlp_bert,Female names,0
14,38.0412118434906,0.9991540184125405,0.9965194908512331,0.9961232604373758,0.9963213362497515,0.0,0.0,0.8392434988179669,0.6362007168458781,0.7237512742099899,0.8911917098445595,0.9555555555555556,0.9222520107238605,0.8037383177570093,0.8958333333333334,0.8472906403940886,0.0,0.0,0.0,0.7886178861788617,0.6024844720496895,0.6830985915492956,0.8392434988179669,0.8123569794050344,0.8255813953488371,0.060219662469863385,0.0,0.0,0.0,0.0,0.0,0.0,0.0,0.0,0.0,0.0,0.0,0.0,0.0,0.0,0.0,0.0,0.0,0.0,0.0,0.0,0.0,0.0,0.0,0.0,0.0,0.0,0.0,0.0,0.0,0.0,0.0,0.0,0.0,0.0,0.0,0.0,0.0,0.0,0.0,0.0,0.0,0.0,0.0,0.0,0.0,0.0,0.0,0.0,0.0,0.0,0.0,0.0,0.0,0.0,0.0,0.0,0.0,0.0,0.0,0.0,0.0,0.0,0.0,0.0,0.0,0.0,0.0,0.0,0.0,0.0,0.0,0.0,0.0,0.0,0.0,0.0,0.0,0.0,0.0,0.0,0.0,0.0,0.0,0.0,0.0,0.0,0.0,0.0,0.0,0.0,0.0,0.0,0.0,0.0,0.0,0.0,0.0,0.0,0.0,0.0,0.0,0.0,0.0,14,danlp_bert,Female names,0
15,38.33136296272278,0.9991549435800566,0.9965232939306645,0.9961274947870122,0.996325355050154,0.0,0.0,0.8392434988179669,0.6362007168458781,0.7237512742099899,0.8860103626943006,0.95,0.9168900804289545,0.7889908256880734,0.8958333333333334,0.8390243902439025,0.0,0.0,0.0,0.8099173553719008,0.6086956521739131,0.6950354609929078,0.8392434988179669,0.8123569794050344,0.8255813953488371,0.0601487665221812,0.0,0.0,0.0,0.0,0.0,0.0,0.0,0.0,0.0,0.0,0.0,0.0,0.0,0.0,0.0,0.0,0.0,0.0,0.0,0.0,0.0,0.0,0.0,0.0,0.0,0.0,0.0,0.0,0.0,0.0,0.0,0.0,0.0,0.0,0.0,0.0,0.0,0.0,0.0,0.0,0.0,0.0,0.0,0.0,0.0,0.0,0.0,0.0,0.0,0.0,0.0,0.0,0.0,0.0,0.0,0.0,0.0,0.0,0.0,0.0,0.0,0.0,0.0,0.0,0.0,0.0,0.0,0.0,0.0,0.0,0.0,0.0,0.0,0.0,0.0,0.0,0.0,0.0,0.0,0.0,0.0,0.0,0.0,0.0,0.0,0.0,0.0,0.0,0.0,0.0,0.0,0.0,0.0,0.0,0.0,0.0,0.0,0.0,0.0,0.0,0.0,0.0,0.0,15,danlp_bert,Female names,0
16,38.545552492141724,0.9991528379927244,0.9965146385182234,0.9961178578538722,0.9963162086818,0.0,0.0,0.8463356973995272,0.6415770609318996,0.7298674821610601,0.9015544041450777,0.9666666666666667,0.932975871313673,0.7962962962962963,0.8958333333333334,0.8431372549019608,0.0,0.0,0.0,0.8032786885245902,0.6086956521739131,0.6925795053003534,0.8463356973995272,0.8192219679633868,0.8325581395348838,0.06031013575146215,0.0,0.0,0.0,0.0,0.0,0.0,0.0,0.0,0.0,0.0,0.0,0.0,0.0,0.0,0.0,0.0,0.0,0.0,0.0,0.0,0.0,0.0,0.0,0.0,0.0,0.0,0.0,0.0,0.0,0.0,0.0,0.0,0.0,0.0,0.0,0.0,0.0,0.0,0.0,0.0,0.0,0.0,0.0,0.0,0.0,0.0,0.0,0.0,0.0,0.0,0.0,0.0,0.0,0.0,0.0,0.0,0.0,0.0,0.0,0.0,0.0,0.0,0.0,0.0,0.0,0.0,0.0,0.0,0.0,0.0,0.0,0.0,0.0,0.0,0.0,0.0,0.0,0.0,0.0,0.0,0.0,0.0,0.0,0.0,0.0,0.0,0.0,0.0,0.0,0.0,0.0,0.0,0.0,0.0,0.0,0.0,0.0,0.0,0.0,0.0,0.0,0.0,0.0,16,danlp_bert,Female names,0
17,38.03239822387695,0.9991536814855378,0.9965181058495822,0.9961217183770883,0.9963198726874876,0.0,0.0,0.851063829787234,0.6451612903225806,0.7339449541284404,0.9105263157894737,0.9611111111111111,0.9351351351351351,0.7962962962962963,0.8958333333333334,0.8431372549019608,0.0,0.0,0.0,0.808,0.6273291925465838,0.7062937062937064,0.851063829787234,0.8237986270022883,0.8372093023255814,0.06024548426863912,0.0,0.0,0.0,0.0,0.0,0.0,0.0,0.0,0.0,0.0,0.0,0.0,0.0,0.0,0.0,0.0,0.0,0.0,0.0,0.0,0.0,0.0,0.0,0.0,0.0,0.0,0.0,0.0,0.0,0.0,0.0,0.0,0.0,0.0,0.0,0.0,0.0,0.0,0.0,0.0,0.0,0.0,0.0,0.0,0.0,0.0,0.0,0.0,0.0,0.0,0.0,0.0,0.0,0.0,0.0,0.0,0.0,0.0,0.0,0.0,0.0,0.0,0.0,0.0,0.0,0.0,0.0,0.0,0.0,0.0,0.0,0.0,0.0,0.0,0.0,0.0,0.0,0.0,0.0,0.0,0.0,0.0,0.0,0.0,0.0,0.0,0.0,0.0,0.0,0.0,0.0,0.0,0.0,0.0,0.0,0.0,0.0,0.0,0.0,0.0,0.0,0.0,0.0,17,danlp_bert,Female names,0
18,38.25597882270813,0.9991553634421424,0.9965250198570293,0.9961294164350933,0.9963271788763152,0.0,0.0,0.8463356973995272,0.6415770609318996,0.7298674821610601,0.900523560209424,0.9555555555555556,0.9272237196765499,0.7962962962962963,0.8958333333333334,0.8431372549019608,0.0,0.0,0.0,0.8064516129032258,0.6211180124223602,0.7017543859649121,0.8463356973995272,0.8192219679633868,0.8325581395348838,0.06011659624538696,0.0,0.0,0.0,0.0,0.0,0.0,0.0,0.0,0.0,0.0,0.0,0.0,0.0,0.0,0.0,0.0,0.0,0.0,0.0,0.0,0.0,0.0,0.0,0.0,0.0,0.0,0.0,0.0,0.0,0.0,0.0,0.0,0.0,0.0,0.0,0.0,0.0,0.0,0.0,0.0,0.0,0.0,0.0,0.0,0.0,0.0,0.0,0.0,0.0,0.0,0.0,0.0,0.0,0.0,0.0,0.0,0.0,0.0,0.0,0.0,0.0,0.0,0.0,0.0,0.0,0.0,0.0,0.0,0.0,0.0,0.0,0.0,0.0,0.0,0.0,0.0,0.0,0.0,0.0,0.0,0.0,0.0,0.0,0.0,0.0,0.0,0.0,0.0,0.0,0.0,0.0,0.0,0.0,0.0,0.0,0.0,0.0,0.0,0.0,0.0,0.0,0.0,0.0,18,danlp_bert,Female names,0
19,38.05648612976074,0.9991535972118496,0.9965177594269227,0.9961213326703133,0.9963195066149407,0.0,0.0,0.8459715639810427,0.6397849462365591,0.7285714285714285,0.8963730569948186,0.9611111111111111,0.9276139410187667,0.8037383177570093,0.8958333333333334,0.8472906403940886,0.0,0.0,0.0,0.8032786885245902,0.6086956521739131,0.6925795053003534,0.8459715639810427,0.816933638443936,0.8311990686845169,0.060251943178772444,0.0,0.0,0.0,0.0,0.0,0.0,0.0,0.0,0.0,0.0,0.0,0.0,0.0,0.0,0.0,0.0,0.0,0.0,0.0,0.0,0.0,0.0,0.0,0.0,0.0,0.0,0.0,0.0,0.0,0.0,0.0,0.0,0.0,0.0,0.0,0.0,0.0,0.0,0.0,0.0,0.0,0.0,0.0,0.0,0.0,0.0,0.0,0.0,0.0,0.0,0.0,0.0,0.0,0.0,0.0,0.0,0.0,0.0,0.0,0.0,0.0,0.0,0.0,0.0,0.0,0.0,0.0,0.0,0.0,0.0,0.0,0.0,0.0,0.0,0.0,0.0,0.0,0.0,0.0,0.0,0.0,0.0,0.0,0.0,0.0,0.0,0.0,0.0,0.0,0.0,0.0,0.0,0.0,0.0,0.0,0.0,0.0,0.0,0.0,0.0,0.0,0.0,0.0,19,danlp_bert,Female names,0
0,38.27792167663574,0.9991536814855378,0.9965181058495822,0.9961217183770883,0.9963198726874876,0.0,0.0,0.854066985645933,0.6397849462365591,0.7315573770491803,0.9057591623036649,0.9611111111111111,0.9326145552560646,0.8037383177570093,0.8958333333333334,0.8472906403940886,0.0,0.0,0.0,0.8166666666666667,0.6086956521739131,0.697508896797153,0.854066985645933,0.816933638443936,0.8350877192982455,0.06024548426863912,0.0,0.0,0.0,0.0,0.0,0.0,0.0,0.0,0.0,0.0,0.0,0.0,0.0,0.0,0.0,0.0,0.0,0.0,0.0,0.0,0.0,0.0,0.0,0.0,0.0,0.0,0.0,0.0,0.0,0.0,0.0,0.0,0.0,0.0,0.0,0.0,0.0,0.0,0.0,0.0,0.0,0.0,0.0,0.0,0.0,0.0,0.0,0.0,0.0,0.0,0.0,0.0,0.0,0.0,0.0,0.0,0.0,0.0,0.0,0.0,0.0,0.0,0.0,0.0,0.0,0.0,0.0,0.0,0.0,0.0,0.0,0.0,0.0,0.0,0.0,0.0,0.0,0.0,0.0,0.0,0.0,0.0,0.0,0.0,0.0,0.0,0.0,0.0,0.0,0.0,0.0,0.0,0.0,0.0,0.0,0.0,0.0,0.0,0.0,0.0,0.0,0.0,0.0,0,danlp_bert,Male names,1
1,37.87480545043945,0.9991543550713824,0.9963220675944334,0.9960250422339263,0.9961735327734433,0.0,0.0,0.8408551068883611,0.6344086021505376,0.7231869254341164,0.8769230769230769,0.95,0.912,0.8037383177570093,0.8958333333333334,0.8472906403940886,0.0,0.0,0.0,0.8151260504201681,0.6024844720496895,0.692857142857143,0.8408551068883611,0.8100686498855835,0.8251748251748252,0.06020031064217236,0.0,0.0,0.0,0.0,0.0,0.0,0.0,0.0,0.0,0.0,0.0,0.0,0.0,0.0,0.0,0.0,0.0,0.0,0.0,0.0,0.0,0.0,0.0,0.0,0.0,0.0,0.0,0.0,0.0,0.0,0.0,0.0,0.0,0.0,0.0,0.0,0.0,0.0,0.0,0.0,0.0,0.0,0.0,0.0,0.0,0.0,0.0,0.0,0.0,0.0,0.0,0.0,0.0,0.0,0.0,0.0,0.0,0.0,0.0,0.0,0.0,0.0,0.0,0.0,0.0,0.0,0.0,0.0,0.0,0.0,0.0,0.0,0.0,0.0,0.0,0.0,0.0,0.0,0.0,0.0,0.0,0.0,0.0,0.0,0.0,0.0,0.0,0.0,0.0,0.0,0.0,0.0,0.0,0.0,0.0,0.0,0.0,0.0,0.0,0.0,0.0,0.0,0.0,1,danlp_bert,Male names,1
2,38.240575075149536,0.9991543550713824,0.9965208747514911,0.9961248012718601,0.9963227986483801,0.0,0.0,0.8571428571428571,0.6451612903225806,0.7361963190184049,0.9105263157894737,0.9611111111111111,0.9351351351351351,0.8113207547169812,0.8958333333333334,0.8514851485148515,0.0,0.0,0.0,0.8145161290322581,0.6273291925465838,0.7087719298245614,0.8571428571428571,0.8237986270022883,0.8401400233372228,0.060193862796551166,0.0,0.0,0.0,0.0,0.0,0.0,0.0,0.0,0.0,0.0,0.0,0.0,0.0,0.0,0.0,0.0,0.0,0.0,0.0,0.0,0.0,0.0,0.0,0.0,0.0,0.0,0.0,0.0,0.0,0.0,0.0,0.0,0.0,0.0,0.0,0.0,0.0,0.0,0.0,0.0,0.0,0.0,0.0,0.0,0.0,0.0,0.0,0.0,0.0,0.0,0.0,0.0,0.0,0.0,0.0,0.0,0.0,0.0,0.0,0.0,0.0,0.0,0.0,0.0,0.0,0.0,0.0,0.0,0.0,0.0,0.0,0.0,0.0,0.0,0.0,0.0,0.0,0.0,0.0,0.0,0.0,0.0,0.0,0.0,0.0,0.0,0.0,0.0,0.0,0.0,0.0,0.0,0.0,0.0,0.0,0.0,0.0,0.0,0.0,0.0,0.0,0.0,0.0,2,danlp_bert,Male names,1
3,38.34118700027466,0.9991547755183215,0.9965226030799801,0.9961267255934055,0.9963246250124168,0.0,0.0,0.850356294536817,0.6415770609318996,0.731358529111338,0.8969072164948454,0.9666666666666667,0.93048128342246,0.7818181818181819,0.8958333333333334,0.8349514563106797,0.0,0.0,0.0,0.8376068376068376,0.6086956521739131,0.7050359712230215,0.850356294536817,0.8192219679633868,0.8344988344988344,0.06016164427554461,0.0,0.0,0.0,0.0,0.0,0.0,0.0,0.0,0.0,0.0,0.0,0.0,0.0,0.0,0.0,0.0,0.0,0.0,0.0,0.0,0.0,0.0,0.0,0.0,0.0,0.0,0.0,0.0,0.0,0.0,0.0,0.0,0.0,0.0,0.0,0.0,0.0,0.0,0.0,0.0,0.0,0.0,0.0,0.0,0.0,0.0,0.0,0.0,0.0,0.0,0.0,0.0,0.0,0.0,0.0,0.0,0.0,0.0,0.0,0.0,0.0,0.0,0.0,0.0,0.0,0.0,0.0,0.0,0.0,0.0,0.0,0.0,0.0,0.0,0.0,0.0,0.0,0.0,0.0,0.0,0.0,0.0,0.0,0.0,0.0,0.0,0.0,0.0,0.0,0.0,0.0,0.0,0.0,0.0,0.0,0.0,0.0,0.0,0.0,0.0,0.0,0.0,0.0,3,danlp_bert,Male names,1
4,37.87576746940613,0.9991050119331742,0.9962245404868356,0.9958287814082829,0.9960266216350454,0.0,0.0,0.830952380952381,0.6254480286738351,0.7137014314928425,0.865979381443299,0.9333333333333333,0.8983957219251337,0.8037383177570093,0.8958333333333334,0.8472906403940886,0.0,0.0,0.0,0.7983193277310925,0.5900621118012422,0.6785714285714285,0.830952380952381,0.7986270022883295,0.8144690781796967,0.060164864575527235,0.0,0.0,0.0,0.0,0.0,0.0,0.0,0.0,0.0,0.0,0.0,0.0,0.0,0.0,0.0,0.0,0.0,0.0,0.0,0.0,0.0,0.0,0.0,0.0,0.0,0.0,0.0,0.0,0.0,0.0,0.0,0.0,0.0,0.0,0.0,0.0,0.0,0.0,0.0,0.0,0.0,0.0,0.0,0.0,0.0,0.0,0.0,0.0,0.0,0.0,0.0,0.0,0.0,0.0,0.0,0.0,0.0,0.0,0.0,0.0,0.0,0.0,0.0,0.0,0.0,0.0,0.0,0.0,0.0,0.0,0.0,0.0,0.0,0.0,0.0,0.0,0.0,0.0,0.0,0.0,0.0,0.0,0.0,0.0,0.0,0.0,0.0,0.0,0.0,0.0,0.0,0.0,0.0,0.0,0.0,0.0,0.0,0.0,0.0,0.0,0.0,0.0,0.0,4,danlp_bert,Male names,1
5,38.185200214385986,0.9991518235793045,0.9965104685942173,0.9961132150687662,0.9963118022328548,0.0,0.0,0.8591885441527446,0.6451612903225806,0.736949846468782,0.9259259259259259,0.9722222222222222,0.948509485094851,0.7962962962962963,0.8958333333333334,0.8431372549019608,0.0,0.0,0.0,0.8114754098360656,0.6149068322981367,0.6996466431095406,0.8591885441527446,0.8237986270022883,0.8411214953271028,0.06038790092945791,0.0,0.0,0.0,0.0,0.0,0.0,0.0,0.0,0.0,0.0,0.0,0.0,0.0,0.0,0.0,0.0,0.0,0.0,0.0,0.0,0.0,0.0,0.0,0.0,0.0,0.0,0.0,0.0,0.0,0.0,0.0,0.0,0.0,0.0,0.0,0.0,0.0,0.0,0.0,0.0,0.0,0.0,0.0,0.0,0.0,0.0,0.0,0.0,0.0,0.0,0.0,0.0,0.0,0.0,0.0,0.0,0.0,0.0,0.0,0.0,0.0,0.0,0.0,0.0,0.0,0.0,0.0,0.0,0.0,0.0,0.0,0.0,0.0,0.0,0.0,0.0,0.0,0.0,0.0,0.0,0.0,0.0,0.0,0.0,0.0,0.0,0.0,0.0,0.0,0.0,0.0,0.0,0.0,0.0,0.0,0.0,0.0,0.0,0.0,0.0,0.0,0.0,0.0,5,danlp_bert,Male names,1
6,37.81823658943176,0.9991550275858642,0.9965236392530791,0.9961278792692613,0.9963257199602781,0.0,0.0,0.8444976076555024,0.6326164874551972,0.7233606557377049,0.8894736842105263,0.9388888888888889,0.9135135135135135,0.7962962962962963,0.8958333333333334,0.8431372549019608,0.0,0.0,0.0,0.8166666666666667,0.6086956521739131,0.697508896797153,0.8444976076555024,0.8077803203661327,0.8257309941520469,0.060142329712665206,0.0,0.0,0.0,0.0,0.0,0.0,0.0,0.0,0.0,0.0,0.0,0.0,0.0,0.0,0.0,0.0,0.0,0.0,0.0,0.0,0.0,0.0,0.0,0.0,0.0,0.0,0.0,0.0,0.0,0.0,0.0,0.0,0.0,0.0,0.0,0.0,0.0,0.0,0.0,0.0,0.0,0.0,0.0,0.0,0.0,0.0,0.0,0.0,0.0,0.0,0.0,0.0,0.0,0.0,0.0,0.0,0.0,0.0,0.0,0.0,0.0,0.0,0.0,0.0,0.0,0.0,0.0,0.0,0.0,0.0,0.0,0.0,0.0,0.0,0.0,0.0,0.0,0.0,0.0,0.0,0.0,0.0,0.0,0.0,0.0,0.0,0.0,0.0,0.0,0.0,0.0,0.0,0.0,0.0,0.0,0.0,0.0,0.0,0.0,0.0,0.0,0.0,0.0,6,danlp_bert,Male names,1
7,38.137417793273926,0.9991549435800566,0.9965232939306645,0.9961274947870122,0.996325355050154,0.0,0.0,0.8459715639810427,0.6397849462365591,0.7285714285714285,0.8923076923076924,0.9666666666666667,0.928,0.8037383177570093,0.8958333333333334,0.8472906403940886,0.0,0.0,0.0,0.8083333333333333,0.6024844720496895,0.6903914590747332,0.8459715639810427,0.816933638443936,0.8311990686845169,0.0601487665221812,0.0,0.0,0.0,0.0,0.0,0.0,0.0,0.0,0.0,0.0,0.0,0.0,0.0,0.0,0.0,0.0,0.0,0.0,0.0,0.0,0.0,0.0,0.0,0.0,0.0,0.0,0.0,0.0,0.0,0.0,0.0,0.0,0.0,0.0,0.0,0.0,0.0,0.0,0.0,0.0,0.0,0.0,0.0,0.0,0.0,0.0,0.0,0.0,0.0,0.0,0.0,0.0,0.0,0.0,0.0,0.0,0.0,0.0,0.0,0.0,0.0,0.0,0.0,0.0,0.0,0.0,0.0,0.0,0.0,0.0,0.0,0.0,0.0,0.0,0.0,0.0,0.0,0.0,0.0,0.0,0.0,0.0,0.0,0.0,0.0,0.0,0.0,0.0,0.0,0.0,0.0,0.0,0.0,0.0,0.0,0.0,0.0,0.0,0.0,0.0,0.0,0.0,0.0,7,danlp_bert,Male names,1
8,37.89585494995117,0.9991536814855378,0.9963191404695583,0.9960218796618597,0.9961704878897896,0.0,0.0,0.8476190476190476,0.6379928315412187,0.7280163599182004,0.9020618556701031,0.9722222222222222,0.9358288770053476,0.8037383177570093,0.8958333333333334,0.8472906403940886,0.0,0.0,0.0,0.7983193277310925,0.5900621118012422,0.6785714285714285,0.8476190476190476,0.8146453089244852,0.8308051341890315,0.060251943178772444,0.0,0.0,0.0,0.0,0.0,0.0,0.0,0.0,0.0,0.0,0.0,0.0,0.0,0.0,0.0,0.0,0.0,0.0,0.0,0.0,0.0,0.0,0.0,0.0,0.0,0.0,0.0,0.0,0.0,0.0,0.0,0.0,0.0,0.0,0.0,0.0,0.0,0.0,0.0,0.0,0.0,0.0,0.0,0.0,0.0,0.0,0.0,0.0,0.0,0.0,0.0,0.0,0.0,0.0,0.0,0.0,0.0,0.0,0.0,0.0,0.0,0.0,0.0,0.0,0.0,0.0,0.0,0.0,0.0,0.0,0.0,0.0,0.0,0.0,0.0,0.0,0.0,0.0,0.0,0.0,0.0,0.0,0.0,0.0,0.0,0.0,0.0,0.0,0.0,0.0,0.0,0.0,0.0,0.0,0.0,0.0,0.0,0.0,0.0,0.0,0.0,0.0,0.0,8,danlp_bert,Male names,1
9,38.05470395088196,0.9991560343543662,0.9965277777777778,0.9961324871082904,0.9963300932354692,0.0,0.0,0.8380952380952381,0.6308243727598566,0.7198364008179958,0.875,0.9333333333333333,0.9032258064516129,0.7962962962962963,0.8958333333333334,0.8431372549019608,0.0,0.0,0.0,0.8166666666666667,0.6086956521739131,0.697508896797153,0.8380952380952381,0.8054919908466819,0.8214702450408401,0.06006519531876235,0.0,0.0,0.0,0.0,0.0,0.0,0.0,0.0,0.0,0.0,0.0,0.0,0.0,0.0,0.0,0.0,0.0,0.0,0.0,0.0,0.0,0.0,0.0,0.0,0.0,0.0,0.0,0.0,0.0,0.0,0.0,0.0,0.0,0.0,0.0,0.0,0.0,0.0,0.0,0.0,0.0,0.0,0.0,0.0,0.0,0.0,0.0,0.0,0.0,0.0,0.0,0.0,0.0,0.0,0.0,0.0,0.0,0.0,0.0,0.0,0.0,0.0,0.0,0.0,0.0,0.0,0.0,0.0,0.0,0.0,0.0,0.0,0.0,0.0,0.0,0.0,0.0,0.0,0.0,0.0,0.0,0.0,0.0,0.0,0.0,0.0,0.0,0.0,0.0,0.0,0.0,0.0,0.0,0.0,0.0,0.0,0.0,0.0,0.0,0.0,0.0,0.0,0.0,9,danlp_bert,Male names,1
10,38.229522466659546,0.9991551955473835,0.9963257199602781,0.996028988384791,0.9961773320756591,0.0,0.0,0.841726618705036,0.6290322580645161,0.72,0.8848167539267016,0.9388888888888889,0.9110512129380054,0.8037383177570093,0.8958333333333334,0.8472906403940886,0.0,0.0,0.0,0.8067226890756303,0.5962732919254659,0.6857142857142857,0.841726618705036,0.8032036613272311,0.8220140515222483,0.06013589428066984,0.0,0.0,0.0,0.0,0.0,0.0,0.0,0.0,0.0,0.0,0.0,0.0,0.0,0.0,0.0,0.0,0.0,0.0,0.0,0.0,0.0,0.0,0.0,0.0,0.0,0.0,0.0,0.0,0.0,0.0,0.0,0.0,0.0,0.0,0.0,0.0,0.0,0.0,0.0,0.0,0.0,0.0,0.0,0.0,0.0,0.0,0.0,0.0,0.0,0.0,0.0,0.0,0.0,0.0,0.0,0.0,0.0,0.0,0.0,0.0,0.0,0.0,0.0,0.0,0.0,0.0,0.0,0.0,0.0,0.0,0.0,0.0,0.0,0.0,0.0,0.0,0.0,0.0,0.0,0.0,0.0,0.0,0.0,0.0,0.0,0.0,0.0,0.0,0.0,0.0,0.0,0.0,0.0,0.0,0.0,0.0,0.0,0.0,0.0,0.0,0.0,0.0,0.0,10,danlp_bert,Male names,1
11,38.29578971862793,0.9991031390134528,0.996415770609319,0.9959199920390088,0.9961678196386802,0.0,0.0,0.8404761904761905,0.6326164874551972,0.7218813905930471,0.8842105263157894,0.9333333333333333,0.9081081081081082,0.7962962962962963,0.8958333333333334,0.8431372549019608,0.0,0.0,0.0,0.8114754098360656,0.6149068322981367,0.6996466431095406,0.8404761904761905,0.8077803203661327,0.8238039673278881,0.060293959875549835,0.0,0.0,0.0,0.0,0.0,0.0,0.0,0.0,0.0,0.0,0.0,0.0,0.0,0.0,0.0,0.0,0.0,0.0,0.0,0.0,0.0,0.0,0.0,0.0,0.0,0.0,0.0,0.0,0.0,0.0,0.0,0.0,0.0,0.0,0.0,0.0,0.0,0.0,0.0,0.0,0.0,0.0,0.0,0.0,0.0,0.0,0.0,0.0,0.0,0.0,0.0,0.0,0.0,0.0,0.0,0.0,0.0,0.0,0.0,0.0,0.0,0.0,0.0,0.0,0.0,0.0,0.0,0.0,0.0,0.0,0.0,0.0,0.0,0.0,0.0,0.0,0.0,0.0,0.0,0.0,0.0,0.0,0.0,0.0,0.0,0.0,0.0,0.0,0.0,0.0,0.0,0.0,0.0,0.0,0.0,0.0,0.0,0.0,0.0,0.0,0.0,0.0,0.0,11,danlp_bert,Male names,1
12,38.120253801345825,0.9991555312701803,0.9965257097478658,0.9961301845604287,0.9963279078999603,0.0,0.0,0.850356294536817,0.6415770609318996,0.731358529111338,0.8974358974358975,0.9722222222222222,0.9333333333333333,0.8037383177570093,0.8958333333333334,0.8472906403940886,0.0,0.0,0.0,0.8151260504201681,0.6024844720496895,0.692857142857143,0.850356294536817,0.8192219679633868,0.8344988344988344,0.060103737768033794,0.0,0.0,0.0,0.0,0.0,0.0,0.0,0.0,0.0,0.0,0.0,0.0,0.0,0.0,0.0,0.0,0.0,0.0,0.0,0.0,0.0,0.0,0.0,0.0,0.0,0.0,0.0,0.0,0.0,0.0,0.0,0.0,0.0,0.0,0.0,0.0,0.0,0.0,0.0,0.0,0.0,0.0,0.0,0.0,0.0,0.0,0.0,0.0,0.0,0.0,0.0,0.0,0.0,0.0,0.0,0.0,0.0,0.0,0.0,0.0,0.0,0.0,0.0,0.0,0.0,0.0,0.0,0.0,0.0,0.0,0.0,0.0,0.0,0.0,0.0,0.0,0.0,0.0,0.0,0.0,0.0,0.0,0.0,0.0,0.0,0.0,0.0,0.0,0.0,0.0,0.0,0.0,0.0,0.0,0.0,0.0,0.0,0.0,0.0,0.0,0.0,0.0,0.0,12,danlp_bert,Male names,1
13,38.264272689819336,0.9991559505486322,0.9963290008929457,0.9960325332275343,0.996180745002728,0.0,0.0,0.8436018957345972,0.6379928315412187,0.726530612244898,0.8871794871794871,0.9611111111111111,0.9226666666666666,0.8037383177570093,0.8958333333333334,0.8472906403940886,0.0,0.0,0.0,0.8083333333333333,0.6024844720496895,0.6903914590747332,0.8436018957345972,0.8146453089244852,0.8288707799767171,0.06007803730824736,0.0,0.0,0.0,0.0,0.0,0.0,0.0,0.0,0.0,0.0,0.0,0.0,0.0,0.0,0.0,0.0,0.0,0.0,0.0,0.0,0.0,0.0,0.0,0.0,0.0,0.0,0.0,0.0,0.0,0.0,0.0,0.0,0.0,0.0,0.0,0.0,0.0,0.0,0.0,0.0,0.0,0.0,0.0,0.0,0.0,0.0,0.0,0.0,0.0,0.0,0.0,0.0,0.0,0.0,0.0,0.0,0.0,0.0,0.0,0.0,0.0,0.0,0.0,0.0,0.0,0.0,0.0,0.0,0.0,0.0,0.0,0.0,0.0,0.0,0.0,0.0,0.0,0.0,0.0,0.0,0.0,0.0,0.0,0.0,0.0,0.0,0.0,0.0,0.0,0.0,0.0,0.0,0.0,0.0,0.0,0.0,0.0,0.0,0.0,0.0,0.0,0.0,0.0,13,danlp_bert,Male names,1
14,38.492135524749756,0.9991547755183215,0.9963238946845504,0.9960270162892332,0.9961754333681021,0.0,0.0,0.8456057007125891,0.6379928315412187,0.7272727272727272,0.8911917098445595,0.9555555555555556,0.9222520107238605,0.8037383177570093,0.8958333333333334,0.8472906403940886,0.0,0.0,0.0,0.8099173553719008,0.6086956521739131,0.6950354609929078,0.8456057007125891,0.8146453089244852,0.8298368298368299,0.060168085220277286,0.0,0.0,0.0,0.0,0.0,0.0,0.0,0.0,0.0,0.0,0.0,0.0,0.0,0.0,0.0,0.0,0.0,0.0,0.0,0.0,0.0,0.0,0.0,0.0,0.0,0.0,0.0,0.0,0.0,0.0,0.0,0.0,0.0,0.0,0.0,0.0,0.0,0.0,0.0,0.0,0.0,0.0,0.0,0.0,0.0,0.0,0.0,0.0,0.0,0.0,0.0,0.0,0.0,0.0,0.0,0.0,0.0,0.0,0.0,0.0,0.0,0.0,0.0,0.0,0.0,0.0,0.0,0.0,0.0,0.0,0.0,0.0,0.0,0.0,0.0,0.0,0.0,0.0,0.0,0.0,0.0,0.0,0.0,0.0,0.0,0.0,0.0,0.0,0.0,0.0,0.0,0.0,0.0,0.0,0.0,0.0,0.0,0.0,0.0,0.0,0.0,0.0,0.0,14,danlp_bert,Male names,1
15,38.582316637039185,0.9991539342059425,0.9965191447041273,0.99612287503728,0.9963209704683306,0.0,0.0,0.847255369928401,0.6362007168458781,0.7267144319344933,0.9052631578947369,0.9555555555555556,0.9297297297297298,0.8037383177570093,0.8958333333333334,0.8472906403940886,0.0,0.0,0.0,0.7950819672131147,0.6024844720496895,0.6855123674911661,0.847255369928401,0.8123569794050344,0.8294392523364486,0.06022611584418367,0.0,0.0,0.0,0.0,0.0,0.0,0.0,0.0,0.0,0.0,0.0,0.0,0.0,0.0,0.0,0.0,0.0,0.0,0.0,0.0,0.0,0.0,0.0,0.0,0.0,0.0,0.0,0.0,0.0,0.0,0.0,0.0,0.0,0.0,0.0,0.0,0.0,0.0,0.0,0.0,0.0,0.0,0.0,0.0,0.0,0.0,0.0,0.0,0.0,0.0,0.0,0.0,0.0,0.0,0.0,0.0,0.0,0.0,0.0,0.0,0.0,0.0,0.0,0.0,0.0,0.0,0.0,0.0,0.0,0.0,0.0,0.0,0.0,0.0,0.0,0.0,0.0,0.0,0.0,0.0,0.0,0.0,0.0,0.0,0.0,0.0,0.0,0.0,0.0,0.0,0.0,0.0,0.0,0.0,0.0,0.0,0.0,0.0,0.0,0.0,0.0,0.0,0.0,15,danlp_bert,Male names,1
16,38.41728353500366,0.9991051898985882,0.9964239594715407,0.9959293089753772,0.9961765728189085,0.0,0.0,0.8353221957040573,0.6272401433691757,0.7164790174002047,0.8762886597938144,0.9444444444444444,0.9090909090909091,0.7889908256880734,0.8958333333333334,0.8390243902439025,0.0,0.0,0.0,0.8103448275862069,0.5838509316770186,0.6787003610108303,0.8353221957040573,0.8009153318077803,0.8177570093457943,0.06014554794520548,0.0,0.0,0.0,0.0,0.0,0.0,0.0,0.0,0.0,0.0,0.0,0.0,0.0,0.0,0.0,0.0,0.0,0.0,0.0,0.0,0.0,0.0,0.0,0.0,0.0,0.0,0.0,0.0,0.0,0.0,0.0,0.0,0.0,0.0,0.0,0.0,0.0,0.0,0.0,0.0,0.0,0.0,0.0,0.0,0.0,0.0,0.0,0.0,0.0,0.0,0.0,0.0,0.0,0.0,0.0,0.0,0.0,0.0,0.0,0.0,0.0,0.0,0.0,0.0,0.0,0.0,0.0,0.0,0.0,0.0,0.0,0.0,0.0,0.0,0.0,0.0,0.0,0.0,0.0,0.0,0.0,0.0,0.0,0.0,0.0,0.0,0.0,0.0,0.0,0.0,0.0,0.0,0.0,0.0,0.0,0.0,0.0,0.0,0.0,0.0,0.0,0.0,0.0,16,danlp_bert,Male names,1
17,38.998982429504395,0.9991539342059425,0.9965191447041273,0.99612287503728,0.9963209704683306,0.0,0.0,0.8547619047619047,0.6433691756272402,0.7341513292433538,0.9072164948453608,0.9777777777777777,0.9411764705882353,0.8037383177570093,0.8958333333333334,0.8472906403940886,0.0,0.0,0.0,0.8151260504201681,0.6024844720496895,0.692857142857143,0.8547619047619047,0.8215102974828375,0.837806301050175,0.06022611584418367,0.0,0.0,0.0,0.0,0.0,0.0,0.0,0.0,0.0,0.0,0.0,0.0,0.0,0.0,0.0,0.0,0.0,0.0,0.0,0.0,0.0,0.0,0.0,0.0,0.0,0.0,0.0,0.0,0.0,0.0,0.0,0.0,0.0,0.0,0.0,0.0,0.0,0.0,0.0,0.0,0.0,0.0,0.0,0.0,0.0,0.0,0.0,0.0,0.0,0.0,0.0,0.0,0.0,0.0,0.0,0.0,0.0,0.0,0.0,0.0,0.0,0.0,0.0,0.0,0.0,0.0,0.0,0.0,0.0,0.0,0.0,0.0,0.0,0.0,0.0,0.0,0.0,0.0,0.0,0.0,0.0,0.0,0.0,0.0,0.0,0.0,0.0,0.0,0.0,0.0,0.0,0.0,0.0,0.0,0.0,0.0,0.0,0.0,0.0,0.0,0.0,0.0,0.0,17,danlp_bert,Male names,1
18,38.04966735839844,0.9991540184125405,0.9965194908512331,0.9961232604373758,0.9963213362497515,0.0,0.0,0.854066985645933,0.6397849462365591,0.7315573770491803,0.9072164948453608,0.9777777777777777,0.9411764705882353,0.794392523364486,0.8854166666666666,0.8374384236453202,0.0,0.0,0.0,0.8205128205128205,0.5962732919254659,0.6906474820143884,0.854066985645933,0.816933638443936,0.8350877192982455,0.060219662469863385,0.0,0.0,0.0,0.0,0.0,0.0,0.0,0.0,0.0,0.0,0.0,0.0,0.0,0.0,0.0,0.0,0.0,0.0,0.0,0.0,0.0,0.0,0.0,0.0,0.0,0.0,0.0,0.0,0.0,0.0,0.0,0.0,0.0,0.0,0.0,0.0,0.0,0.0,0.0,0.0,0.0,0.0,0.0,0.0,0.0,0.0,0.0,0.0,0.0,0.0,0.0,0.0,0.0,0.0,0.0,0.0,0.0,0.0,0.0,0.0,0.0,0.0,0.0,0.0,0.0,0.0,0.0,0.0,0.0,0.0,0.0,0.0,0.0,0.0,0.0,0.0,0.0,0.0,0.0,0.0,0.0,0.0,0.0,0.0,0.0,0.0,0.0,0.0,0.0,0.0,0.0,0.0,0.0,0.0,0.0,0.0,0.0,0.0,0.0,0.0,0.0,0.0,0.0,18,danlp_bert,Male names,1
19,38.14386749267578,0.999105278854757,0.9960270162892332,0.9957303147651673,0.9958786434281741,0.0,0.0,0.8520286396181385,0.6397849462365591,0.7308085977482087,0.90625,0.9666666666666667,0.9354838709677419,0.7962962962962963,0.8958333333333334,0.8431372549019608,0.0,0.0,0.0,0.8151260504201681,0.6024844720496895,0.692857142857143,0.8520286396181385,0.816933638443936,0.8341121495327104,0.06015198544364765,0.0,0.0,0.0,0.0,0.0,0.0,0.0,0.0,0.0,0.0,0.0,0.0,0.0,0.0,0.0,0.0,0.0,0.0,0.0,0.0,0.0,0.0,0.0,0.0,0.0,0.0,0.0,0.0,0.0,0.0,0.0,0.0,0.0,0.0,0.0,0.0,0.0,0.0,0.0,0.0,0.0,0.0,0.0,0.0,0.0,0.0,0.0,0.0,0.0,0.0,0.0,0.0,0.0,0.0,0.0,0.0,0.0,0.0,0.0,0.0,0.0,0.0,0.0,0.0,0.0,0.0,0.0,0.0,0.0,0.0,0.0,0.0,0.0,0.0,0.0,0.0,0.0,0.0,0.0,0.0,0.0,0.0,0.0,0.0,0.0,0.0,0.0,0.0,0.0,0.0,0.0,0.0,0.0,0.0,0.0,0.0,0.0,0.0,0.0,0.0,0.0,0.0,0.0,19,danlp_bert,Male names,1
