,wall_time,token_acc,token_p,token_r,token_f,pos_acc,tag_acc,ents_p,ents_r,ents_f,ents_per_type_MISC_p,ents_per_type_MISC_r,ents_per_type_MISC_f,ents_per_type_LOC_p,ents_per_type_LOC_r,ents_per_type_LOC_f,ents_per_type_PER_p,ents_per_type_PER_r,ents_per_type_PER_f,ents_per_type_ORG_p,ents_per_type_ORG_r,ents_per_type_ORG_f,ents_excl_MISC_ents_p,ents_excl_MISC_ents_r,ents_excl_MISC_ents_f,dep_uas,dep_las,dep_las_per_type_nummod_p,dep_las_per_type_nummod_r,dep_las_per_type_nummod_f,dep_las_per_type_amod_p,dep_las_per_type_amod_r,dep_las_per_type_amod_f,dep_las_per_type_nmod_p,dep_las_per_type_nmod_r,dep_las_per_type_nmod_f,dep_las_per_type_nsubj_p,dep_las_per_type_nsubj_r,dep_las_per_type_nsubj_f,dep_las_per_type_cc_p,dep_las_per_type_cc_r,dep_las_per_type_cc_f,dep_las_per_type_conj_p,dep_las_per_type_conj_r,dep_las_per_type_conj_f,dep_las_per_type_flat_p,dep_las_per_type_flat_r,dep_las_per_type_flat_f,dep_las_per_type_root_p,dep_las_per_type_root_r,dep_las_per_type_root_f,dep_las_per_type_advmod_p,dep_las_per_type_advmod_r,dep_las_per_type_advmod_f,dep_las_per_type_mark_p,dep_las_per_type_mark_r,dep_las_per_type_mark_f,dep_las_per_type_aux_p,dep_las_per_type_aux_r,dep_las_per_type_aux_f,dep_las_per_type_ccomp_p,dep_las_per_type_ccomp_r,dep_las_per_type_ccomp_f,dep_las_per_type_case_p,dep_las_per_type_case_r,dep_las_per_type_case_f,dep_las_per_type_det_p,dep_las_per_type_det_r,dep_las_per_type_det_f,dep_las_per_type_obl_p,dep_las_per_type_obl_r,dep_las_per_type_obl_f,dep_las_per_type__p,dep_las_per_type__r,dep_las_per_type__f,dep_las_per_type_nmod:poss_p,dep_las_per_type_nmod:poss_r,dep_las_per_type_nmod:poss_f,dep_las_per_type_obj_p,dep_las_per_type_obj_r,dep_las_per_type_obj_f,dep_las_per_type_cop_p,dep_las_per_type_cop_r,dep_las_per_type_cop_f,dep_las_per_type_acl:relcl_p,dep_las_per_type_acl:relcl_r,dep_las_per_type_acl:relcl_f,dep_las_per_type_compound:prt_p,dep_las_per_type_compound:prt_r,dep_las_per_type_compound:prt_f,dep_las_per_type_advcl_p,dep_las_per_type_advcl_r,dep_las_per_type_advcl_f,dep_las_per_type_fixed_p,dep_las_per_type_fixed_r,dep_las_per_type_fixed_f,dep_las_per_type_iobj_p,dep_las_per_type_iobj_r,dep_las_per_type_iobj_f,dep_las_per_type_appos_p,dep_las_per_type_appos_r,dep_las_per_type_appos_f,dep_las_per_type_obl:tmod_p,dep_las_per_type_obl:tmod_r,dep_las_per_type_obl:tmod_f,dep_las_per_type_xcomp_p,dep_las_per_type_xcomp_r,dep_las_per_type_xcomp_f,dep_las_per_type_dep_p,dep_las_per_type_dep_r,dep_las_per_type_dep_f,dep_las_per_type_obl:loc_p,dep_las_per_type_obl:loc_r,dep_las_per_type_obl:loc_f,dep_las_per_type_expl_p,dep_las_per_type_expl_r,dep_las_per_type_expl_f,dep_las_per_type_list_p,dep_las_per_type_list_r,dep_las_per_type_list_f,dep_las_per_type_vocative_p,dep_las_per_type_vocative_r,dep_las_per_type_vocative_f,dep_las_per_type_discourse_p,dep_las_per_type_discourse_r,dep_las_per_type_discourse_f,dep_las_per_type_goeswith_p,dep_las_per_type_goeswith_r,dep_las_per_type_goeswith_f,k,model,augmenter,i
0,2.174541711807251,0.9991549435800566,0.39336445813052545,0.3932082216264522,0.39328632436190286,0.0,0.9783786470500523,0.8826666666666667,0.5931899641577061,0.7095391211146838,0.0,0.0,0.0,0.8617021276595744,0.84375,0.8526315789473684,0.9052631578947369,0.9555555555555556,0.9297297297297298,0.8571428571428571,0.484472049689441,0.6190476190476192,0.8826666666666667,0.7574370709382151,0.8152709359605911,0.0601487665221812,0.0,0.0,0.0,0.0,0.0,0.0,0.0,0.0,0.0,0.0,0.0,0.0,0.0,0.0,0.0,0.0,0.0,0.0,0.0,0.0,0.0,0.0,0.0,0.0,0.0,0.0,0.0,0.0,0.0,0.0,0.0,0.0,0.0,0.0,0.0,0.0,0.0,0.0,0.0,0.0,0.0,0.0,0.0,0.0,0.0,0.0,0.0,0.0,0.0,0.0,0.0,0.0,0.0,0.0,0.0,0.0,0.0,0.0,0.0,0.0,0.0,0.0,0.0,0.0,0.0,0.0,0.0,0.0,0.0,0.0,0.0,0.0,0.0,0.0,0.0,0.0,0.0,0.0,0.0,0.0,0.0,0.0,0.0,0.0,0.0,0.0,0.0,0.0,0.0,0.0,0.0,0.0,0.0,0.0,0.0,0.0,0.0,0.0,0.0,0.0,0.0,0.0,0.0,0,flair,Female names,0
1,1.6604480743408203,0.9991535972118496,0.39359267734553777,0.39343610144206864,0.3935143738187606,0.0,0.9780455020660127,0.8936170212765957,0.6021505376344086,0.7194860813704496,0.0,0.0,0.0,0.8709677419354839,0.84375,0.8571428571428571,0.90625,0.9666666666666667,0.9354838709677419,0.8901098901098901,0.5031055900621118,0.6428571428571428,0.8936170212765957,0.7688787185354691,0.8265682656826568,0.060251943178772444,0.0,0.0,0.0,0.0,0.0,0.0,0.0,0.0,0.0,0.0,0.0,0.0,0.0,0.0,0.0,0.0,0.0,0.0,0.0,0.0,0.0,0.0,0.0,0.0,0.0,0.0,0.0,0.0,0.0,0.0,0.0,0.0,0.0,0.0,0.0,0.0,0.0,0.0,0.0,0.0,0.0,0.0,0.0,0.0,0.0,0.0,0.0,0.0,0.0,0.0,0.0,0.0,0.0,0.0,0.0,0.0,0.0,0.0,0.0,0.0,0.0,0.0,0.0,0.0,0.0,0.0,0.0,0.0,0.0,0.0,0.0,0.0,0.0,0.0,0.0,0.0,0.0,0.0,0.0,0.0,0.0,0.0,0.0,0.0,0.0,0.0,0.0,0.0,0.0,0.0,0.0,0.0,0.0,0.0,0.0,0.0,0.0,0.0,0.0,0.0,0.0,0.0,0.0,1,flair,Female names,0
2,1.9866602420806885,0.9991557828872226,0.3927756276669644,0.39265873015873015,0.3927171702138215,0.0,0.9783979738789294,0.8826666666666667,0.5931899641577061,0.7095391211146838,0.0,0.0,0.0,0.8617021276595744,0.84375,0.8526315789473684,0.9052631578947369,0.9555555555555556,0.9297297297297298,0.8571428571428571,0.484472049689441,0.6190476190476192,0.8826666666666667,0.7574370709382151,0.8152709359605911,0.060090884790163064,0.0,0.0,0.0,0.0,0.0,0.0,0.0,0.0,0.0,0.0,0.0,0.0,0.0,0.0,0.0,0.0,0.0,0.0,0.0,0.0,0.0,0.0,0.0,0.0,0.0,0.0,0.0,0.0,0.0,0.0,0.0,0.0,0.0,0.0,0.0,0.0,0.0,0.0,0.0,0.0,0.0,0.0,0.0,0.0,0.0,0.0,0.0,0.0,0.0,0.0,0.0,0.0,0.0,0.0,0.0,0.0,0.0,0.0,0.0,0.0,0.0,0.0,0.0,0.0,0.0,0.0,0.0,0.0,0.0,0.0,0.0,0.0,0.0,0.0,0.0,0.0,0.0,0.0,0.0,0.0,0.0,0.0,0.0,0.0,0.0,0.0,0.0,0.0,0.0,0.0,0.0,0.0,0.0,0.0,0.0,0.0,0.0,0.0,0.0,0.0,0.0,0.0,0.0,2,flair,Female names,0
3,1.6249473094940186,0.9991559505486322,0.3937890663756325,0.3936328473668551,0.39371094137486357,0.0,0.9785036985553294,0.8877005347593583,0.5949820788530465,0.7124463519313304,0.0,0.0,0.0,0.8617021276595744,0.84375,0.8526315789473684,0.9010416666666666,0.9611111111111111,0.9301075268817204,0.8863636363636364,0.484472049689441,0.6265060240963854,0.8877005347593583,0.7597254004576659,0.8187422934648583,0.060071615627171185,0.0,0.0,0.0,0.0,0.0,0.0,0.0,0.0,0.0,0.0,0.0,0.0,0.0,0.0,0.0,0.0,0.0,0.0,0.0,0.0,0.0,0.0,0.0,0.0,0.0,0.0,0.0,0.0,0.0,0.0,0.0,0.0,0.0,0.0,0.0,0.0,0.0,0.0,0.0,0.0,0.0,0.0,0.0,0.0,0.0,0.0,0.0,0.0,0.0,0.0,0.0,0.0,0.0,0.0,0.0,0.0,0.0,0.0,0.0,0.0,0.0,0.0,0.0,0.0,0.0,0.0,0.0,0.0,0.0,0.0,0.0,0.0,0.0,0.0,0.0,0.0,0.0,0.0,0.0,0.0,0.0,0.0,0.0,0.0,0.0,0.0,0.0,0.0,0.0,0.0,0.0,0.0,0.0,0.0,0.0,0.0,0.0,0.0,0.0,0.0,0.0,0.0,0.0,3,flair,Female names,0
4,1.623039722442627,0.9991533442900543,0.39211783439490444,0.3919617986470354,0.3920398009950249,0.0,0.9784373288182859,0.8873994638069705,0.5931899641577061,0.7110633727175081,0.0,0.0,0.0,0.8526315789473684,0.84375,0.8481675392670157,0.9090909090909091,0.9444444444444444,0.9264305177111717,0.8791208791208791,0.4968944099378882,0.6349206349206349,0.8873994638069705,0.7574370709382151,0.817283950617284,0.060271328221352345,0.0,0.0,0.0,0.0,0.0,0.0,0.0,0.0,0.0,0.0,0.0,0.0,0.0,0.0,0.0,0.0,0.0,0.0,0.0,0.0,0.0,0.0,0.0,0.0,0.0,0.0,0.0,0.0,0.0,0.0,0.0,0.0,0.0,0.0,0.0,0.0,0.0,0.0,0.0,0.0,0.0,0.0,0.0,0.0,0.0,0.0,0.0,0.0,0.0,0.0,0.0,0.0,0.0,0.0,0.0,0.0,0.0,0.0,0.0,0.0,0.0,0.0,0.0,0.0,0.0,0.0,0.0,0.0,0.0,0.0,0.0,0.0,0.0,0.0,0.0,0.0,0.0,0.0,0.0,0.0,0.0,0.0,0.0,0.0,0.0,0.0,0.0,0.0,0.0,0.0,0.0,0.0,0.0,0.0,0.0,0.0,0.0,0.0,0.0,0.0,0.0,0.0,0.0,4,flair,Female names,0
5,2.022151470184326,0.9991541026023785,0.3925623943521925,0.39244532803180915,0.39250385246309094,0.0,0.9778087371877799,0.8793565683646113,0.5878136200716846,0.7046186895810956,0.0,0.0,0.0,0.8617021276595744,0.84375,0.8526315789473684,0.8894736842105263,0.9388888888888889,0.9135135135135135,0.8764044943820225,0.484472049689441,0.624,0.8793565683646113,0.7505720823798627,0.8098765432098767,0.060219662469863385,0.0,0.0,0.0,0.0,0.0,0.0,0.0,0.0,0.0,0.0,0.0,0.0,0.0,0.0,0.0,0.0,0.0,0.0,0.0,0.0,0.0,0.0,0.0,0.0,0.0,0.0,0.0,0.0,0.0,0.0,0.0,0.0,0.0,0.0,0.0,0.0,0.0,0.0,0.0,0.0,0.0,0.0,0.0,0.0,0.0,0.0,0.0,0.0,0.0,0.0,0.0,0.0,0.0,0.0,0.0,0.0,0.0,0.0,0.0,0.0,0.0,0.0,0.0,0.0,0.0,0.0,0.0,0.0,0.0,0.0,0.0,0.0,0.0,0.0,0.0,0.0,0.0,0.0,0.0,0.0,0.0,0.0,0.0,0.0,0.0,0.0,0.0,0.0,0.0,0.0,0.0,0.0,0.0,0.0,0.0,0.0,0.0,0.0,0.0,0.0,0.0,0.0,0.0,5,flair,Female names,0
6,1.6341478824615479,0.9991537657424462,0.39301700984780663,0.39286069404394947,0.3929388363998011,0.0,0.9780498730774974,0.8829787234042553,0.5949820788530465,0.7109207708779443,0.0,0.0,0.0,0.8526315789473684,0.84375,0.8481675392670157,0.900523560209424,0.9555555555555556,0.9272237196765499,0.8777777777777778,0.4906832298136646,0.6294820717131474,0.8829787234042553,0.7597254004576659,0.8167281672816727,0.060239026743126645,0.0,0.0,0.0,0.0,0.0,0.0,0.0,0.0,0.0,0.0,0.0,0.0,0.0,0.0,0.0,0.0,0.0,0.0,0.0,0.0,0.0,0.0,0.0,0.0,0.0,0.0,0.0,0.0,0.0,0.0,0.0,0.0,0.0,0.0,0.0,0.0,0.0,0.0,0.0,0.0,0.0,0.0,0.0,0.0,0.0,0.0,0.0,0.0,0.0,0.0,0.0,0.0,0.0,0.0,0.0,0.0,0.0,0.0,0.0,0.0,0.0,0.0,0.0,0.0,0.0,0.0,0.0,0.0,0.0,0.0,0.0,0.0,0.0,0.0,0.0,0.0,0.0,0.0,0.0,0.0,0.0,0.0,0.0,0.0,0.0,0.0,0.0,0.0,0.0,0.0,0.0,0.0,0.0,0.0,0.0,0.0,0.0,0.0,0.0,0.0,0.0,0.0,0.0,6,flair,Female names,0
7,1.6336488723754883,0.9991552795031057,0.39271174659914604,0.3925558312655087,0.39263377345378736,0.0,0.9781885030059124,0.8736559139784946,0.5824372759856631,0.6989247311827957,0.0,0.0,0.0,0.8526315789473684,0.84375,0.8481675392670157,0.8882978723404256,0.9277777777777778,0.907608695652174,0.8651685393258427,0.4782608695652174,0.616,0.8736559139784946,0.7437070938215103,0.803461063040791,0.060123027547472584,0.0,0.0,0.0,0.0,0.0,0.0,0.0,0.0,0.0,0.0,0.0,0.0,0.0,0.0,0.0,0.0,0.0,0.0,0.0,0.0,0.0,0.0,0.0,0.0,0.0,0.0,0.0,0.0,0.0,0.0,0.0,0.0,0.0,0.0,0.0,0.0,0.0,0.0,0.0,0.0,0.0,0.0,0.0,0.0,0.0,0.0,0.0,0.0,0.0,0.0,0.0,0.0,0.0,0.0,0.0,0.0,0.0,0.0,0.0,0.0,0.0,0.0,0.0,0.0,0.0,0.0,0.0,0.0,0.0,0.0,0.0,0.0,0.0,0.0,0.0,0.0,0.0,0.0,0.0,0.0,0.0,0.0,0.0,0.0,0.0,0.0,0.0,0.0,0.0,0.0,0.0,0.0,0.0,0.0,0.0,0.0,0.0,0.0,0.0,0.0,0.0,0.0,0.0,7,flair,Female names,0
8,2.014838457107544,0.999155447364499,0.3930308746153082,0.3928748635506599,0.39295285359801485,0.0,0.9779941383935223,0.8853333333333333,0.5949820788530465,0.7116827438370846,0.0,0.0,0.0,0.8526315789473684,0.84375,0.8481675392670157,0.900523560209424,0.9555555555555556,0.9272237196765499,0.8876404494382022,0.4906832298136646,0.632,0.8853333333333333,0.7597254004576659,0.8177339901477833,0.0601101663190545,0.0,0.0,0.0,0.0,0.0,0.0,0.0,0.0,0.0,0.0,0.0,0.0,0.0,0.0,0.0,0.0,0.0,0.0,0.0,0.0,0.0,0.0,0.0,0.0,0.0,0.0,0.0,0.0,0.0,0.0,0.0,0.0,0.0,0.0,0.0,0.0,0.0,0.0,0.0,0.0,0.0,0.0,0.0,0.0,0.0,0.0,0.0,0.0,0.0,0.0,0.0,0.0,0.0,0.0,0.0,0.0,0.0,0.0,0.0,0.0,0.0,0.0,0.0,0.0,0.0,0.0,0.0,0.0,0.0,0.0,0.0,0.0,0.0,0.0,0.0,0.0,0.0,0.0,0.0,0.0,0.0,0.0,0.0,0.0,0.0,0.0,0.0,0.0,0.0,0.0,0.0,0.0,0.0,0.0,0.0,0.0,0.0,0.0,0.0,0.0,0.0,0.0,0.0,8,flair,Female names,0
9,1.632472276687622,0.9991536814855378,0.3938519697572622,0.39373446046742916,0.3937932063460487,0.0,0.9779968140183194,0.8847184986595175,0.5913978494623656,0.7089151450053707,0.0,0.0,0.0,0.8526315789473684,0.84375,0.8481675392670157,0.8994708994708994,0.9444444444444444,0.9214092140921409,0.8876404494382022,0.4906832298136646,0.632,0.8847184986595175,0.7551487414187643,0.8148148148148148,0.060251943178772444,0.0,0.0,0.0,0.0,0.0,0.0,0.0,0.0,0.0,0.0,0.0,0.0,0.0,0.0,0.0,0.0,0.0,0.0,0.0,0.0,0.0,0.0,0.0,0.0,0.0,0.0,0.0,0.0,0.0,0.0,0.0,0.0,0.0,0.0,0.0,0.0,0.0,0.0,0.0,0.0,0.0,0.0,0.0,0.0,0.0,0.0,0.0,0.0,0.0,0.0,0.0,0.0,0.0,0.0,0.0,0.0,0.0,0.0,0.0,0.0,0.0,0.0,0.0,0.0,0.0,0.0,0.0,0.0,0.0,0.0,0.0,0.0,0.0,0.0,0.0,0.0,0.0,0.0,0.0,0.0,0.0,0.0,0.0,0.0,0.0,0.0,0.0,0.0,0.0,0.0,0.0,0.0,0.0,0.0,0.0,0.0,0.0,0.0,0.0,0.0,0.0,0.0,0.0,9,flair,Female names,0
10,1.9807841777801514,0.9991547755183215,0.39264778936910083,0.3924918065349091,0.3925697824575345,0.0,0.978076062639821,0.8793565683646113,0.5878136200716846,0.7046186895810956,0.0,0.0,0.0,0.8617021276595744,0.84375,0.8526315789473684,0.8894736842105263,0.9388888888888889,0.9135135135135135,0.8764044943820225,0.484472049689441,0.624,0.8793565683646113,0.7505720823798627,0.8098765432098767,0.06016164427554461,0.0,0.0,0.0,0.0,0.0,0.0,0.0,0.0,0.0,0.0,0.0,0.0,0.0,0.0,0.0,0.0,0.0,0.0,0.0,0.0,0.0,0.0,0.0,0.0,0.0,0.0,0.0,0.0,0.0,0.0,0.0,0.0,0.0,0.0,0.0,0.0,0.0,0.0,0.0,0.0,0.0,0.0,0.0,0.0,0.0,0.0,0.0,0.0,0.0,0.0,0.0,0.0,0.0,0.0,0.0,0.0,0.0,0.0,0.0,0.0,0.0,0.0,0.0,0.0,0.0,0.0,0.0,0.0,0.0,0.0,0.0,0.0,0.0,0.0,0.0,0.0,0.0,0.0,0.0,0.0,0.0,0.0,0.0,0.0,0.0,0.0,0.0,0.0,0.0,0.0,0.0,0.0,0.0,0.0,0.0,0.0,0.0,0.0,0.0,0.0,0.0,0.0,0.0,10,flair,Female names,0
11,1.7101001739501953,0.9991552795031057,0.39310892662099095,0.3929528535980149,0.3930308746153083,0.0,0.9783872410195259,0.8900804289544236,0.5949820788530465,0.7132116004296455,0.0,0.0,0.0,0.8617021276595744,0.84375,0.8526315789473684,0.90625,0.9666666666666667,0.9354838709677419,0.8850574712643678,0.4782608695652174,0.6209677419354839,0.8900804289544236,0.7597254004576659,0.8197530864197532,0.060123027547472584,0.0,0.0,0.0,0.0,0.0,0.0,0.0,0.0,0.0,0.0,0.0,0.0,0.0,0.0,0.0,0.0,0.0,0.0,0.0,0.0,0.0,0.0,0.0,0.0,0.0,0.0,0.0,0.0,0.0,0.0,0.0,0.0,0.0,0.0,0.0,0.0,0.0,0.0,0.0,0.0,0.0,0.0,0.0,0.0,0.0,0.0,0.0,0.0,0.0,0.0,0.0,0.0,0.0,0.0,0.0,0.0,0.0,0.0,0.0,0.0,0.0,0.0,0.0,0.0,0.0,0.0,0.0,0.0,0.0,0.0,0.0,0.0,0.0,0.0,0.0,0.0,0.0,0.0,0.0,0.0,0.0,0.0,0.0,0.0,0.0,0.0,0.0,0.0,0.0,0.0,0.0,0.0,0.0,0.0,0.0,0.0,0.0,0.0,0.0,0.0,0.0,0.0,0.0,11,flair,Female names,0
12,1.653977632522583,0.9991535972118496,0.3928962292309223,0.3927789934354486,0.3928376025864213,0.0,0.9779946231205815,0.8766756032171582,0.5860215053763441,0.7024704618689581,0.0,0.0,0.0,0.8617021276595744,0.84375,0.8526315789473684,0.8936170212765957,0.9333333333333333,0.9130434782608695,0.8571428571428571,0.484472049689441,0.6190476190476192,0.8766756032171582,0.7482837528604119,0.8074074074074075,0.06025840347397201,0.0,0.0,0.0,0.0,0.0,0.0,0.0,0.0,0.0,0.0,0.0,0.0,0.0,0.0,0.0,0.0,0.0,0.0,0.0,0.0,0.0,0.0,0.0,0.0,0.0,0.0,0.0,0.0,0.0,0.0,0.0,0.0,0.0,0.0,0.0,0.0,0.0,0.0,0.0,0.0,0.0,0.0,0.0,0.0,0.0,0.0,0.0,0.0,0.0,0.0,0.0,0.0,0.0,0.0,0.0,0.0,0.0,0.0,0.0,0.0,0.0,0.0,0.0,0.0,0.0,0.0,0.0,0.0,0.0,0.0,0.0,0.0,0.0,0.0,0.0,0.0,0.0,0.0,0.0,0.0,0.0,0.0,0.0,0.0,0.0,0.0,0.0,0.0,0.0,0.0,0.0,0.0,0.0,0.0,0.0,0.0,0.0,0.0,0.0,0.0,0.0,0.0,0.0,12,flair,Female names,0
13,2.065363645553589,0.9991533442900543,0.39171974522292996,0.39156386788698766,0.39164179104477614,0.0,0.9784373288182859,0.8870967741935484,0.5913978494623656,0.7096774193548387,0.0,0.0,0.0,0.8617021276595744,0.84375,0.8526315789473684,0.9090909090909091,0.9444444444444444,0.9264305177111717,0.8681318681318682,0.4906832298136646,0.6269841269841271,0.8870967741935484,0.7551487414187643,0.8158220024721878,0.060271328221352345,0.0,0.0,0.0,0.0,0.0,0.0,0.0,0.0,0.0,0.0,0.0,0.0,0.0,0.0,0.0,0.0,0.0,0.0,0.0,0.0,0.0,0.0,0.0,0.0,0.0,0.0,0.0,0.0,0.0,0.0,0.0,0.0,0.0,0.0,0.0,0.0,0.0,0.0,0.0,0.0,0.0,0.0,0.0,0.0,0.0,0.0,0.0,0.0,0.0,0.0,0.0,0.0,0.0,0.0,0.0,0.0,0.0,0.0,0.0,0.0,0.0,0.0,0.0,0.0,0.0,0.0,0.0,0.0,0.0,0.0,0.0,0.0,0.0,0.0,0.0,0.0,0.0,0.0,0.0,0.0,0.0,0.0,0.0,0.0,0.0,0.0,0.0,0.0,0.0,0.0,0.0,0.0,0.0,0.0,0.0,0.0,0.0,0.0,0.0,0.0,0.0,0.0,0.0,13,flair,Female names,0
14,1.6506688594818115,0.9991556990315371,0.3931123461691147,0.3929563492063492,0.39303433220877165,0.0,0.9781000148979491,0.8873994638069705,0.5931899641577061,0.7110633727175081,0.0,0.0,0.0,0.8709677419354839,0.84375,0.8571428571428571,0.9,0.95,0.9243243243243242,0.8777777777777778,0.4906832298136646,0.6294820717131474,0.8873994638069705,0.7574370709382151,0.817283950617284,0.060090884790163064,0.0,0.0,0.0,0.0,0.0,0.0,0.0,0.0,0.0,0.0,0.0,0.0,0.0,0.0,0.0,0.0,0.0,0.0,0.0,0.0,0.0,0.0,0.0,0.0,0.0,0.0,0.0,0.0,0.0,0.0,0.0,0.0,0.0,0.0,0.0,0.0,0.0,0.0,0.0,0.0,0.0,0.0,0.0,0.0,0.0,0.0,0.0,0.0,0.0,0.0,0.0,0.0,0.0,0.0,0.0,0.0,0.0,0.0,0.0,0.0,0.0,0.0,0.0,0.0,0.0,0.0,0.0,0.0,0.0,0.0,0.0,0.0,0.0,0.0,0.0,0.0,0.0,0.0,0.0,0.0,0.0,0.0,0.0,0.0,0.0,0.0,0.0,0.0,0.0,0.0,0.0,0.0,0.0,0.0,0.0,0.0,0.0,0.0,0.0,0.0,0.0,0.0,0.0,14,flair,Female names,0
15,1.65004301071167,0.9991547755183215,0.3931445603576751,0.3929883801767802,0.39306645475315394,0.0,0.9787720606512553,0.8806366047745358,0.5949820788530465,0.7101604278074866,0.0,0.0,0.0,0.8617021276595744,0.84375,0.8526315789473684,0.9,0.95,0.9243243243243242,0.8602150537634409,0.4968944099378882,0.6299212598425197,0.8806366047745358,0.7597254004576659,0.8157248157248157,0.06016164427554461,0.0,0.0,0.0,0.0,0.0,0.0,0.0,0.0,0.0,0.0,0.0,0.0,0.0,0.0,0.0,0.0,0.0,0.0,0.0,0.0,0.0,0.0,0.0,0.0,0.0,0.0,0.0,0.0,0.0,0.0,0.0,0.0,0.0,0.0,0.0,0.0,0.0,0.0,0.0,0.0,0.0,0.0,0.0,0.0,0.0,0.0,0.0,0.0,0.0,0.0,0.0,0.0,0.0,0.0,0.0,0.0,0.0,0.0,0.0,0.0,0.0,0.0,0.0,0.0,0.0,0.0,0.0,0.0,0.0,0.0,0.0,0.0,0.0,0.0,0.0,0.0,0.0,0.0,0.0,0.0,0.0,0.0,0.0,0.0,0.0,0.0,0.0,0.0,0.0,0.0,0.0,0.0,0.0,0.0,0.0,0.0,0.0,0.0,0.0,0.0,0.0,0.0,0.0,15,flair,Female names,0
16,2.034428119659424,0.9991564531335285,0.3938522558254834,0.3936961046684508,0.39377416476653115,0.0,0.9780203423468122,0.8776595744680851,0.5913978494623656,0.7066381156316918,0.0,0.0,0.0,0.8617021276595744,0.84375,0.8526315789473684,0.8952879581151832,0.95,0.921832884097035,0.8571428571428571,0.484472049689441,0.6190476190476192,0.8776595744680851,0.7551487414187643,0.8118081180811808,0.06003311435133259,0.0,0.0,0.0,0.0,0.0,0.0,0.0,0.0,0.0,0.0,0.0,0.0,0.0,0.0,0.0,0.0,0.0,0.0,0.0,0.0,0.0,0.0,0.0,0.0,0.0,0.0,0.0,0.0,0.0,0.0,0.0,0.0,0.0,0.0,0.0,0.0,0.0,0.0,0.0,0.0,0.0,0.0,0.0,0.0,0.0,0.0,0.0,0.0,0.0,0.0,0.0,0.0,0.0,0.0,0.0,0.0,0.0,0.0,0.0,0.0,0.0,0.0,0.0,0.0,0.0,0.0,0.0,0.0,0.0,0.0,0.0,0.0,0.0,0.0,0.0,0.0,0.0,0.0,0.0,0.0,0.0,0.0,0.0,0.0,0.0,0.0,0.0,0.0,0.0,0.0,0.0,0.0,0.0,0.0,0.0,0.0,0.0,0.0,0.0,0.0,0.0,0.0,0.0,16,flair,Female names,0
17,1.6434390544891357,0.9991543550713824,0.3920477137176938,0.3918918918918919,0.3919697873186245,0.0,0.9780651579209152,0.8826666666666667,0.5931899641577061,0.7095391211146838,0.0,0.0,0.0,0.8617021276595744,0.84375,0.8526315789473684,0.9042553191489362,0.9444444444444444,0.9239130434782609,0.8602150537634409,0.4968944099378882,0.6299212598425197,0.8826666666666667,0.7574370709382151,0.8152709359605911,0.060193862796551166,0.0,0.0,0.0,0.0,0.0,0.0,0.0,0.0,0.0,0.0,0.0,0.0,0.0,0.0,0.0,0.0,0.0,0.0,0.0,0.0,0.0,0.0,0.0,0.0,0.0,0.0,0.0,0.0,0.0,0.0,0.0,0.0,0.0,0.0,0.0,0.0,0.0,0.0,0.0,0.0,0.0,0.0,0.0,0.0,0.0,0.0,0.0,0.0,0.0,0.0,0.0,0.0,0.0,0.0,0.0,0.0,0.0,0.0,0.0,0.0,0.0,0.0,0.0,0.0,0.0,0.0,0.0,0.0,0.0,0.0,0.0,0.0,0.0,0.0,0.0,0.0,0.0,0.0,0.0,0.0,0.0,0.0,0.0,0.0,0.0,0.0,0.0,0.0,0.0,0.0,0.0,0.0,0.0,0.0,0.0,0.0,0.0,0.0,0.0,0.0,0.0,0.0,0.0,17,flair,Female names,0
18,1.648521900177002,0.9991539342059425,0.3929388363998011,0.3927825827617059,0.3928606940439495,0.0,0.9779547151032595,0.8723404255319149,0.5878136200716846,0.702355460385439,0.0,0.0,0.0,0.8617021276595744,0.84375,0.8526315789473684,0.8802083333333334,0.9388888888888889,0.9086021505376345,0.8666666666666667,0.484472049689441,0.6215139442231076,0.8723404255319149,0.7505720823798627,0.8068880688806889,0.06022611584418367,0.0,0.0,0.0,0.0,0.0,0.0,0.0,0.0,0.0,0.0,0.0,0.0,0.0,0.0,0.0,0.0,0.0,0.0,0.0,0.0,0.0,0.0,0.0,0.0,0.0,0.0,0.0,0.0,0.0,0.0,0.0,0.0,0.0,0.0,0.0,0.0,0.0,0.0,0.0,0.0,0.0,0.0,0.0,0.0,0.0,0.0,0.0,0.0,0.0,0.0,0.0,0.0,0.0,0.0,0.0,0.0,0.0,0.0,0.0,0.0,0.0,0.0,0.0,0.0,0.0,0.0,0.0,0.0,0.0,0.0,0.0,0.0,0.0,0.0,0.0,0.0,0.0,0.0,0.0,0.0,0.0,0.0,0.0,0.0,0.0,0.0,0.0,0.0,0.0,0.0,0.0,0.0,0.0,0.0,0.0,0.0,0.0,0.0,0.0,0.0,0.0,0.0,0.0,18,flair,Female names,0
19,2.0434935092926025,0.9991528379927244,0.392850029874527,0.39269360939677483,0.3927718040621267,0.0,0.9784244356968458,0.8864864864864865,0.5878136200716846,0.7068965517241379,0.0,0.0,0.0,0.8617021276595744,0.84375,0.8526315789473684,0.9086021505376344,0.9388888888888889,0.9234972677595629,0.8666666666666667,0.484472049689441,0.6215139442231076,0.8864864864864865,0.7505720823798627,0.8128872366790584,0.06031013575146215,0.0,0.0,0.0,0.0,0.0,0.0,0.0,0.0,0.0,0.0,0.0,0.0,0.0,0.0,0.0,0.0,0.0,0.0,0.0,0.0,0.0,0.0,0.0,0.0,0.0,0.0,0.0,0.0,0.0,0.0,0.0,0.0,0.0,0.0,0.0,0.0,0.0,0.0,0.0,0.0,0.0,0.0,0.0,0.0,0.0,0.0,0.0,0.0,0.0,0.0,0.0,0.0,0.0,0.0,0.0,0.0,0.0,0.0,0.0,0.0,0.0,0.0,0.0,0.0,0.0,0.0,0.0,0.0,0.0,0.0,0.0,0.0,0.0,0.0,0.0,0.0,0.0,0.0,0.0,0.0,0.0,0.0,0.0,0.0,0.0,0.0,0.0,0.0,0.0,0.0,0.0,0.0,0.0,0.0,0.0,0.0,0.0,0.0,0.0,0.0,0.0,0.0,0.0,19,flair,Female names,0
0,1.8015997409820557,0.9991542709317944,0.39327965006461874,0.39316239316239315,0.3932210128721237,0.0,0.9779126455079097,0.8877005347593583,0.5949820788530465,0.7124463519313304,0.0,0.0,0.0,0.8709677419354839,0.84375,0.8571428571428571,0.9047619047619048,0.95,0.9268292682926829,0.8695652173913043,0.4968944099378882,0.6324110671936759,0.8877005347593583,0.7597254004576659,0.8187422934648583,0.06020675986930205,0.0,0.0,0.0,0.0,0.0,0.0,0.0,0.0,0.0,0.0,0.0,0.0,0.0,0.0,0.0,0.0,0.0,0.0,0.0,0.0,0.0,0.0,0.0,0.0,0.0,0.0,0.0,0.0,0.0,0.0,0.0,0.0,0.0,0.0,0.0,0.0,0.0,0.0,0.0,0.0,0.0,0.0,0.0,0.0,0.0,0.0,0.0,0.0,0.0,0.0,0.0,0.0,0.0,0.0,0.0,0.0,0.0,0.0,0.0,0.0,0.0,0.0,0.0,0.0,0.0,0.0,0.0,0.0,0.0,0.0,0.0,0.0,0.0,0.0,0.0,0.0,0.0,0.0,0.0,0.0,0.0,0.0,0.0,0.0,0.0,0.0,0.0,0.0,0.0,0.0,0.0,0.0,0.0,0.0,0.0,0.0,0.0,0.0,0.0,0.0,0.0,0.0,0.0,0,flair,Male names,1
1,1.6737897396087646,0.9991055456171735,0.39221527157183994,0.3920206431123462,0.3921179331910458,0.0,0.978387241019526,0.8779840848806366,0.5931899641577061,0.7080213903743315,0.0,0.0,0.0,0.8617021276595744,0.84375,0.8526315789473684,0.882051282051282,0.9555555555555556,0.9173333333333333,0.8863636363636364,0.484472049689441,0.6265060240963854,0.8779840848806366,0.7574370709382151,0.8132678132678133,0.06011981172443304,0.0,0.0,0.0,0.0,0.0,0.0,0.0,0.0,0.0,0.0,0.0,0.0,0.0,0.0,0.0,0.0,0.0,0.0,0.0,0.0,0.0,0.0,0.0,0.0,0.0,0.0,0.0,0.0,0.0,0.0,0.0,0.0,0.0,0.0,0.0,0.0,0.0,0.0,0.0,0.0,0.0,0.0,0.0,0.0,0.0,0.0,0.0,0.0,0.0,0.0,0.0,0.0,0.0,0.0,0.0,0.0,0.0,0.0,0.0,0.0,0.0,0.0,0.0,0.0,0.0,0.0,0.0,0.0,0.0,0.0,0.0,0.0,0.0,0.0,0.0,0.0,0.0,0.0,0.0,0.0,0.0,0.0,0.0,0.0,0.0,0.0,0.0,0.0,0.0,0.0,0.0,0.0,0.0,0.0,0.0,0.0,0.0,0.0,0.0,0.0,0.0,0.0,0.0,1,flair,Male names,1
2,2.101564884185791,0.9991540184125405,0.3929992044550517,0.39284294234592443,0.3929210578643865,0.0,0.9781559436731851,0.8918918918918919,0.5913978494623656,0.7112068965517242,0.0,0.0,0.0,0.8617021276595744,0.84375,0.8526315789473684,0.9090909090909091,0.9444444444444444,0.9264305177111717,0.8876404494382022,0.4906832298136646,0.632,0.8918918918918919,0.7551487414187643,0.8178438661710038,0.060219662469863385,0.0,0.0,0.0,0.0,0.0,0.0,0.0,0.0,0.0,0.0,0.0,0.0,0.0,0.0,0.0,0.0,0.0,0.0,0.0,0.0,0.0,0.0,0.0,0.0,0.0,0.0,0.0,0.0,0.0,0.0,0.0,0.0,0.0,0.0,0.0,0.0,0.0,0.0,0.0,0.0,0.0,0.0,0.0,0.0,0.0,0.0,0.0,0.0,0.0,0.0,0.0,0.0,0.0,0.0,0.0,0.0,0.0,0.0,0.0,0.0,0.0,0.0,0.0,0.0,0.0,0.0,0.0,0.0,0.0,0.0,0.0,0.0,0.0,0.0,0.0,0.0,0.0,0.0,0.0,0.0,0.0,0.0,0.0,0.0,0.0,0.0,0.0,0.0,0.0,0.0,0.0,0.0,0.0,0.0,0.0,0.0,0.0,0.0,0.0,0.0,0.0,0.0,0.0,2,flair,Male names,1
3,1.6518523693084717,0.9991559505486322,0.39299533683897214,0.3928394327085193,0.39291736930860033,0.0,0.9781065382515018,0.8776595744680851,0.5913978494623656,0.7066381156316918,0.0,0.0,0.0,0.8617021276595744,0.84375,0.8526315789473684,0.8900523560209425,0.9444444444444444,0.9164420485175202,0.8681318681318682,0.4906832298136646,0.6269841269841271,0.8776595744680851,0.7551487414187643,0.8118081180811808,0.060071615627171185,0.0,0.0,0.0,0.0,0.0,0.0,0.0,0.0,0.0,0.0,0.0,0.0,0.0,0.0,0.0,0.0,0.0,0.0,0.0,0.0,0.0,0.0,0.0,0.0,0.0,0.0,0.0,0.0,0.0,0.0,0.0,0.0,0.0,0.0,0.0,0.0,0.0,0.0,0.0,0.0,0.0,0.0,0.0,0.0,0.0,0.0,0.0,0.0,0.0,0.0,0.0,0.0,0.0,0.0,0.0,0.0,0.0,0.0,0.0,0.0,0.0,0.0,0.0,0.0,0.0,0.0,0.0,0.0,0.0,0.0,0.0,0.0,0.0,0.0,0.0,0.0,0.0,0.0,0.0,0.0,0.0,0.0,0.0,0.0,0.0,0.0,0.0,0.0,0.0,0.0,0.0,0.0,0.0,0.0,0.0,0.0,0.0,0.0,0.0,0.0,0.0,0.0,0.0,3,flair,Male names,1
4,1.6555731296539307,0.9991549435800566,0.39247044799841063,0.3923535253227408,0.3924119779510354,0.0,0.9781776606849928,0.8856382978723404,0.5967741935483871,0.7130620985010707,0.0,0.0,0.0,0.8526315789473684,0.84375,0.8481675392670157,0.90625,0.9666666666666667,0.9354838709677419,0.8764044943820225,0.484472049689441,0.624,0.8856382978723404,0.7620137299771167,0.8191881918819187,0.060155204709660154,0.0,0.0,0.0,0.0,0.0,0.0,0.0,0.0,0.0,0.0,0.0,0.0,0.0,0.0,0.0,0.0,0.0,0.0,0.0,0.0,0.0,0.0,0.0,0.0,0.0,0.0,0.0,0.0,0.0,0.0,0.0,0.0,0.0,0.0,0.0,0.0,0.0,0.0,0.0,0.0,0.0,0.0,0.0,0.0,0.0,0.0,0.0,0.0,0.0,0.0,0.0,0.0,0.0,0.0,0.0,0.0,0.0,0.0,0.0,0.0,0.0,0.0,0.0,0.0,0.0,0.0,0.0,0.0,0.0,0.0,0.0,0.0,0.0,0.0,0.0,0.0,0.0,0.0,0.0,0.0,0.0,0.0,0.0,0.0,0.0,0.0,0.0,0.0,0.0,0.0,0.0,0.0,0.0,0.0,0.0,0.0,0.0,0.0,0.0,0.0,0.0,0.0,0.0,4,flair,Male names,1
5,2.0966055393218994,0.9991542709317944,0.3924843423799583,0.39232833151147767,0.3924063214392207,0.0,0.9781624633139332,0.8783068783068783,0.5949820788530465,0.7094017094017093,0.0,0.0,0.0,0.8617021276595744,0.84375,0.8526315789473684,0.8911917098445595,0.9555555555555556,0.9222520107238605,0.8681318681318682,0.4906832298136646,0.6269841269841271,0.8783068783068783,0.7597254004576659,0.8147239263803681,0.06020031064217236,0.0,0.0,0.0,0.0,0.0,0.0,0.0,0.0,0.0,0.0,0.0,0.0,0.0,0.0,0.0,0.0,0.0,0.0,0.0,0.0,0.0,0.0,0.0,0.0,0.0,0.0,0.0,0.0,0.0,0.0,0.0,0.0,0.0,0.0,0.0,0.0,0.0,0.0,0.0,0.0,0.0,0.0,0.0,0.0,0.0,0.0,0.0,0.0,0.0,0.0,0.0,0.0,0.0,0.0,0.0,0.0,0.0,0.0,0.0,0.0,0.0,0.0,0.0,0.0,0.0,0.0,0.0,0.0,0.0,0.0,0.0,0.0,0.0,0.0,0.0,0.0,0.0,0.0,0.0,0.0,0.0,0.0,0.0,0.0,0.0,0.0,0.0,0.0,0.0,0.0,0.0,0.0,0.0,0.0,0.0,0.0,0.0,0.0,0.0,0.0,0.0,0.0,0.0,5,flair,Male names,1
6,1.6293995380401611,0.9991535129213763,0.39223880597014926,0.39212175470008953,0.39218027160125357,0.0,0.9783398894587462,0.8840970350404312,0.5878136200716846,0.7061356297093648,0.0,0.0,0.0,0.8617021276595744,0.84375,0.8526315789473684,0.898936170212766,0.9388888888888889,0.9184782608695653,0.8764044943820225,0.484472049689441,0.624,0.8840970350404312,0.7505720823798627,0.8118811881188118,0.06026486515468339,0.0,0.0,0.0,0.0,0.0,0.0,0.0,0.0,0.0,0.0,0.0,0.0,0.0,0.0,0.0,0.0,0.0,0.0,0.0,0.0,0.0,0.0,0.0,0.0,0.0,0.0,0.0,0.0,0.0,0.0,0.0,0.0,0.0,0.0,0.0,0.0,0.0,0.0,0.0,0.0,0.0,0.0,0.0,0.0,0.0,0.0,0.0,0.0,0.0,0.0,0.0,0.0,0.0,0.0,0.0,0.0,0.0,0.0,0.0,0.0,0.0,0.0,0.0,0.0,0.0,0.0,0.0,0.0,0.0,0.0,0.0,0.0,0.0,0.0,0.0,0.0,0.0,0.0,0.0,0.0,0.0,0.0,0.0,0.0,0.0,0.0,0.0,0.0,0.0,0.0,0.0,0.0,0.0,0.0,0.0,0.0,0.0,0.0,0.0,0.0,0.0,0.0,0.0,6,flair,Male names,1
7,2.060800313949585,0.9991551115749714,0.39328632436190286,0.39313014990568845,0.39320822162645214,0.0,0.9782835561298017,0.8954423592493298,0.5985663082437276,0.7175080558539206,0.0,0.0,0.0,0.8617021276595744,0.84375,0.8526315789473684,0.9162303664921466,0.9722222222222222,0.9433962264150944,0.8863636363636364,0.484472049689441,0.6265060240963854,0.8954423592493298,0.7643020594965675,0.8246913580246913,0.06013589428066984,0.0,0.0,0.0,0.0,0.0,0.0,0.0,0.0,0.0,0.0,0.0,0.0,0.0,0.0,0.0,0.0,0.0,0.0,0.0,0.0,0.0,0.0,0.0,0.0,0.0,0.0,0.0,0.0,0.0,0.0,0.0,0.0,0.0,0.0,0.0,0.0,0.0,0.0,0.0,0.0,0.0,0.0,0.0,0.0,0.0,0.0,0.0,0.0,0.0,0.0,0.0,0.0,0.0,0.0,0.0,0.0,0.0,0.0,0.0,0.0,0.0,0.0,0.0,0.0,0.0,0.0,0.0,0.0,0.0,0.0,0.0,0.0,0.0,0.0,0.0,0.0,0.0,0.0,0.0,0.0,0.0,0.0,0.0,0.0,0.0,0.0,0.0,0.0,0.0,0.0,0.0,0.0,0.0,0.0,0.0,0.0,0.0,0.0,0.0,0.0,0.0,0.0,0.0,7,flair,Male names,1
8,1.6567318439483643,0.9991543550713824,0.39244532803180915,0.39232833151147767,0.3923868210505392,0.0,0.977616394747314,0.8766756032171582,0.5860215053763441,0.7024704618689581,0.0,0.0,0.0,0.8617021276595744,0.84375,0.8526315789473684,0.8835978835978836,0.9277777777777778,0.905149051490515,0.8777777777777778,0.4906832298136646,0.6294820717131474,0.8766756032171582,0.7482837528604119,0.8074074074074075,0.06020031064217236,0.0,0.0,0.0,0.0,0.0,0.0,0.0,0.0,0.0,0.0,0.0,0.0,0.0,0.0,0.0,0.0,0.0,0.0,0.0,0.0,0.0,0.0,0.0,0.0,0.0,0.0,0.0,0.0,0.0,0.0,0.0,0.0,0.0,0.0,0.0,0.0,0.0,0.0,0.0,0.0,0.0,0.0,0.0,0.0,0.0,0.0,0.0,0.0,0.0,0.0,0.0,0.0,0.0,0.0,0.0,0.0,0.0,0.0,0.0,0.0,0.0,0.0,0.0,0.0,0.0,0.0,0.0,0.0,0.0,0.0,0.0,0.0,0.0,0.0,0.0,0.0,0.0,0.0,0.0,0.0,0.0,0.0,0.0,0.0,0.0,0.0,0.0,0.0,0.0,0.0,0.0,0.0,0.0,0.0,0.0,0.0,0.0,0.0,0.0,0.0,0.0,0.0,0.0,8,flair,Male names,1
9,1.6582136154174805,0.9991537657424462,0.3929175370536158,0.3927612608133638,0.39283938339134755,0.0,0.9779503260166243,0.8844086021505376,0.589605734767025,0.7075268817204301,0.0,0.0,0.0,0.8709677419354839,0.84375,0.8571428571428571,0.8941798941798942,0.9388888888888889,0.9159891598915989,0.8777777777777778,0.4906832298136646,0.6294820717131474,0.8844086021505376,0.7528604118993135,0.8133498145859085,0.060239026743126645,0.0,0.0,0.0,0.0,0.0,0.0,0.0,0.0,0.0,0.0,0.0,0.0,0.0,0.0,0.0,0.0,0.0,0.0,0.0,0.0,0.0,0.0,0.0,0.0,0.0,0.0,0.0,0.0,0.0,0.0,0.0,0.0,0.0,0.0,0.0,0.0,0.0,0.0,0.0,0.0,0.0,0.0,0.0,0.0,0.0,0.0,0.0,0.0,0.0,0.0,0.0,0.0,0.0,0.0,0.0,0.0,0.0,0.0,0.0,0.0,0.0,0.0,0.0,0.0,0.0,0.0,0.0,0.0,0.0,0.0,0.0,0.0,0.0,0.0,0.0,0.0,0.0,0.0,0.0,0.0,0.0,0.0,0.0,0.0,0.0,0.0,0.0,0.0,0.0,0.0,0.0,0.0,0.0,0.0,0.0,0.0,0.0,0.0,0.0,0.0,0.0,0.0,0.0,9,flair,Male names,1
10,2.0744361877441406,0.9991536814855378,0.3920612813370474,0.39190533015115353,0.39198329023274325,0.0,0.9782468017322914,0.8773333333333333,0.589605734767025,0.705251875669882,0.0,0.0,0.0,0.8617021276595744,0.84375,0.8526315789473684,0.9037433155080213,0.9388888888888889,0.9209809264305178,0.8404255319148937,0.4906832298136646,0.6196078431372549,0.8773333333333333,0.7528604118993135,0.8103448275862069,0.06024548426863912,0.0,0.0,0.0,0.0,0.0,0.0,0.0,0.0,0.0,0.0,0.0,0.0,0.0,0.0,0.0,0.0,0.0,0.0,0.0,0.0,0.0,0.0,0.0,0.0,0.0,0.0,0.0,0.0,0.0,0.0,0.0,0.0,0.0,0.0,0.0,0.0,0.0,0.0,0.0,0.0,0.0,0.0,0.0,0.0,0.0,0.0,0.0,0.0,0.0,0.0,0.0,0.0,0.0,0.0,0.0,0.0,0.0,0.0,0.0,0.0,0.0,0.0,0.0,0.0,0.0,0.0,0.0,0.0,0.0,0.0,0.0,0.0,0.0,0.0,0.0,0.0,0.0,0.0,0.0,0.0,0.0,0.0,0.0,0.0,0.0,0.0,0.0,0.0,0.0,0.0,0.0,0.0,0.0,0.0,0.0,0.0,0.0,0.0,0.0,0.0,0.0,0.0,0.0,10,flair,Male names,1
11,1.6449408531188965,0.9991536814855378,0.39275766016713093,0.3926014319809069,0.39267953053511045,0.0,0.9783463587037682,0.8903743315508021,0.5967741935483871,0.7145922746781116,0.0,0.0,0.0,0.8617021276595744,0.84375,0.8526315789473684,0.91005291005291,0.9555555555555556,0.932249322493225,0.8791208791208791,0.4968944099378882,0.6349206349206349,0.8903743315508021,0.7620137299771167,0.8212083847102342,0.06024548426863912,0.0,0.0,0.0,0.0,0.0,0.0,0.0,0.0,0.0,0.0,0.0,0.0,0.0,0.0,0.0,0.0,0.0,0.0,0.0,0.0,0.0,0.0,0.0,0.0,0.0,0.0,0.0,0.0,0.0,0.0,0.0,0.0,0.0,0.0,0.0,0.0,0.0,0.0,0.0,0.0,0.0,0.0,0.0,0.0,0.0,0.0,0.0,0.0,0.0,0.0,0.0,0.0,0.0,0.0,0.0,0.0,0.0,0.0,0.0,0.0,0.0,0.0,0.0,0.0,0.0,0.0,0.0,0.0,0.0,0.0,0.0,0.0,0.0,0.0,0.0,0.0,0.0,0.0,0.0,0.0,0.0,0.0,0.0,0.0,0.0,0.0,0.0,0.0,0.0,0.0,0.0,0.0,0.0,0.0,0.0,0.0,0.0,0.0,0.0,0.0,0.0,0.0,0.0,11,flair,Male names,1
12,1.6257517337799072,0.9991036749327756,0.3928358208955224,0.3926404773744406,0.392738124844566,0.0,0.9781428927059994,0.8906666666666667,0.5985663082437276,0.7159699892818864,0.0,0.0,0.0,0.8617021276595744,0.84375,0.8526315789473684,0.9114583333333334,0.9722222222222222,0.9408602150537634,0.8764044943820225,0.484472049689441,0.624,0.8906666666666667,0.7643020594965675,0.8226600985221675,0.06025517315321111,0.0,0.0,0.0,0.0,0.0,0.0,0.0,0.0,0.0,0.0,0.0,0.0,0.0,0.0,0.0,0.0,0.0,0.0,0.0,0.0,0.0,0.0,0.0,0.0,0.0,0.0,0.0,0.0,0.0,0.0,0.0,0.0,0.0,0.0,0.0,0.0,0.0,0.0,0.0,0.0,0.0,0.0,0.0,0.0,0.0,0.0,0.0,0.0,0.0,0.0,0.0,0.0,0.0,0.0,0.0,0.0,0.0,0.0,0.0,0.0,0.0,0.0,0.0,0.0,0.0,0.0,0.0,0.0,0.0,0.0,0.0,0.0,0.0,0.0,0.0,0.0,0.0,0.0,0.0,0.0,0.0,0.0,0.0,0.0,0.0,0.0,0.0,0.0,0.0,0.0,0.0,0.0,0.0,0.0,0.0,0.0,0.0,0.0,0.0,0.0,0.0,0.0,0.0,12,flair,Male names,1
13,2.0475244522094727,0.9991555312701803,0.3930911256700417,0.39297409943435546,0.39303260384100047,0.0,0.9781442479634412,0.88,0.5913978494623656,0.707395498392283,0.0,0.0,0.0,0.8617021276595744,0.84375,0.8526315789473684,0.8900523560209425,0.9444444444444444,0.9164420485175202,0.8777777777777778,0.4906832298136646,0.6294820717131474,0.88,0.7551487414187643,0.8128078817733991,0.0601101663190545,0.0,0.0,0.0,0.0,0.0,0.0,0.0,0.0,0.0,0.0,0.0,0.0,0.0,0.0,0.0,0.0,0.0,0.0,0.0,0.0,0.0,0.0,0.0,0.0,0.0,0.0,0.0,0.0,0.0,0.0,0.0,0.0,0.0,0.0,0.0,0.0,0.0,0.0,0.0,0.0,0.0,0.0,0.0,0.0,0.0,0.0,0.0,0.0,0.0,0.0,0.0,0.0,0.0,0.0,0.0,0.0,0.0,0.0,0.0,0.0,0.0,0.0,0.0,0.0,0.0,0.0,0.0,0.0,0.0,0.0,0.0,0.0,0.0,0.0,0.0,0.0,0.0,0.0,0.0,0.0,0.0,0.0,0.0,0.0,0.0,0.0,0.0,0.0,0.0,0.0,0.0,0.0,0.0,0.0,0.0,0.0,0.0,0.0,0.0,0.0,0.0,0.0,0.0,13,flair,Male names,1
14,1.6441683769226074,0.9991555312701803,0.3918006750049633,0.39164516769200236,0.3917229059150456,0.0,0.9778969850494215,0.88,0.5913978494623656,0.707395498392283,0.0,0.0,0.0,0.8709677419354839,0.84375,0.8571428571428571,0.8848167539267016,0.9388888888888889,0.9110512129380054,0.8791208791208791,0.4968944099378882,0.6349206349206349,0.88,0.7551487414187643,0.8128078817733991,0.060103737768033794,0.0,0.0,0.0,0.0,0.0,0.0,0.0,0.0,0.0,0.0,0.0,0.0,0.0,0.0,0.0,0.0,0.0,0.0,0.0,0.0,0.0,0.0,0.0,0.0,0.0,0.0,0.0,0.0,0.0,0.0,0.0,0.0,0.0,0.0,0.0,0.0,0.0,0.0,0.0,0.0,0.0,0.0,0.0,0.0,0.0,0.0,0.0,0.0,0.0,0.0,0.0,0.0,0.0,0.0,0.0,0.0,0.0,0.0,0.0,0.0,0.0,0.0,0.0,0.0,0.0,0.0,0.0,0.0,0.0,0.0,0.0,0.0,0.0,0.0,0.0,0.0,0.0,0.0,0.0,0.0,0.0,0.0,0.0,0.0,0.0,0.0,0.0,0.0,0.0,0.0,0.0,0.0,0.0,0.0,0.0,0.0,0.0,0.0,0.0,0.0,0.0,0.0,0.0,14,flair,Male names,1
15,1.6377770900726318,0.9991542709317944,0.392086688537628,0.3919308357348703,0.3920087466454627,0.0,0.9783614385912549,0.872,0.5860215053763441,0.7009646302250804,0.0,0.0,0.0,0.8617021276595744,0.84375,0.8526315789473684,0.8842105263157894,0.9333333333333333,0.9081081081081082,0.8571428571428571,0.484472049689441,0.6190476190476192,0.872,0.7482837528604119,0.8054187192118227,0.06020031064217236,0.0,0.0,0.0,0.0,0.0,0.0,0.0,0.0,0.0,0.0,0.0,0.0,0.0,0.0,0.0,0.0,0.0,0.0,0.0,0.0,0.0,0.0,0.0,0.0,0.0,0.0,0.0,0.0,0.0,0.0,0.0,0.0,0.0,0.0,0.0,0.0,0.0,0.0,0.0,0.0,0.0,0.0,0.0,0.0,0.0,0.0,0.0,0.0,0.0,0.0,0.0,0.0,0.0,0.0,0.0,0.0,0.0,0.0,0.0,0.0,0.0,0.0,0.0,0.0,0.0,0.0,0.0,0.0,0.0,0.0,0.0,0.0,0.0,0.0,0.0,0.0,0.0,0.0,0.0,0.0,0.0,0.0,0.0,0.0,0.0,0.0,0.0,0.0,0.0,0.0,0.0,0.0,0.0,0.0,0.0,0.0,0.0,0.0,0.0,0.0,0.0,0.0,0.0,15,flair,Male names,1
16,2.075446844100952,0.9991543550713824,0.39363817097415504,0.3934817170111288,0.3935599284436493,0.0,0.9776672469534942,0.8809523809523809,0.5967741935483871,0.7115384615384616,0.0,0.0,0.0,0.8617021276595744,0.84375,0.8526315789473684,0.9010416666666666,0.9611111111111111,0.9301075268817204,0.8586956521739131,0.4906832298136646,0.624505928853755,0.8809523809523809,0.7620137299771167,0.8171779141104295,0.060193862796551166,0.0,0.0,0.0,0.0,0.0,0.0,0.0,0.0,0.0,0.0,0.0,0.0,0.0,0.0,0.0,0.0,0.0,0.0,0.0,0.0,0.0,0.0,0.0,0.0,0.0,0.0,0.0,0.0,0.0,0.0,0.0,0.0,0.0,0.0,0.0,0.0,0.0,0.0,0.0,0.0,0.0,0.0,0.0,0.0,0.0,0.0,0.0,0.0,0.0,0.0,0.0,0.0,0.0,0.0,0.0,0.0,0.0,0.0,0.0,0.0,0.0,0.0,0.0,0.0,0.0,0.0,0.0,0.0,0.0,0.0,0.0,0.0,0.0,0.0,0.0,0.0,0.0,0.0,0.0,0.0,0.0,0.0,0.0,0.0,0.0,0.0,0.0,0.0,0.0,0.0,0.0,0.0,0.0,0.0,0.0,0.0,0.0,0.0,0.0,0.0,0.0,0.0,0.0,16,flair,Male names,1
17,1.6182730197906494,0.9991034070531979,0.39185826614909924,0.3917023181772958,0.3917802766444422,0.0,0.9779349504408029,0.8810810810810811,0.5842293906810035,0.7025862068965517,0.0,0.0,0.0,0.8709677419354839,0.84375,0.8571428571428571,0.8918918918918919,0.9166666666666666,0.9041095890410958,0.8695652173913043,0.4968944099378882,0.6324110671936759,0.8810810810810811,0.7459954233409611,0.8079306071871128,0.060281025421001826,0.0,0.0,0.0,0.0,0.0,0.0,0.0,0.0,0.0,0.0,0.0,0.0,0.0,0.0,0.0,0.0,0.0,0.0,0.0,0.0,0.0,0.0,0.0,0.0,0.0,0.0,0.0,0.0,0.0,0.0,0.0,0.0,0.0,0.0,0.0,0.0,0.0,0.0,0.0,0.0,0.0,0.0,0.0,0.0,0.0,0.0,0.0,0.0,0.0,0.0,0.0,0.0,0.0,0.0,0.0,0.0,0.0,0.0,0.0,0.0,0.0,0.0,0.0,0.0,0.0,0.0,0.0,0.0,0.0,0.0,0.0,0.0,0.0,0.0,0.0,0.0,0.0,0.0,0.0,0.0,0.0,0.0,0.0,0.0,0.0,0.0,0.0,0.0,0.0,0.0,0.0,0.0,0.0,0.0,0.0,0.0,0.0,0.0,0.0,0.0,0.0,0.0,0.0,17,flair,Male names,1
18,1.6239402294158936,0.9991534286141128,0.3922778385909046,0.39212175470008953,0.3921997811163068,0.0,0.978240302743614,0.8740157480314961,0.5967741935483871,0.7092651757188498,0.0,0.0,0.0,0.84375,0.84375,0.84375,0.8911917098445595,0.9555555555555556,0.9222520107238605,0.8695652173913043,0.4968944099378882,0.6324110671936759,0.8740157480314961,0.7620137299771167,0.8141809290953544,0.06026486515468339,0.0,0.0,0.0,0.0,0.0,0.0,0.0,0.0,0.0,0.0,0.0,0.0,0.0,0.0,0.0,0.0,0.0,0.0,0.0,0.0,0.0,0.0,0.0,0.0,0.0,0.0,0.0,0.0,0.0,0.0,0.0,0.0,0.0,0.0,0.0,0.0,0.0,0.0,0.0,0.0,0.0,0.0,0.0,0.0,0.0,0.0,0.0,0.0,0.0,0.0,0.0,0.0,0.0,0.0,0.0,0.0,0.0,0.0,0.0,0.0,0.0,0.0,0.0,0.0,0.0,0.0,0.0,0.0,0.0,0.0,0.0,0.0,0.0,0.0,0.0,0.0,0.0,0.0,0.0,0.0,0.0,0.0,0.0,0.0,0.0,0.0,0.0,0.0,0.0,0.0,0.0,0.0,0.0,0.0,0.0,0.0,0.0,0.0,0.0,0.0,0.0,0.0,0.0,18,flair,Male names,1
19,2.0085670948028564,0.9991556151591914,0.3937468982630273,0.39359063399146743,0.3936687506202243,0.0,0.9778991805314129,0.8823529411764706,0.5913978494623656,0.7081545064377683,0.0,0.0,0.0,0.8617021276595744,0.84375,0.8526315789473684,0.9,0.95,0.9243243243243242,0.8666666666666667,0.484472049689441,0.6215139442231076,0.8823529411764706,0.7551487414187643,0.813810110974106,0.060097310591883654,0.0,0.0,0.0,0.0,0.0,0.0,0.0,0.0,0.0,0.0,0.0,0.0,0.0,0.0,0.0,0.0,0.0,0.0,0.0,0.0,0.0,0.0,0.0,0.0,0.0,0.0,0.0,0.0,0.0,0.0,0.0,0.0,0.0,0.0,0.0,0.0,0.0,0.0,0.0,0.0,0.0,0.0,0.0,0.0,0.0,0.0,0.0,0.0,0.0,0.0,0.0,0.0,0.0,0.0,0.0,0.0,0.0,0.0,0.0,0.0,0.0,0.0,0.0,0.0,0.0,0.0,0.0,0.0,0.0,0.0,0.0,0.0,0.0,0.0,0.0,0.0,0.0,0.0,0.0,0.0,0.0,0.0,0.0,0.0,0.0,0.0,0.0,0.0,0.0,0.0,0.0,0.0,0.0,0.0,0.0,0.0,0.0,0.0,0.0,0.0,0.0,0.0,0.0,19,flair,Male names,1
