,wall_time,token_acc,token_p,token_r,token_f,pos_acc,tag_acc,ents_p,ents_r,ents_f,ents_per_type_MISC_p,ents_per_type_MISC_r,ents_per_type_MISC_f,ents_per_type_LOC_p,ents_per_type_LOC_r,ents_per_type_LOC_f,ents_per_type_PER_p,ents_per_type_PER_r,ents_per_type_PER_f,ents_per_type_ORG_p,ents_per_type_ORG_r,ents_per_type_ORG_f,ents_excl_MISC_ents_p,ents_excl_MISC_ents_r,ents_excl_MISC_ents_f,dep_uas,dep_las,dep_las_per_type_nummod_p,dep_las_per_type_nummod_r,dep_las_per_type_nummod_f,dep_las_per_type_amod_p,dep_las_per_type_amod_r,dep_las_per_type_amod_f,dep_las_per_type_nmod_p,dep_las_per_type_nmod_r,dep_las_per_type_nmod_f,dep_las_per_type_nsubj_p,dep_las_per_type_nsubj_r,dep_las_per_type_nsubj_f,dep_las_per_type_cc_p,dep_las_per_type_cc_r,dep_las_per_type_cc_f,dep_las_per_type_conj_p,dep_las_per_type_conj_r,dep_las_per_type_conj_f,dep_las_per_type_root_p,dep_las_per_type_root_r,dep_las_per_type_root_f,dep_las_per_type_advmod_p,dep_las_per_type_advmod_r,dep_las_per_type_advmod_f,dep_las_per_type_mark_p,dep_las_per_type_mark_r,dep_las_per_type_mark_f,dep_las_per_type_aux_p,dep_las_per_type_aux_r,dep_las_per_type_aux_f,dep_las_per_type_ccomp_p,dep_las_per_type_ccomp_r,dep_las_per_type_ccomp_f,dep_las_per_type_case_p,dep_las_per_type_case_r,dep_las_per_type_case_f,dep_las_per_type_det_p,dep_las_per_type_det_r,dep_las_per_type_det_f,dep_las_per_type_obl_p,dep_las_per_type_obl_r,dep_las_per_type_obl_f,dep_las_per_type_obj_p,dep_las_per_type_obj_r,dep_las_per_type_obj_f,dep_las_per_type_nmod:poss_p,dep_las_per_type_nmod:poss_r,dep_las_per_type_nmod:poss_f,dep_las_per_type_cop_p,dep_las_per_type_cop_r,dep_las_per_type_cop_f,dep_las_per_type_acl:relcl_p,dep_las_per_type_acl:relcl_r,dep_las_per_type_acl:relcl_f,dep_las_per_type_compound:prt_p,dep_las_per_type_compound:prt_r,dep_las_per_type_compound:prt_f,dep_las_per_type_advcl_p,dep_las_per_type_advcl_r,dep_las_per_type_advcl_f,dep_las_per_type_fixed_p,dep_las_per_type_fixed_r,dep_las_per_type_fixed_f,dep_las_per_type_iobj_p,dep_las_per_type_iobj_r,dep_las_per_type_iobj_f,dep_las_per_type_appos_p,dep_las_per_type_appos_r,dep_las_per_type_appos_f,dep_las_per_type_flat_p,dep_las_per_type_flat_r,dep_las_per_type_flat_f,dep_las_per_type_obl:tmod_p,dep_las_per_type_obl:tmod_r,dep_las_per_type_obl:tmod_f,dep_las_per_type_dep_p,dep_las_per_type_dep_r,dep_las_per_type_dep_f,dep_las_per_type_xcomp_p,dep_las_per_type_xcomp_r,dep_las_per_type_xcomp_f,dep_las_per_type_obl:loc_p,dep_las_per_type_obl:loc_r,dep_las_per_type_obl:loc_f,dep_las_per_type_expl_p,dep_las_per_type_expl_r,dep_las_per_type_expl_f,dep_las_per_type_list_p,dep_las_per_type_list_r,dep_las_per_type_list_f,dep_las_per_type_vocative_p,dep_las_per_type_vocative_r,dep_las_per_type_vocative_f,dep_las_per_type_discourse_p,dep_las_per_type_discourse_r,dep_las_per_type_discourse_f,dep_las_per_type_goeswith_p,dep_las_per_type_goeswith_r,dep_las_per_type_goeswith_f,k,model,augmenter,i
0,1.6470036506652832,0.99915611814346,0.9963297291935324,0.996033320111067,0.9961815026035209,0.9472325639116406,0.9477289650037231,0.6708333333333333,0.5770609318996416,0.6204238921001927,0.7010309278350515,0.5619834710743802,0.6238532110091742,0.6476190476190476,0.7083333333333334,0.6766169154228856,0.7090909090909091,0.65,0.6782608695652174,0.6106194690265486,0.42857142857142855,0.5036496350364964,0.6631853785900783,0.5812356979405034,0.6195121951219512,0.785813469104374,0.7390952215665856,0.7457627118644068,0.7719298245614035,0.7586206896551725,0.7850287907869482,0.7490842490842491,0.7666354264292409,0.5743380855397149,0.6211453744493393,0.5968253968253968,0.8079034028540066,0.7771911298838438,0.7922497308934339,0.767515923566879,0.7953795379537953,0.7811993517017829,0.5857988165680473,0.5739130434782609,0.5797950219619327,0.7660626029654036,0.8230088495575221,0.7935153583617748,0.6571815718157181,0.6717451523545707,0.6643835616438357,0.8823529411764706,0.8709677419354839,0.8766233766233765,0.8178913738019169,0.7876923076923077,0.8025078369905956,0.6,0.569620253164557,0.5844155844155844,0.8765822784810127,0.8728991596638656,0.8747368421052631,0.8549019607843137,0.8790322580645161,0.8667992047713717,0.6739130434782609,0.5980707395498392,0.6337308347529812,0.7115044247787611,0.7715930902111324,0.7403314917127073,0.648936170212766,0.5596330275229358,0.6009852216748768,0.7539267015706806,0.8181818181818182,0.784741144414169,0.5625,0.5409836065573771,0.551532033426184,0.6,0.35294117647058826,0.4444444444444445,0.5619047619047619,0.5619047619047619,0.5619047619047619,0.8813559322033898,0.8253968253968254,0.8524590163934426,0.7142857142857143,0.3333333333333333,0.4545454545454545,0.5789473684210527,0.2894736842105263,0.3859649122807018,0.7888446215139442,0.7951807228915663,0.792,0.75,0.1875,0.3,0.05128205128205128,0.13793103448275862,0.07476635514018692,0.37209302325581395,0.3137254901960784,0.3404255319148936,0.6551724137931034,0.7450980392156863,0.6972477064220184,0.8888888888888888,0.8205128205128205,0.8533333333333333,0.1875,0.17647058823529413,0.1818181818181818,0.0,0.0,0.0,0.0,0.0,0.0,0.0,0.0,0.0,0,spacy_small,Female names,0
1,1.2419872283935547,0.9991538499825793,0.9963198726874876,0.9960226707765736,0.9961712495649147,0.9466925489024937,0.9473893783286049,0.6804979253112033,0.5878136200716846,0.6307692307692307,0.7010309278350515,0.5619834710743802,0.6238532110091742,0.6126126126126126,0.7083333333333334,0.6570048309178743,0.7321428571428571,0.6833333333333333,0.706896551724138,0.6509433962264151,0.42857142857142855,0.5168539325842696,0.6753246753246753,0.5949656750572082,0.632603406326034,0.7862365092259487,0.7396147598050593,0.7435897435897436,0.7631578947368421,0.7532467532467534,0.7926356589147286,0.7490842490842491,0.7702448210922787,0.5831622176591376,0.6255506607929515,0.6036131774707757,0.8024017467248908,0.7761351636747624,0.7890499194847022,0.7795527156549521,0.8052805280528053,0.7922077922077922,0.5816023738872403,0.5681159420289855,0.5747800586510264,0.7639344262295082,0.8247787610619469,0.7931914893617023,0.6495956873315364,0.667590027700831,0.6584699453551912,0.8799126637554585,0.8666666666666667,0.8732394366197183,0.8248407643312102,0.796923076923077,0.8106416275430359,0.5945945945945946,0.5569620253164557,0.5751633986928104,0.8734177215189873,0.8697478991596639,0.8715789473684211,0.8549019607843137,0.8790322580645161,0.8667992047713717,0.6756756756756757,0.6028938906752411,0.6372132540356839,0.7178571428571429,0.7715930902111324,0.7437557816836262,0.6458333333333334,0.5688073394495413,0.6048780487804879,0.7539267015706806,0.8181818181818182,0.784741144414169,0.5449438202247191,0.5300546448087432,0.5373961218836565,0.6,0.35294117647058826,0.4444444444444445,0.5619047619047619,0.5619047619047619,0.5619047619047619,0.8813559322033898,0.8253968253968254,0.8524590163934426,0.8333333333333334,0.3333333333333333,0.47619047619047616,0.5,0.2631578947368421,0.3448275862068966,0.7957446808510639,0.8423423423423423,0.8183807439824946,0.75,0.1875,0.3,0.05333333333333334,0.13793103448275862,0.07692307692307693,0.4,0.3137254901960784,0.3516483516483516,0.6551724137931034,0.7450980392156863,0.6972477064220184,0.8888888888888888,0.8205128205128205,0.8533333333333333,0.23076923076923078,0.17647058823529413,0.20000000000000004,0.0,0.0,0.0,0.0,0.0,0.0,0.0,0.0,0.0,1,spacy_small,Female names,0
2,1.2272121906280518,0.9991537657424462,0.9965184522033224,0.9961221040071592,0.9963202386872204,0.9473369835739174,0.9480338476854157,0.68125,0.5860215053763441,0.6300578034682082,0.6868686868686869,0.5619834710743802,0.6181818181818183,0.6355140186915887,0.7083333333333334,0.6699507389162561,0.7261904761904762,0.6777777777777778,0.7011494252873564,0.6509433962264151,0.42857142857142855,0.5168539325842696,0.6797900262467191,0.5926773455377574,0.6332518337408313,0.7834465145974809,0.737507979803842,0.7543859649122807,0.7543859649122807,0.7543859649122807,0.7816091954022989,0.7472527472527473,0.7640449438202248,0.5746421267893661,0.6189427312775331,0.5959703075291622,0.7980349344978166,0.7719112988384371,0.7847557702630166,0.7635782747603834,0.7887788778877888,0.7759740259740261,0.5705882352941176,0.5623188405797102,0.5664233576642336,0.7549019607843137,0.8176991150442477,0.7850467289719626,0.6603518267929634,0.6759002770083102,0.6680355920602326,0.8804347826086957,0.8709677419354839,0.8756756756756756,0.819047619047619,0.7938461538461539,0.80625,0.6081081081081081,0.569620253164557,0.5882352941176471,0.8755274261603375,0.8718487394957983,0.8736842105263157,0.8549019607843137,0.8790322580645161,0.8667992047713717,0.6860254083484574,0.6077170418006431,0.6445012787723785,0.7170818505338078,0.7735124760076776,0.7442289935364728,0.6344086021505376,0.5412844036697247,0.5841584158415841,0.7461139896373057,0.8181818181818182,0.7804878048780487,0.5459770114942529,0.5191256830601093,0.5322128851540616,0.6190476190476191,0.38235294117647056,0.4727272727272727,0.5471698113207547,0.5523809523809524,0.5497630331753556,0.8813559322033898,0.8253968253968254,0.8524590163934426,0.6666666666666666,0.26666666666666666,0.3809523809523809,0.42857142857142855,0.23684210526315788,0.30508474576271183,0.8071748878923767,0.8108108108108109,0.8089887640449438,0.75,0.1875,0.3,0.05405405405405406,0.13793103448275862,0.07766990291262137,0.3902439024390244,0.3137254901960784,0.34782608695652173,0.6551724137931034,0.7450980392156863,0.6972477064220184,0.8888888888888888,0.8205128205128205,0.8533333333333333,0.21428571428571427,0.17647058823529413,0.1935483870967742,0.0,0.0,0.0,0.0,0.0,0.0,0.0,0.0,0.0,2,spacy_small,Female names,0
3,1.2216320037841797,0.9991541026023785,0.9965198369295019,0.9961236457608588,0.996321701958445,0.9461167222249864,0.9468132742922534,0.6701680672268907,0.5716845878136201,0.6170212765957447,0.6979166666666666,0.5537190082644629,0.6175115207373272,0.6181818181818182,0.7083333333333334,0.6601941747572815,0.7098765432098766,0.6388888888888888,0.6725146198830408,0.6388888888888888,0.42857142857142855,0.5130111524163569,0.6631578947368421,0.5766590389016019,0.616891064871481,0.7841522130053947,0.7371962183168029,0.7586206896551724,0.7719298245614035,0.7652173913043477,0.79296875,0.7435897435897436,0.7674858223062382,0.5770833333333333,0.6101321585903083,0.5931477516059958,0.8013100436681223,0.7750791974656811,0.7879763821792808,0.767515923566879,0.7953795379537953,0.7811993517017829,0.5693215339233039,0.5594202898550724,0.5643274853801169,0.7656765676567657,0.8212389380530973,0.7924850555081128,0.6545209176788124,0.6717451523545707,0.6630211893369787,0.8760869565217392,0.8666666666666667,0.8713513513513514,0.8263665594855305,0.7907692307692308,0.8081761006289307,0.5974025974025974,0.5822784810126582,0.5897435897435898,0.8723628691983122,0.8686974789915967,0.8705263157894736,0.85546875,0.8830645161290323,0.869047619047619,0.6702317290552585,0.6045016077170418,0.635672020287405,0.7191413237924866,0.7715930902111324,0.7444444444444444,0.6421052631578947,0.5596330275229358,0.5980392156862745,0.7409326424870466,0.8125,0.7750677506775067,0.5454545454545454,0.5245901639344263,0.5348189415041782,0.6,0.35294117647058826,0.4444444444444445,0.5673076923076923,0.5619047619047619,0.5645933014354066,0.8813559322033898,0.8253968253968254,0.8524590163934426,0.8333333333333334,0.3333333333333333,0.47619047619047616,0.47619047619047616,0.2631578947368421,0.3389830508474576,0.7838983050847458,0.8185840707964602,0.800865800865801,0.75,0.1875,0.3,0.05128205128205128,0.13793103448275862,0.07476635514018692,0.38095238095238093,0.3137254901960784,0.3440860215053763,0.6491228070175439,0.7254901960784313,0.6851851851851852,0.8888888888888888,0.8205128205128205,0.8533333333333333,0.2,0.17647058823529413,0.18750000000000003,0.0,0.0,0.0,0.0,0.0,0.0,0.0,0.0,0.0,3,spacy_small,Female names,0
4,1.2123475074768066,0.9991538499825793,0.9965187984881639,0.9961224895605488,0.9963206046141607,0.9468445152299423,0.9475413099741189,0.6910229645093946,0.5931899641577061,0.6383799421407907,0.711340206185567,0.5702479338842975,0.6330275229357798,0.6238532110091743,0.7083333333333334,0.6634146341463415,0.7183908045977011,0.6944444444444444,0.7062146892655368,0.696969696969697,0.42857142857142855,0.5307692307692307,0.6858638743455497,0.5995423340961098,0.6398046398046399,0.7857474466109564,0.7388882441685042,0.7478260869565218,0.7543859649122807,0.7510917030567685,0.7826923076923077,0.7454212454212454,0.7636022514071295,0.5826446280991735,0.6211453744493393,0.6012793176972282,0.8065573770491803,0.7793030623020063,0.7926960257787325,0.7731629392971247,0.7986798679867987,0.7857142857142856,0.5747800586510264,0.5681159420289855,0.5714285714285714,0.768595041322314,0.8230088495575221,0.7948717948717948,0.6581081081081082,0.6745152354570637,0.6662106703146375,0.8801742919389978,0.8688172043010752,0.8744588744588744,0.821656050955414,0.7938461538461539,0.8075117370892019,0.5945945945945946,0.5569620253164557,0.5751633986928104,0.8752642706131079,0.8697478991596639,0.8724973656480505,0.8568627450980392,0.8810483870967742,0.8687872763419483,0.6738351254480287,0.6045016077170418,0.6372881355932204,0.7178571428571429,0.7715930902111324,0.7437557816836262,0.625,0.5504587155963303,0.5853658536585367,0.7539267015706806,0.8181818181818182,0.784741144414169,0.5517241379310345,0.5245901639344263,0.5378151260504203,0.631578947368421,0.35294117647058826,0.45283018867924524,0.5566037735849056,0.5619047619047619,0.5592417061611374,0.8813559322033898,0.8253968253968254,0.8524590163934426,0.8333333333333334,0.3333333333333333,0.47619047619047616,0.43478260869565216,0.2631578947368421,0.32786885245901637,0.7887931034482759,0.820627802690583,0.8043956043956044,0.75,0.1875,0.3,0.04,0.10344827586206896,0.057692307692307696,0.3902439024390244,0.3137254901960784,0.34782608695652173,0.6271186440677966,0.7254901960784313,0.6727272727272727,0.8888888888888888,0.8205128205128205,0.8533333333333333,0.2,0.17647058823529413,0.18750000000000003,0.0,0.0,0.0,0.0,0.0,0.0,0.0,0.0,0.0,4,spacy_small,Female names,0
5,1.217270851135254,0.9991557828872226,0.996526744070656,0.9961313361769666,0.9963290008929457,0.9474625086900387,0.9479590823319098,0.6757322175732218,0.578853046594982,0.6235521235521235,0.6666666666666666,0.5619834710743802,0.6098654708520179,0.6071428571428571,0.7083333333333334,0.6538461538461539,0.7329192546583851,0.6555555555555556,0.6920821114369501,0.6699029126213593,0.42857142857142855,0.5227272727272727,0.6781914893617021,0.5835240274599542,0.6273062730627307,0.7854827506367215,0.7390901724736659,0.7478260869565218,0.7543859649122807,0.7510917030567685,0.783109404990403,0.7472527472527473,0.7647610121836925,0.5819672131147541,0.6255506607929515,0.6029723991507432,0.8017524644030668,0.7729672650475184,0.7870967741935483,0.7770700636942676,0.8052805280528053,0.7909238249594813,0.5739644970414202,0.5623188405797102,0.568081991215227,0.764026402640264,0.8194690265486726,0.7907771135781384,0.6576819407008087,0.6759002770083102,0.6666666666666666,0.8826086956521739,0.8731182795698925,0.8778378378378379,0.8237179487179487,0.7907692307692308,0.8069073783359498,0.5945945945945946,0.5569620253164557,0.5751633986928104,0.8724973656480506,0.8697478991596639,0.8711204629142557,0.8532289628180039,0.8790322580645161,0.8659384309831182,0.6738738738738739,0.6012861736334405,0.6355140186915887,0.7183600713012478,0.7735124760076776,0.744916820702403,0.6354166666666666,0.5596330275229358,0.5951219512195123,0.7512953367875648,0.8238636363636364,0.7859078590785908,0.5632183908045977,0.5355191256830601,0.5490196078431372,0.631578947368421,0.35294117647058826,0.45283018867924524,0.5471698113207547,0.5523809523809524,0.5497630331753556,0.8813559322033898,0.8253968253968254,0.8524590163934426,0.8333333333333334,0.3333333333333333,0.47619047619047616,0.5555555555555556,0.2631578947368421,0.35714285714285715,0.8087649402390438,0.8252032520325203,0.8169014084507041,0.75,0.1875,0.3,0.0547945205479452,0.13793103448275862,0.0784313725490196,0.3488372093023256,0.29411764705882354,0.3191489361702128,0.6271186440677966,0.7254901960784313,0.6727272727272727,0.8888888888888888,0.8205128205128205,0.8533333333333333,0.1875,0.17647058823529413,0.1818181818181818,0.0,0.0,0.0,0.0,0.0,0.0,0.0,0.0,0.0,5,spacy_small,Female names,0
6,1.2110168933868408,0.9991549435800566,0.9965232939306645,0.9961274947870122,0.996325355050154,0.9478079331941545,0.9485038274182326,0.6962809917355371,0.6039426523297491,0.6468330134357005,0.7040816326530612,0.5702479338842975,0.6301369863013699,0.6476190476190476,0.7083333333333334,0.6766169154228856,0.7401129943502824,0.7277777777777777,0.7338935574229691,0.6634615384615384,0.42857142857142855,0.5207547169811321,0.694300518134715,0.6132723112128147,0.6512758201701093,0.7870885489105239,0.7407579093753622,0.7435897435897436,0.7631578947368421,0.7532467532467534,0.7887596899224806,0.7454212454212454,0.7664783427495292,0.5831622176591376,0.6255506607929515,0.6036131774707757,0.7980456026058632,0.7761351636747624,0.7869379014989293,0.7731629392971247,0.7986798679867987,0.7857142857142856,0.5803571428571429,0.5652173913043478,0.5726872246696035,0.775206611570248,0.8300884955752212,0.8017094017094016,0.660377358490566,0.6786703601108033,0.669398907103825,0.8736383442265795,0.8623655913978494,0.867965367965368,0.8210862619808307,0.7907692307692308,0.8056426332288402,0.6081081081081081,0.569620253164557,0.5882352941176471,0.8736842105263158,0.8718487394957983,0.8727655099894848,0.8551859099804305,0.8810483870967742,0.8679245283018868,0.6738738738738739,0.6012861736334405,0.6355140186915887,0.7214285714285714,0.7754318618042226,0.7474560592044404,0.6428571428571429,0.5779816513761468,0.608695652173913,0.7552083333333334,0.8238636363636364,0.7880434782608695,0.5574712643678161,0.5300546448087432,0.5434173669467788,0.6,0.35294117647058826,0.4444444444444445,0.5566037735849056,0.5619047619047619,0.5592417061611374,0.8813559322033898,0.8253968253968254,0.8524590163934426,0.8,0.26666666666666666,0.4,0.42105263157894735,0.21052631578947367,0.2807017543859649,0.8396624472573839,0.8432203389830508,0.8414376321353065,1.0,0.1875,0.3157894736842105,0.05333333333333334,0.13793103448275862,0.07692307692307693,0.37209302325581395,0.3137254901960784,0.3404255319148936,0.6551724137931034,0.7450980392156863,0.6972477064220184,0.8888888888888888,0.8205128205128205,0.8533333333333333,0.16666666666666666,0.17647058823529413,0.17142857142857143,0.0,0.0,0.0,0.0,0.0,0.0,0.0,0.0,0.0,6,spacy_small,Female names,0
7,1.2090344429016113,0.999154607389726,0.9965219119546855,0.9961259560941691,0.9963238946845505,0.9461959224266535,0.9468920934858279,0.6743215031315241,0.578853046594982,0.6229508196721312,0.6907216494845361,0.5537190082644629,0.6146788990825689,0.6415094339622641,0.7083333333333334,0.6732673267326733,0.7041420118343196,0.6611111111111111,0.6819484240687679,0.6448598130841121,0.42857142857142855,0.5149253731343283,0.6701570680628273,0.585812356979405,0.625152625152625,0.7859254535968929,0.7381904596302091,0.7631578947368421,0.7631578947368421,0.7631578947368421,0.7915057915057915,0.7509157509157509,0.7706766917293232,0.5749486652977412,0.6167400881057269,0.5951115834218916,0.8004385964912281,0.7708553326293559,0.78536847767617,0.7707006369426752,0.7986798679867987,0.7844408427876822,0.5865102639296188,0.5797101449275363,0.5830903790087464,0.7594108019639935,0.8212389380530973,0.7891156462585034,0.6563342318059299,0.6745152354570637,0.6653005464480874,0.8799126637554585,0.8666666666666667,0.8732394366197183,0.819620253164557,0.796923076923077,0.8081123244929798,0.6,0.569620253164557,0.5844155844155844,0.8755274261603375,0.8718487394957983,0.8736842105263157,0.8588235294117647,0.8830645161290323,0.8707753479125249,0.6726618705035972,0.6012861736334405,0.634974533106961,0.7171171171171171,0.763915547024952,0.7397769516728623,0.6122448979591837,0.5504587155963303,0.5797101449275363,0.743455497382199,0.8068181818181818,0.773841961852861,0.5454545454545454,0.5245901639344263,0.5348189415041782,0.6190476190476191,0.38235294117647056,0.4727272727272727,0.5514018691588785,0.5619047619047619,0.5566037735849056,0.8813559322033898,0.8253968253968254,0.8524590163934426,0.8,0.26666666666666666,0.4,0.4090909090909091,0.23684210526315788,0.3,0.8240343347639485,0.8275862068965517,0.8258064516129032,0.6,0.1875,0.2857142857142857,0.05263157894736842,0.13793103448275862,0.07619047619047618,0.36585365853658536,0.29411764705882354,0.32608695652173914,0.6379310344827587,0.7254901960784313,0.6788990825688075,0.8888888888888888,0.8205128205128205,0.8533333333333333,0.1875,0.17647058823529413,0.1818181818181818,0.0,0.0,0.0,0.0,0.0,0.0,0.0,0.0,0.0,7,spacy_small,Female names,0
8,1.2053101062774658,0.9991036749327756,0.9964179104477612,0.9959224266534062,0.9961701069385724,0.947221668990241,0.9479187412865963,0.6735966735966736,0.5806451612903226,0.6236766121270453,0.7040816326530612,0.5702479338842975,0.6301369863013699,0.6017699115044248,0.7083333333333334,0.6507177033492824,0.7329192546583851,0.6555555555555556,0.6920821114369501,0.6330275229357798,0.42857142857142855,0.5111111111111111,0.6657963446475196,0.5835240274599542,0.6219512195121952,0.7867177522349936,0.7399582075690736,0.7413793103448276,0.7543859649122807,0.7478260869565219,0.7887596899224806,0.7454212454212454,0.7664783427495292,0.573170731707317,0.6211453744493393,0.5961945031712473,0.8098360655737705,0.7824709609292503,0.7959183673469388,0.7699680511182109,0.7953795379537953,0.7824675324675324,0.5735294117647058,0.5652173913043478,0.5693430656934305,0.7598039215686274,0.8230088495575221,0.790144435004248,0.6545209176788124,0.6717451523545707,0.6630211893369787,0.8760869565217392,0.8666666666666667,0.8713513513513514,0.821656050955414,0.7938461538461539,0.8075117370892019,0.6081081081081081,0.569620253164557,0.5882352941176471,0.8792372881355932,0.8718487394957983,0.8755274261603376,0.8571428571428571,0.8830645161290323,0.8699106256206554,0.677536231884058,0.6012861736334405,0.6371379897785349,0.7188612099644128,0.7754318618042226,0.7460757156048016,0.6595744680851063,0.5688073394495413,0.6108374384236452,0.7447916666666666,0.8125,0.7771739130434783,0.5459770114942529,0.5191256830601093,0.5322128851540616,0.6,0.35294117647058826,0.4444444444444445,0.5420560747663551,0.5523809523809524,0.5471698113207547,0.8813559322033898,0.8253968253968254,0.8524590163934426,0.8,0.26666666666666666,0.4,0.65,0.34210526315789475,0.4482758620689655,0.8333333333333334,0.8409090909090909,0.8371040723981901,0.75,0.1875,0.3,0.05405405405405406,0.13793103448275862,0.07766990291262137,0.40476190476190477,0.3333333333333333,0.3655913978494623,0.6271186440677966,0.7254901960784313,0.6727272727272727,0.8888888888888888,0.8205128205128205,0.8533333333333333,0.1875,0.17647058823529413,0.1818181818181818,0.0,0.0,0.0,0.0,0.0,0.0,0.0,0.0,0.0,8,spacy_small,Female names,0
9,1.2041029930114746,0.9991545233003432,0.9965215662890081,0.9961255712298828,0.9963235294117647,0.9478814402227969,0.9485776805251641,0.6721649484536083,0.5842293906810035,0.6251198465963567,0.696969696969697,0.5702479338842975,0.6272727272727273,0.6296296296296297,0.7083333333333334,0.6666666666666667,0.7142857142857143,0.6666666666666666,0.689655172413793,0.6272727272727273,0.42857142857142855,0.5092250922509225,0.6658031088082902,0.5881006864988558,0.6245443499392467,0.784368295935525,0.7383616441532844,0.7543859649122807,0.7543859649122807,0.7543859649122807,0.783109404990403,0.7472527472527473,0.7647610121836925,0.5758196721311475,0.6189427312775331,0.5966029723991507,0.8024017467248908,0.7761351636747624,0.7890499194847022,0.7731629392971247,0.7986798679867987,0.7857142857142856,0.5710059171597633,0.5594202898550724,0.5651537335285505,0.7627677100494233,0.8194690265486726,0.7901023890784983,0.6554054054054054,0.6717451523545707,0.6634746922024624,0.8799126637554585,0.8666666666666667,0.8732394366197183,0.8237179487179487,0.7907692307692308,0.8069073783359498,0.5844155844155844,0.569620253164557,0.576923076923077,0.8756585879873551,0.8728991596638656,0.8742766964755392,0.8568627450980392,0.8810483870967742,0.8687872763419483,0.6774774774774774,0.6045016077170418,0.6389124893797791,0.7204301075268817,0.7715930902111324,0.7451343836886006,0.5979381443298969,0.5321100917431193,0.5631067961165048,0.7461139896373057,0.8181818181818182,0.7804878048780487,0.5606936416184971,0.5300546448087432,0.5449438202247191,0.6,0.35294117647058826,0.4444444444444445,0.5566037735849056,0.5619047619047619,0.5592417061611374,0.8813559322033898,0.8253968253968254,0.8524590163934426,0.8333333333333334,0.3333333333333333,0.47619047619047616,0.47619047619047616,0.2631578947368421,0.3389830508474576,0.8212765957446808,0.8354978354978355,0.8283261802575107,1.0,0.1875,0.3157894736842105,0.05263157894736842,0.13793103448275862,0.07619047619047618,0.36585365853658536,0.29411764705882354,0.32608695652173914,0.6379310344827587,0.7254901960784313,0.6788990825688075,0.8888888888888888,0.8205128205128205,0.8533333333333333,0.17647058823529413,0.17647058823529413,0.17647058823529413,0.0,0.0,0.0,0.0,0.0,0.0,0.0,0.0,0.0,9,spacy_small,Female names,0
10,1.2043752670288086,0.9991543550713824,0.9965208747514911,0.9961248012718601,0.9963227986483801,0.9464783127735774,0.9471746916036609,0.6736401673640168,0.5770609318996416,0.6216216216216216,0.7040816326530612,0.5702479338842975,0.6301369863013699,0.6238532110091743,0.7083333333333334,0.6634146341463415,0.7204968944099379,0.6444444444444445,0.6803519061583578,0.6272727272727273,0.42857142857142855,0.5092250922509225,0.6657894736842105,0.5789473684210527,0.6193390452876377,0.7864764555787521,0.7394178360199466,0.7457627118644068,0.7719298245614035,0.7586206896551725,0.7805343511450382,0.7490842490842491,0.7644859813084112,0.5823045267489712,0.6233480176211453,0.602127659574468,0.8015350877192983,0.7719112988384371,0.7864443249058635,0.7763578274760383,0.801980198019802,0.788961038961039,0.5828402366863905,0.5710144927536231,0.5768667642752562,0.7739273927392739,0.8300884955752212,0.8010247651579845,0.65814266487214,0.6772853185595568,0.6675767918088737,0.8777292576419214,0.864516129032258,0.8710725893824487,0.8301282051282052,0.796923076923077,0.8131868131868132,0.6216216216216216,0.5822784810126582,0.6013071895424836,0.8746048472075869,0.8718487394957983,0.8732246186217779,0.85546875,0.8830645161290323,0.869047619047619,0.6660682226211849,0.5964630225080386,0.6293469041560644,0.7180851063829787,0.7773512476007678,0.7465437788018433,0.6170212765957447,0.5321100917431193,0.5714285714285714,0.7512953367875648,0.8238636363636364,0.7859078590785908,0.5614035087719298,0.5245901639344263,0.5423728813559321,0.6,0.35294117647058826,0.4444444444444445,0.5462962962962963,0.5619047619047619,0.5539906103286385,0.8813559322033898,0.8253968253968254,0.8524590163934426,0.8333333333333334,0.3333333333333333,0.47619047619047616,0.5882352941176471,0.2631578947368421,0.3636363636363636,0.7878787878787878,0.7947598253275109,0.7913043478260868,0.75,0.1875,0.3,0.05263157894736842,0.13793103448275862,0.07619047619047618,0.42857142857142855,0.35294117647058826,0.3870967741935484,0.6491228070175439,0.7254901960784313,0.6851851851851852,0.8888888888888888,0.8205128205128205,0.8533333333333333,0.1875,0.17647058823529413,0.1818181818181818,0.0,0.0,0.0,0.0,0.0,0.0,0.0,0.0,0.0,10,spacy_small,Female names,0
11,1.237900972366333,0.9991523310895039,0.9965125548027103,0.9961155378486056,0.9963140067742579,0.9468016153961211,0.9474996260657128,0.6953781512605042,0.5931899641577061,0.6402321083172147,0.71875,0.5702479338842975,0.6359447004608294,0.6296296296296297,0.7083333333333334,0.6666666666666667,0.7267441860465116,0.6944444444444444,0.7102272727272727,0.69,0.42857142857142855,0.528735632183908,0.6894736842105263,0.5995423340961098,0.6413708690330476,0.7880197731898807,0.7409431877653079,0.7543859649122807,0.7543859649122807,0.7543859649122807,0.7868217054263565,0.7435897435897436,0.7645951035781543,0.5815899581589958,0.6123348017621145,0.5965665236051502,0.8017334777898159,0.781414994720169,0.7914438502673796,0.7738853503184714,0.801980198019802,0.787682333873582,0.5889212827988338,0.5855072463768116,0.5872093023255814,0.7668308702791461,0.8265486725663717,0.7955706984667803,0.6545209176788124,0.6717451523545707,0.6630211893369787,0.8823529411764706,0.8709677419354839,0.8766233766233765,0.8274760383386581,0.796923076923077,0.8119122257053291,0.6301369863013698,0.5822784810126582,0.6052631578947368,0.8763213530655392,0.8707983193277311,0.8735511064278187,0.8549019607843137,0.8790322580645161,0.8667992047713717,0.6767857142857143,0.6093247588424437,0.6412859560067682,0.7196428571428571,0.7735124760076776,0.7456059204440333,0.6630434782608695,0.5596330275229358,0.6069651741293531,0.7552083333333334,0.8238636363636364,0.7880434782608695,0.5617977528089888,0.546448087431694,0.5540166204986149,0.5714285714285714,0.35294117647058826,0.43636363636363634,0.5566037735849056,0.5619047619047619,0.5592417061611374,0.8813559322033898,0.8253968253968254,0.8524590163934426,0.8,0.26666666666666666,0.4,0.47619047619047616,0.2631578947368421,0.3389830508474576,0.8095238095238095,0.8292682926829268,0.8192771084337348,1.0,0.1875,0.3157894736842105,0.03896103896103896,0.10344827586206896,0.05660377358490566,0.4,0.3137254901960784,0.3516483516483516,0.6491228070175439,0.7254901960784313,0.6851851851851852,0.8888888888888888,0.8205128205128205,0.8533333333333333,0.1875,0.17647058823529413,0.1818181818181818,0.0,0.0,0.0,0.0,0.0,0.0,0.0,0.0,0.0,11,spacy_small,Female names,0
12,1.2205827236175537,0.9991555312701803,0.9965257097478658,0.9961301845604287,0.9963279078999603,0.9474468507848202,0.9481422610768925,0.6931106471816284,0.5949820788530465,0.6403085824493733,0.696969696969697,0.5702479338842975,0.6272727272727273,0.6732673267326733,0.7083333333333334,0.6903553299492386,0.7175141242937854,0.7055555555555556,0.711484593837535,0.6666666666666666,0.422360248447205,0.5171102661596958,0.6921052631578948,0.6018306636155606,0.6438188494492044,0.7874015748031497,0.7404191270116939,0.7631578947368421,0.7631578947368421,0.7631578947368421,0.7782026768642447,0.7454212454212454,0.7614593077642657,0.588477366255144,0.6299559471365639,0.6085106382978724,0.8074398249452954,0.7793030623020063,0.7931219774314885,0.7667731629392971,0.7920792079207921,0.7792207792207793,0.565597667638484,0.5623188405797102,0.563953488372093,0.7722772277227723,0.8283185840707965,0.7993168232280103,0.6630581867388363,0.6786703601108033,0.6707734428473648,0.8758169934640523,0.864516129032258,0.8701298701298701,0.8295819935691319,0.7938461538461539,0.8113207547169812,0.625,0.569620253164557,0.5960264900662252,0.8753959873284055,0.8707983193277311,0.8730911005792523,0.8512720156555773,0.8770161290322581,0.8639523336643495,0.6642728904847397,0.594855305466238,0.6276505513146735,0.7235188509874326,0.7735124760076776,0.7476808905380333,0.64,0.5871559633027523,0.6124401913875598,0.7512953367875648,0.8238636363636364,0.7859078590785908,0.5568181818181818,0.5355191256830601,0.5459610027855154,0.6,0.35294117647058826,0.4444444444444445,0.5660377358490566,0.5714285714285714,0.5687203791469193,0.8813559322033898,0.8253968253968254,0.8524590163934426,0.8,0.26666666666666666,0.4,0.5263157894736842,0.2631578947368421,0.35087719298245607,0.8192771084337349,0.8395061728395061,0.8292682926829269,0.75,0.1875,0.3,0.05263157894736842,0.13793103448275862,0.07619047619047618,0.37209302325581395,0.3137254901960784,0.3404255319148936,0.6379310344827587,0.7254901960784313,0.6788990825688075,0.8888888888888888,0.8205128205128205,0.8533333333333333,0.13333333333333333,0.11764705882352941,0.125,0.0,0.0,0.0,0.0,0.0,0.0,0.0,0.0,0.0,12,spacy_small,Female names,0
13,1.20648193359375,0.9991539342059425,0.9965191447041273,0.99612287503728,0.9963209704683306,0.9479446600975416,0.9486413854882053,0.6771488469601677,0.578853046594982,0.6241545893719807,0.6938775510204082,0.5619834710743802,0.6210045662100456,0.6415094339622641,0.7083333333333334,0.6732673267326733,0.7195121951219512,0.6555555555555556,0.6860465116279069,0.6330275229357798,0.42857142857142855,0.5111111111111111,0.6728232189973615,0.5835240274599542,0.625,0.78762910525705,0.7408911580413089,0.7543859649122807,0.7543859649122807,0.7543859649122807,0.7926356589147286,0.7490842490842491,0.7702448210922787,0.5826446280991735,0.6211453744493393,0.6012793176972282,0.8043715846994536,0.7771911298838438,0.790547798066595,0.7763578274760383,0.801980198019802,0.788961038961039,0.5798816568047337,0.5681159420289855,0.5739385065885798,0.7693574958813838,0.8265486725663717,0.7969283276450511,0.6559139784946236,0.6759002770083102,0.665757162346521,0.8779956427015251,0.8666666666666667,0.8722943722943723,0.8248407643312102,0.796923076923077,0.8106416275430359,0.6133333333333333,0.5822784810126582,0.5974025974025974,0.8773784355179705,0.8718487394957983,0.874604847207587,0.8568627450980392,0.8810483870967742,0.8687872763419483,0.6810810810810811,0.6077170418006431,0.6423109600679694,0.7140319715808171,0.7715930902111324,0.7416974169741698,0.6666666666666666,0.5871559633027523,0.6243902439024391,0.7447916666666666,0.8125,0.7771739130434783,0.5459770114942529,0.5191256830601093,0.5322128851540616,0.5909090909090909,0.38235294117647056,0.46428571428571425,0.5619047619047619,0.5619047619047619,0.5619047619047619,0.8813559322033898,0.8253968253968254,0.8524590163934426,0.8,0.26666666666666666,0.4,0.43478260869565216,0.2631578947368421,0.32786885245901637,0.8138528138528138,0.8392857142857143,0.8263736263736263,0.75,0.1875,0.3,0.05194805194805195,0.13793103448275862,0.07547169811320754,0.4146341463414634,0.3333333333333333,0.3695652173913043,0.6379310344827587,0.7254901960784313,0.6788990825688075,0.8888888888888888,0.8205128205128205,0.8533333333333333,0.13333333333333333,0.11764705882352941,0.125,0.0,0.0,0.0,0.0,0.0,0.0,0.0,0.0,0.0,13,spacy_small,Female names,0
14,1.209089756011963,0.9991567878577451,0.9965308752106254,0.996135935797087,0.9963333663660688,0.9474780538610327,0.9481723949809056,0.6832298136645962,0.5913978494623656,0.6340057636887607,0.68,0.5619834710743802,0.6153846153846154,0.6476190476190476,0.7083333333333334,0.6766169154228856,0.7396449704142012,0.6944444444444444,0.7163323782234957,0.6330275229357798,0.42857142857142855,0.5111111111111111,0.6840731070496083,0.5995423340961098,0.6390243902439023,0.7838400184949715,0.7377484974572353,0.75,0.7631578947368421,0.7565217391304349,0.7902912621359224,0.7454212454212454,0.7672007540056551,0.5593561368209256,0.6123348017621145,0.5846477392218717,0.8054945054945055,0.7740232312565998,0.7894453419493808,0.7731629392971247,0.7986798679867987,0.7857142857142856,0.5735294117647058,0.5652173913043478,0.5693430656934305,0.7627677100494233,0.8194690265486726,0.7901023890784983,0.6527027027027027,0.6689750692520776,0.6607387140902873,0.8739130434782608,0.864516129032258,0.8691891891891892,0.8164556962025317,0.7938461538461539,0.8049921996879876,0.6111111111111112,0.5569620253164557,0.5827814569536424,0.8755274261603375,0.8718487394957983,0.8736842105263157,0.8588235294117647,0.8830645161290323,0.8707753479125249,0.6768953068592057,0.6028938906752411,0.6377551020408163,0.7227191413237924,0.7754318618042226,0.7481481481481481,0.6382978723404256,0.5504587155963303,0.5911330049261083,0.7395833333333334,0.8068181818181818,0.7717391304347826,0.5428571428571428,0.5191256830601093,0.5307262569832402,0.6190476190476191,0.38235294117647056,0.4727272727272727,0.5566037735849056,0.5619047619047619,0.5592417061611374,0.8813559322033898,0.8253968253968254,0.8524590163934426,0.8,0.26666666666666666,0.4,0.5625,0.23684210526315788,0.3333333333333333,0.7904411764705882,0.8333333333333334,0.8113207547169812,0.75,0.1875,0.3,0.05263157894736842,0.13793103448275862,0.07619047619047618,0.4,0.3137254901960784,0.3516483516483516,0.6491228070175439,0.7254901960784313,0.6851851851851852,0.8888888888888888,0.8205128205128205,0.8533333333333333,0.1875,0.17647058823529413,0.1818181818181818,0.0,0.0,0.0,0.0,0.0,0.0,0.0,0.0,0.0,14,spacy_small,Female names,0
15,1.2011537551879883,0.9991544391942302,0.9963224331577378,0.9960254372019078,0.9961739130434782,0.9473788918730728,0.9480752014324083,0.6796714579055442,0.5931899641577061,0.6334928229665071,0.711340206185567,0.5702479338842975,0.6330275229357798,0.6126126126126126,0.7083333333333334,0.6570048309178743,0.7309941520467836,0.6944444444444444,0.7122507122507121,0.6388888888888888,0.42857142857142855,0.5130111524163569,0.6717948717948717,0.5995423340961098,0.6336154776299878,0.7833903613060372,0.7367932734125835,0.7586206896551724,0.7719298245614035,0.7652173913043477,0.7822736030828517,0.7435897435897436,0.7624413145539907,0.5821205821205822,0.6167400881057269,0.5989304812834225,0.7924324324324324,0.7740232312565998,0.7831196581196582,0.7707006369426752,0.7986798679867987,0.7844408427876822,0.5801749271137027,0.5768115942028985,0.5784883720930233,0.764026402640264,0.8194690265486726,0.7907771135781384,0.6576454668470907,0.6731301939058172,0.6652977412731006,0.8755458515283843,0.8623655913978494,0.8689057421451788,0.8126984126984127,0.7876923076923077,0.7999999999999999,0.6081081081081081,0.569620253164557,0.5882352941176471,0.8746048472075869,0.8718487394957983,0.8732246186217779,0.8549019607843137,0.8790322580645161,0.8667992047713717,0.6714801444043321,0.5980707395498392,0.6326530612244898,0.7194244604316546,0.7677543186180422,0.7428040854224698,0.6458333333333334,0.5688073394495413,0.6048780487804879,0.7319587628865979,0.8068181818181818,0.7675675675675675,0.5348837209302325,0.5027322404371585,0.5183098591549296,0.6,0.35294117647058826,0.4444444444444445,0.5514018691588785,0.5619047619047619,0.5566037735849056,0.8813559322033898,0.8253968253968254,0.8524590163934426,0.625,0.3333333333333333,0.43478260869565216,0.45454545454545453,0.2631578947368421,0.3333333333333333,0.7982832618025751,0.8122270742358079,0.8051948051948052,1.0,0.1875,0.3157894736842105,0.056338028169014086,0.13793103448275862,0.07999999999999999,0.4146341463414634,0.3333333333333333,0.3695652173913043,0.6271186440677966,0.7254901960784313,0.6727272727272727,0.8888888888888888,0.8205128205128205,0.8533333333333333,0.1875,0.17647058823529413,0.1818181818181818,0.0,0.0,0.0,0.0,0.0,0.0,0.0,0.0,0.0,15,spacy_small,Female names,0
16,1.1957817077636719,0.9991550275858642,0.9965236392530791,0.9961278792692613,0.9963257199602781,0.9472166998011928,0.9479125248508947,0.6610878661087866,0.5663082437275986,0.61003861003861,0.7010309278350515,0.5619834710743802,0.6238532110091742,0.6296296296296297,0.7083333333333334,0.6666666666666667,0.6981132075471698,0.6166666666666667,0.6548672566371682,0.6052631578947368,0.42857142857142855,0.5018181818181818,0.6509186351706037,0.5675057208237986,0.6063569682151589,0.7863723274813141,0.739586350732866,0.7543859649122807,0.7543859649122807,0.7543859649122807,0.783109404990403,0.7472527472527473,0.7647610121836925,0.5835051546391753,0.6233480176211453,0.6027689030883918,0.8030634573304157,0.7750791974656811,0.7888232133261687,0.7770700636942676,0.8052805280528053,0.7909238249594813,0.5722543352601156,0.5739130434782609,0.573082489146165,0.7582236842105263,0.815929203539823,0.7860187553282182,0.6527590847913862,0.6717451523545707,0.6621160409556315,0.8758169934640523,0.864516129032258,0.8701298701298701,0.821656050955414,0.7938461538461539,0.8075117370892019,0.6081081081081081,0.569620253164557,0.5882352941176471,0.8764519535374868,0.8718487394957983,0.8741442864665614,0.8568627450980392,0.8810483870967742,0.8687872763419483,0.6762589928057554,0.6045016077170418,0.6383701188455009,0.7269439421338155,0.7715930902111324,0.7486033519553073,0.6224489795918368,0.5596330275229358,0.5893719806763285,0.7539267015706806,0.8181818181818182,0.784741144414169,0.5632183908045977,0.5355191256830601,0.5490196078431372,0.5789473684210527,0.3235294117647059,0.4150943396226416,0.5619047619047619,0.5619047619047619,0.5619047619047619,0.8666666666666667,0.8253968253968254,0.8455284552845528,0.8,0.26666666666666666,0.4,0.42857142857142855,0.23684210526315788,0.30508474576271183,0.8416666666666667,0.8523206751054853,0.8469601677148848,0.75,0.1875,0.3,0.05405405405405406,0.13793103448275862,0.07766990291262137,0.3488372093023256,0.29411764705882354,0.3191489361702128,0.6491228070175439,0.7254901960784313,0.6851851851851852,0.8648648648648649,0.8205128205128205,0.8421052631578947,0.17647058823529413,0.17647058823529413,0.17647058823529413,0.0,0.0,0.0,0.0,0.0,0.0,0.0,0.0,0.0,16,spacy_small,Female names,0
17,1.1929922103881836,0.9991559505486322,0.9965274332771108,0.9961321035406129,0.9963297291935324,0.9473736471055506,0.9480687121437792,0.6831275720164609,0.5949820788530465,0.6360153256704981,0.696969696969697,0.5702479338842975,0.6272727272727273,0.6415094339622641,0.7083333333333334,0.6732673267326733,0.7078651685393258,0.7,0.7039106145251396,0.6699029126213593,0.42857142857142855,0.5227272727272727,0.6795865633074936,0.6018306636155606,0.6383495145631068,0.7856729545191529,0.7390650312427679,0.75,0.7631578947368421,0.7565217391304349,0.7771428571428571,0.7472527472527473,0.761904761904762,0.5793814432989691,0.6189427312775331,0.5985090521831737,0.8030467899891186,0.7793030623020063,0.7909967845659163,0.7788461538461539,0.801980198019802,0.7902439024390243,0.5672514619883041,0.5623188405797102,0.5647743813682679,0.7706270627062707,0.8265486725663717,0.7976088812980359,0.6559139784946236,0.6759002770083102,0.665757162346521,0.8779956427015251,0.8666666666666667,0.8722943722943723,0.8263665594855305,0.7907692307692308,0.8081761006289307,0.6285714285714286,0.5569620253164557,0.5906040268456376,0.8753959873284055,0.8707983193277311,0.8730911005792523,0.8529411764705882,0.8770161290322581,0.8648111332007952,0.6762589928057554,0.6045016077170418,0.6383701188455009,0.7186379928315412,0.7696737044145874,0.7432808155699723,0.631578947368421,0.5504587155963303,0.588235294117647,0.7552083333333334,0.8238636363636364,0.7880434782608695,0.5397727272727273,0.5191256830601093,0.5292479108635096,0.6190476190476191,0.38235294117647056,0.4727272727272727,0.5660377358490566,0.5714285714285714,0.5687203791469193,0.8813559322033898,0.8253968253968254,0.8524590163934426,0.7142857142857143,0.3333333333333333,0.4545454545454545,0.5625,0.23684210526315788,0.3333333333333333,0.8112449799196787,0.8145161290322581,0.8128772635814889,0.75,0.1875,0.3,0.05194805194805195,0.13793103448275862,0.07547169811320754,0.38095238095238093,0.3137254901960784,0.3440860215053763,0.6271186440677966,0.7254901960784313,0.6727272727272727,0.8888888888888888,0.8205128205128205,0.8533333333333333,0.2,0.17647058823529413,0.18750000000000003,0.0,0.0,0.0,0.0,0.0,0.0,0.0,0.0,0.0,17,spacy_small,Female names,0
18,1.2052817344665527,0.9991549435800566,0.9965232939306645,0.9961274947870122,0.996325355050154,0.9473108658912417,0.9480067601153196,0.6792452830188679,0.5806451612903226,0.6260869565217392,0.6938775510204082,0.5619834710743802,0.6210045662100456,0.6238532110091743,0.7083333333333334,0.6634146341463415,0.7317073170731707,0.6666666666666666,0.6976744186046511,0.6415094339622641,0.422360248447205,0.5093632958801498,0.6754617414248021,0.585812356979405,0.6274509803921569,0.78683585375746,0.7407450321534094,0.7565217391304347,0.7631578947368421,0.7598253275109169,0.7839388145315488,0.7509157509157509,0.7670720299345182,0.5804480651731161,0.6277533039647577,0.6031746031746031,0.8045851528384279,0.778247096092925,0.7911969940955448,0.7770700636942676,0.8052805280528053,0.7909238249594813,0.5823529411764706,0.5739130434782609,0.578102189781022,0.764026402640264,0.8194690265486726,0.7907771135781384,0.6518218623481782,0.6689750692520776,0.660287081339713,0.8739130434782608,0.864516129032258,0.8691891891891892,0.8210862619808307,0.7907692307692308,0.8056426332288402,0.6081081081081081,0.569620253164557,0.5882352941176471,0.8776371308016878,0.8739495798319328,0.8757894736842107,0.8568627450980392,0.8810483870967742,0.8687872763419483,0.6798561151079137,0.6077170418006431,0.6417657045840407,0.723826714801444,0.7696737044145874,0.7460465116279071,0.6526315789473685,0.5688073394495413,0.607843137254902,0.7539267015706806,0.8181818181818182,0.784741144414169,0.5428571428571428,0.5191256830601093,0.5307262569832402,0.6190476190476191,0.38235294117647056,0.4727272727272727,0.5566037735849056,0.5619047619047619,0.5592417061611374,0.8813559322033898,0.8253968253968254,0.8524590163934426,0.6666666666666666,0.26666666666666666,0.3809523809523809,0.5333333333333333,0.21052631578947367,0.3018867924528302,0.8252032520325203,0.8601694915254238,0.842323651452282,0.75,0.1875,0.3,0.05333333333333334,0.13793103448275862,0.07692307692307693,0.36585365853658536,0.29411764705882354,0.32608695652173914,0.6379310344827587,0.7254901960784313,0.6788990825688075,0.8888888888888888,0.8205128205128205,0.8533333333333333,0.21428571428571427,0.17647058823529413,0.1935483870967742,0.0,0.0,0.0,0.0,0.0,0.0,0.0,0.0,0.0,18,spacy_small,Female names,0
19,1.1939609050750732,0.9991541867754614,0.9965201829389541,0.9961240310077519,0.9963220675944334,0.9473631840796021,0.947860696517413,0.6881496881496881,0.5931899641577061,0.6371511068334936,0.711340206185567,0.5702479338842975,0.6330275229357798,0.6538461538461539,0.7083333333333334,0.68,0.7183908045977011,0.6944444444444444,0.7062146892655368,0.6509433962264151,0.42857142857142855,0.5168539325842696,0.6822916666666666,0.5995423340961098,0.6382460414129111,0.7852668213457077,0.7383134207168541,0.7543859649122807,0.7543859649122807,0.7543859649122807,0.781190019193858,0.7454212454212454,0.7628865979381443,0.5790554414784395,0.6211453744493393,0.5993623804463336,0.8006535947712419,0.7761351636747624,0.7882037533512064,0.7707006369426752,0.7986798679867987,0.7844408427876822,0.5811209439528023,0.5710144927536231,0.5760233918128653,0.762684124386252,0.8247787610619469,0.7925170068027211,0.6563342318059299,0.6745152354570637,0.6653005464480874,0.8799126637554585,0.8666666666666667,0.8732394366197183,0.8205128205128205,0.7876923076923077,0.803767660910518,0.6081081081081081,0.569620253164557,0.5882352941176471,0.8755274261603375,0.8718487394957983,0.8736842105263157,0.853515625,0.8810483870967742,0.8670634920634921,0.6708407871198568,0.6028938906752411,0.6350550381033022,0.7196428571428571,0.7735124760076776,0.7456059204440333,0.648936170212766,0.5596330275229358,0.6009852216748768,0.75,0.8181818181818182,0.7826086956521738,0.5517241379310345,0.5245901639344263,0.5378151260504203,0.5789473684210527,0.3235294117647059,0.4150943396226416,0.5714285714285714,0.5714285714285714,0.5714285714285714,0.8813559322033898,0.8253968253968254,0.8524590163934426,0.8,0.26666666666666666,0.4,0.5263157894736842,0.2631578947368421,0.35087719298245607,0.8053097345132744,0.801762114537445,0.8035320088300221,0.6,0.1875,0.2857142857142857,0.05333333333333334,0.13793103448275862,0.07692307692307693,0.38095238095238093,0.3137254901960784,0.3440860215053763,0.6491228070175439,0.7254901960784313,0.6851851851851852,0.8888888888888888,0.8205128205128205,0.8533333333333333,0.125,0.11764705882352941,0.12121212121212122,0.0,0.0,0.0,0.0,0.0,0.0,0.0,0.0,0.0,19,spacy_small,Female names,0
0,1.349365234375,0.9991068770467401,0.9962324013484037,0.9958374628344896,0.9960348929421095,0.9475564376085338,0.9482510543289505,0.6956521739130435,0.6021505376344086,0.6455331412103748,0.7010309278350515,0.5619834710743802,0.6238532110091742,0.6355140186915887,0.7083333333333334,0.6699507389162561,0.7359550561797753,0.7277777777777777,0.7318435754189944,0.6831683168316832,0.42857142857142855,0.5267175572519084,0.694300518134715,0.6132723112128147,0.6512758201701093,0.7841119333950046,0.7380043935715112,0.75,0.7631578947368421,0.7565217391304349,0.7857142857142857,0.7454212454212454,0.7650375939849624,0.5826446280991735,0.6211453744493393,0.6012793176972282,0.7956521739130434,0.7729672650475184,0.7841456882699517,0.7763578274760383,0.801980198019802,0.788961038961039,0.5811209439528023,0.5710144927536231,0.5760233918128653,0.7607260726072608,0.815929203539823,0.7873612297181897,0.6558704453441295,0.6731301939058172,0.6643882433356118,0.8782608695652174,0.8688172043010752,0.8735135135135135,0.8158730158730159,0.7907692307692308,0.8031250000000001,0.6,0.569620253164557,0.5844155844155844,0.8753959873284055,0.8707983193277311,0.8730911005792523,0.8568627450980392,0.8810483870967742,0.8687872763419483,0.6762589928057554,0.6045016077170418,0.6383701188455009,0.7290909090909091,0.7696737044145874,0.7488328664799253,0.6063829787234043,0.5229357798165137,0.5615763546798029,0.7447916666666666,0.8125,0.7771739130434783,0.5340909090909091,0.5136612021857924,0.5236768802228412,0.6,0.35294117647058826,0.4444444444444445,0.5523809523809524,0.5523809523809524,0.5523809523809524,0.8813559322033898,0.8253968253968254,0.8524590163934426,0.8,0.26666666666666666,0.4,0.5,0.3157894736842105,0.3870967741935484,0.8106060606060606,0.8392156862745098,0.8246628131021194,0.75,0.1875,0.3,0.039473684210526314,0.10344827586206896,0.05714285714285714,0.36585365853658536,0.29411764705882354,0.32608695652173914,0.6271186440677966,0.7254901960784313,0.6727272727272727,0.8888888888888888,0.8205128205128205,0.8533333333333333,0.1875,0.17647058823529413,0.1818181818181818,0.0,0.0,0.0,0.0,0.0,0.0,0.0,0.0,0.0,0,spacy_small,Male names,1
1,1.2296571731567383,0.9991547755183215,0.9965226030799801,0.9961267255934055,0.9963246250124168,0.9477975539425276,0.9480958536342845,0.6824742268041237,0.5931899641577061,0.6347075743048898,0.711340206185567,0.5702479338842975,0.6330275229357798,0.6355140186915887,0.7083333333333334,0.6699507389162561,0.7267441860465116,0.6944444444444444,0.7102272727272727,0.6330275229357798,0.42857142857142855,0.5111111111111111,0.6752577319587629,0.5995423340961098,0.6351515151515151,0.78625246319694,0.739221140472879,0.75,0.7631578947368421,0.7565217391304349,0.7906976744186046,0.7472527472527473,0.7683615819209039,0.570264765784114,0.6167400881057269,0.5925925925925924,0.8030467899891186,0.7793030623020063,0.7909967845659163,0.7770700636942676,0.8052805280528053,0.7909238249594813,0.5865102639296188,0.5797101449275363,0.5830903790087464,0.7648026315789473,0.8230088495575221,0.7928388746803068,0.6528150134048257,0.6745152354570637,0.6634877384196185,0.8760869565217392,0.8666666666666667,0.8713513513513514,0.8248407643312102,0.796923076923077,0.8106416275430359,0.6164383561643836,0.569620253164557,0.5921052631578947,0.8744725738396625,0.8707983193277311,0.8726315789473685,0.8568627450980392,0.8810483870967742,0.8687872763419483,0.6750902527075813,0.6012861736334405,0.6360544217687075,0.718132854578097,0.7677543186180422,0.7421150278293135,0.6451612903225806,0.5504587155963303,0.594059405940594,0.7447916666666666,0.8125,0.7771739130434783,0.5549132947976878,0.5245901639344263,0.5393258426966293,0.6,0.35294117647058826,0.4444444444444445,0.5523809523809524,0.5523809523809524,0.5523809523809524,0.8813559322033898,0.8253968253968254,0.8524590163934426,0.8,0.26666666666666666,0.4,0.47619047619047616,0.2631578947368421,0.3389830508474576,0.8083333333333333,0.8290598290598291,0.818565400843882,1.0,0.1875,0.3157894736842105,0.05128205128205128,0.13793103448275862,0.07476635514018692,0.3902439024390244,0.3137254901960784,0.34782608695652173,0.6428571428571429,0.7058823529411765,0.6728971962616823,0.8888888888888888,0.8205128205128205,0.8533333333333333,0.15384615384615385,0.11764705882352941,0.13333333333333333,0.0,0.0,0.0,0.0,0.0,0.0,0.0,0.0,0.0,1,spacy_small,Male names,1
2,1.2081608772277832,0.9991033177244197,0.9964164841728052,0.9959208039001094,0.996168582375479,0.9462569108930616,0.9467549932758877,0.6701244813278008,0.578853046594982,0.6211538461538461,0.6938775510204082,0.5619834710743802,0.6210045662100456,0.6355140186915887,0.7083333333333334,0.6699507389162561,0.7023809523809523,0.6555555555555556,0.6781609195402298,0.6330275229357798,0.42857142857142855,0.5111111111111111,0.6640625,0.5835240274599542,0.6211936662606578,0.784805715281408,0.7366281433300425,0.7586206896551724,0.7719298245614035,0.7652173913043477,0.7842003853564548,0.7454212454212454,0.7643192488262912,0.5835051546391753,0.6233480176211453,0.6027689030883918,0.80065717415115,0.7719112988384371,0.7860215053763441,0.7667731629392971,0.7920792079207921,0.7792207792207793,0.5701754385964912,0.5652173913043478,0.5676855895196505,0.7665562913907285,0.8194690265486726,0.7921300256629598,0.652232746955345,0.667590027700831,0.6598220396988365,0.8785249457700651,0.8709677419354839,0.8747300215982722,0.8152866242038217,0.7876923076923077,0.8012519561815337,0.6111111111111112,0.5569620253164557,0.5827814569536424,0.8764519535374868,0.8718487394957983,0.8741442864665614,0.8529411764705882,0.8770161290322581,0.8648111332007952,0.6714801444043321,0.5980707395498392,0.6326530612244898,0.714795008912656,0.7696737044145874,0.7412199630314233,0.6382978723404256,0.5504587155963303,0.5911330049261083,0.7447916666666666,0.8125,0.7771739130434783,0.5371428571428571,0.5136612021857924,0.5251396648044694,0.6,0.35294117647058826,0.4444444444444445,0.5471698113207547,0.5523809523809524,0.5497630331753556,0.8813559322033898,0.8253968253968254,0.8524590163934426,0.8,0.26666666666666666,0.4,0.5,0.2631578947368421,0.3448275862068966,0.8161434977578476,0.8425925925925926,0.8291571753986331,1.0,0.1875,0.3157894736842105,0.05128205128205128,0.13793103448275862,0.07476635514018692,0.36363636363636365,0.3137254901960784,0.3368421052631579,0.6166666666666667,0.7254901960784313,0.6666666666666666,0.8888888888888888,0.8205128205128205,0.8533333333333333,0.1875,0.17647058823529413,0.1818181818181818,0.0,0.0,0.0,0.0,0.0,0.0,0.0,0.0,0.0,2,spacy_small,Male names,1
3,1.2240235805511475,0.99915611814346,0.9963297291935324,0.996033320111067,0.9961815026035209,0.9462397617274757,0.9468354430379747,0.6887966804979253,0.5949820788530465,0.6384615384615385,0.711340206185567,0.5702479338842975,0.6330275229357798,0.6415094339622641,0.7083333333333334,0.6732673267326733,0.7368421052631579,0.7,0.717948717948718,0.6388888888888888,0.42857142857142855,0.5130111524163569,0.6831168831168831,0.6018306636155606,0.6399026763990269,0.7859539511743606,0.7380842202683943,0.7543859649122807,0.7543859649122807,0.7543859649122807,0.7775665399239544,0.7490842490842491,0.7630597014925373,0.5688259109311741,0.6189427312775331,0.5928270042194093,0.7993456924754635,0.7740232312565998,0.786480686695279,0.7770700636942676,0.8052805280528053,0.7909238249594813,0.5803571428571429,0.5652173913043478,0.5726872246696035,0.7644151565074135,0.8212389380530973,0.7918088737201365,0.6563758389261745,0.6772853185595568,0.6666666666666666,0.8779956427015251,0.8666666666666667,0.8722943722943723,0.8205128205128205,0.7876923076923077,0.803767660910518,0.6081081081081081,0.569620253164557,0.5882352941176471,0.8776371308016878,0.8739495798319328,0.8757894736842107,0.8568627450980392,0.8810483870967742,0.8687872763419483,0.6733212341197822,0.5964630225080386,0.6325660699062233,0.7170818505338078,0.7735124760076776,0.7442289935364728,0.625,0.5504587155963303,0.5853658536585367,0.7395833333333334,0.8068181818181818,0.7717391304347826,0.5523255813953488,0.5191256830601093,0.5352112676056339,0.6,0.35294117647058826,0.4444444444444445,0.5471698113207547,0.5523809523809524,0.5497630331753556,0.8813559322033898,0.8253968253968254,0.8524590163934426,0.6666666666666666,0.26666666666666666,0.3809523809523809,0.4583333333333333,0.2894736842105263,0.3548387096774194,0.8185483870967742,0.8152610441767069,0.8169014084507042,1.0,0.1875,0.3157894736842105,0.05555555555555555,0.13793103448275862,0.07920792079207921,0.38095238095238093,0.3137254901960784,0.3440860215053763,0.6379310344827587,0.7254901960784313,0.6788990825688075,0.8888888888888888,0.8205128205128205,0.8533333333333333,0.2,0.17647058823529413,0.18750000000000003,0.0,0.0,0.0,0.0,0.0,0.0,0.0,0.0,0.0,3,spacy_small,Male names,1
4,1.6933045387268066,0.9991558667262526,0.996527088708077,0.9961317198968459,0.996329365079365,0.9475199841120103,0.9482150836601955,0.6757322175732218,0.578853046594982,0.6235521235521235,0.7052631578947368,0.5537190082644629,0.6203703703703703,0.6355140186915887,0.7083333333333334,0.6699507389162561,0.7125748502994012,0.6611111111111111,0.6858789625360231,0.6330275229357798,0.42857142857142855,0.5111111111111111,0.6684073107049608,0.585812356979405,0.624390243902439,0.7849082807707887,0.7381820285830007,0.7631578947368421,0.7631578947368421,0.7631578947368421,0.7786259541984732,0.7472527472527473,0.7626168224299066,0.5691056910569106,0.6167400881057269,0.5919661733615221,0.8054945054945055,0.7740232312565998,0.7894453419493808,0.7738853503184714,0.801980198019802,0.787682333873582,0.5769230769230769,0.5652173913043478,0.5710102489019032,0.7622950819672131,0.8230088495575221,0.7914893617021276,0.6617050067658998,0.6772853185595568,0.6694045174537987,0.8779956427015251,0.8666666666666667,0.8722943722943723,0.8210862619808307,0.7907692307692308,0.8056426332288402,0.5945945945945946,0.5569620253164557,0.5751633986928104,0.8743400211193242,0.8697478991596639,0.8720379146919431,0.8532289628180039,0.8790322580645161,0.8659384309831182,0.6787003610108303,0.6045016077170418,0.6394557823129251,0.7207207207207207,0.7677543186180422,0.7434944237918215,0.6185567010309279,0.5504587155963303,0.5825242718446602,0.75,0.8181818181818182,0.7826086956521738,0.5574712643678161,0.5300546448087432,0.5434173669467788,0.5789473684210527,0.3235294117647059,0.4150943396226416,0.5619047619047619,0.5619047619047619,0.5619047619047619,0.8813559322033898,0.8253968253968254,0.8524590163934426,0.7142857142857143,0.3333333333333333,0.4545454545454545,0.4,0.2631578947368421,0.3174603174603174,0.8185483870967742,0.8218623481781376,0.8202020202020203,0.75,0.1875,0.3,0.05,0.13793103448275862,0.07339449541284404,0.3488372093023256,0.29411764705882354,0.3191489361702128,0.6440677966101694,0.7450980392156863,0.6909090909090908,0.8888888888888888,0.8205128205128205,0.8533333333333333,0.14285714285714285,0.11764705882352941,0.12903225806451615,0.0,0.0,0.0,0.0,0.0,0.0,0.0,0.0,0.0,4,spacy_small,Male names,1
5,1.2092764377593994,0.9991033177244197,0.9962173999601831,0.9958208955223881,0.9960191082802546,0.9463040446304045,0.9468021518230723,0.6729559748427673,0.5752688172043011,0.6202898550724638,0.6868686868686869,0.5619834710743802,0.6181818181818183,0.6181818181818182,0.7083333333333334,0.6601941747572815,0.7204968944099379,0.6444444444444445,0.6803519061583578,0.6448598130841121,0.42857142857142855,0.5149253731343283,0.6693121693121693,0.5789473684210527,0.6208588957055214,0.7852703723064413,0.7369765956211162,0.75,0.7631578947368421,0.7565217391304349,0.7796934865900383,0.7454212454212454,0.7621722846441947,0.5784114052953157,0.6255506607929515,0.6010582010582011,0.7964989059080962,0.7687434002111933,0.782375067168189,0.7763578274760383,0.801980198019802,0.788961038961039,0.5798816568047337,0.5681159420289855,0.5739385065885798,0.7619047619047619,0.8212389380530973,0.7904599659284497,0.6518817204301075,0.6717451523545707,0.6616643929058662,0.8823529411764706,0.8709677419354839,0.8766233766233765,0.8222222222222222,0.796923076923077,0.809375,0.5945945945945946,0.5569620253164557,0.5751633986928104,0.8765822784810127,0.8728991596638656,0.8747368421052631,0.8568627450980392,0.8810483870967742,0.8687872763419483,0.6744604316546763,0.6028938906752411,0.6366723259762309,0.7170818505338078,0.7735124760076776,0.7442289935364728,0.6559139784946236,0.5596330275229358,0.603960396039604,0.7539267015706806,0.8181818181818182,0.784741144414169,0.5491329479768786,0.5191256830601093,0.5337078651685393,0.6,0.35294117647058826,0.4444444444444445,0.5514018691588785,0.5619047619047619,0.5566037735849056,0.8813559322033898,0.8253968253968254,0.8524590163934426,0.8333333333333334,0.3333333333333333,0.47619047619047616,0.6666666666666666,0.2631578947368421,0.3773584905660377,0.7627906976744186,0.7627906976744186,0.7627906976744185,0.75,0.1875,0.3,0.05194805194805195,0.13793103448275862,0.07547169811320754,0.4,0.3137254901960784,0.3516483516483516,0.6379310344827587,0.7254901960784313,0.6788990825688075,0.8888888888888888,0.8205128205128205,0.8533333333333333,0.1875,0.17647058823529413,0.1818181818181818,0.0,0.0,0.0,0.0,0.0,0.0,0.0,0.0,0.0,5,spacy_small,Male names,1
6,1.2021162509918213,0.9991533442900543,0.9965167197452229,0.9961201750895344,0.996318407960199,0.9469647925900104,0.9474627757581794,0.6863157894736842,0.5842293906810035,0.6311713455953533,0.696969696969697,0.5702479338842975,0.6272727272727273,0.6238532110091743,0.7083333333333334,0.6634146341463415,0.7272727272727273,0.6666666666666666,0.6956521739130435,0.6764705882352942,0.42857142857142855,0.5247148288973384,0.6835106382978723,0.5881006864988558,0.6322263222632225,0.7863406701899065,0.7397944370245632,0.7435897435897436,0.7631578947368421,0.7532467532467534,0.7842003853564548,0.7454212454212454,0.7643192488262912,0.5852156057494866,0.6277533039647577,0.6057385759829967,0.805921052631579,0.7761351636747624,0.7907477138246369,0.7707006369426752,0.7986798679867987,0.7844408427876822,0.5726744186046512,0.5710144927536231,0.5718432510885342,0.7722772277227723,0.8283185840707965,0.7993168232280103,0.6635135135135135,0.6800554016620498,0.6716826265389877,0.8758169934640523,0.864516129032258,0.8701298701298701,0.8269230769230769,0.7938461538461539,0.8100470957613813,0.6052631578947368,0.5822784810126582,0.5935483870967743,0.8756585879873551,0.8728991596638656,0.8742766964755392,0.8512720156555773,0.8770161290322581,0.8639523336643495,0.6781193490054249,0.6028938906752411,0.6382978723404255,0.7137809187279152,0.7754318618042226,0.7433302667893285,0.6666666666666666,0.5871559633027523,0.6243902439024391,0.7447916666666666,0.8125,0.7771739130434783,0.5555555555555556,0.5191256830601093,0.5367231638418078,0.6,0.35294117647058826,0.4444444444444445,0.5523809523809524,0.5523809523809524,0.5523809523809524,0.8813559322033898,0.8253968253968254,0.8524590163934426,0.8,0.26666666666666666,0.4,0.4090909090909091,0.23684210526315788,0.3,0.813953488372093,0.8064516129032258,0.8101851851851852,1.0,0.1875,0.3157894736842105,0.05128205128205128,0.13793103448275862,0.07476635514018692,0.3902439024390244,0.3137254901960784,0.34782608695652173,0.6379310344827587,0.7254901960784313,0.6788990825688075,0.8888888888888888,0.8205128205128205,0.8533333333333333,0.16666666666666666,0.17647058823529413,0.17142857142857143,0.0,0.0,0.0,0.0,0.0,0.0,0.0,0.0,0.0,6,spacy_small,Male names,1
7,1.202770709991455,0.9991058122205663,0.99622791344054,0.9958325064496923,0.9960301707026596,0.947593264120014,0.9480900104316725,0.6851851851851852,0.5967741935483871,0.6379310344827587,0.6938775510204082,0.5619834710743802,0.6210045662100456,0.6476190476190476,0.7083333333333334,0.6766169154228856,0.7231638418079096,0.7111111111111111,0.7170868347338935,0.6509433962264151,0.42857142857142855,0.5168539325842696,0.6829896907216495,0.6064073226544623,0.6424242424242423,0.7830013895321908,0.7359768451519537,0.7478260869565218,0.7543859649122807,0.7510917030567685,0.7857142857142857,0.7454212454212454,0.7650375939849624,0.5821205821205822,0.6167400881057269,0.5989304812834225,0.8004362050163577,0.7750791974656811,0.7875536480686696,0.767515923566879,0.7953795379537953,0.7811993517017829,0.5701754385964912,0.5652173913043478,0.5676855895196505,0.7594108019639935,0.8212389380530973,0.7891156462585034,0.6522911051212938,0.6703601108033241,0.6612021857923498,0.8779956427015251,0.8666666666666667,0.8722943722943723,0.819047619047619,0.7938461538461539,0.80625,0.6081081081081081,0.569620253164557,0.5882352941176471,0.8755274261603375,0.8718487394957983,0.8736842105263157,0.8549019607843137,0.8790322580645161,0.8667992047713717,0.6738738738738739,0.6012861736334405,0.6355140186915887,0.7051509769094139,0.761996161228407,0.7324723247232472,0.6382978723404256,0.5504587155963303,0.5911330049261083,0.7395833333333334,0.8068181818181818,0.7717391304347826,0.5523255813953488,0.5191256830601093,0.5352112676056339,0.6,0.35294117647058826,0.4444444444444445,0.5619047619047619,0.5619047619047619,0.5619047619047619,0.8813559322033898,0.8253968253968254,0.8524590163934426,0.75,0.2,0.31578947368421056,0.43478260869565216,0.2631578947368421,0.32786885245901637,0.7975708502024291,0.8106995884773662,0.8040816326530612,1.0,0.1875,0.3157894736842105,0.039473684210526314,0.10344827586206896,0.05714285714285714,0.375,0.29411764705882354,0.3296703296703296,0.6379310344827587,0.7254901960784313,0.6788990825688075,0.8888888888888888,0.8205128205128205,0.8533333333333333,0.17647058823529413,0.17647058823529413,0.17647058823529413,0.0,0.0,0.0,0.0,0.0,0.0,0.0,0.0,0.0,7,spacy_small,Male names,1
8,1.1998233795166016,0.9991040318566451,0.9964193355878257,0.9959240481161149,0.9961716302888679,0.9464987806698851,0.9471955407355795,0.6729166666666667,0.578853046594982,0.6223506743737958,0.696969696969697,0.5702479338842975,0.6272727272727273,0.6017699115044248,0.7083333333333334,0.6507177033492824,0.7134146341463414,0.65,0.6802325581395349,0.6634615384615384,0.42857142857142855,0.5207547169811321,0.6666666666666666,0.5812356979405034,0.6210268948655256,0.7840770614518656,0.7381491151726138,0.7543859649122807,0.7543859649122807,0.7543859649122807,0.781190019193858,0.7454212454212454,0.7628865979381443,0.5777777777777777,0.6299559471365639,0.6027397260273972,0.8085808580858086,0.7761351636747624,0.7920258620689656,0.7731629392971247,0.7986798679867987,0.7857142857142856,0.5857988165680473,0.5739130434782609,0.5797950219619327,0.7524590163934426,0.8123893805309734,0.7812765957446809,0.6567967698519516,0.6759002770083102,0.6662116040955631,0.8785249457700651,0.8709677419354839,0.8747300215982722,0.8205128205128205,0.7876923076923077,0.803767660910518,0.5921052631578947,0.569620253164557,0.5806451612903226,0.8722280887011615,0.8676470588235294,0.8699315429173249,0.8568627450980392,0.8810483870967742,0.8687872763419483,0.6799276672694394,0.6045016077170418,0.64,0.7235188509874326,0.7735124760076776,0.7476808905380333,0.6354166666666666,0.5596330275229358,0.5951219512195123,0.7461139896373057,0.8181818181818182,0.7804878048780487,0.5480225988700564,0.5300546448087432,0.5388888888888889,0.6,0.35294117647058826,0.4444444444444445,0.5514018691588785,0.5619047619047619,0.5566037735849056,0.8813559322033898,0.8253968253968254,0.8524590163934426,0.8,0.26666666666666666,0.4,0.5,0.23684210526315788,0.32142857142857145,0.7869565217391304,0.8080357142857143,0.7973568281938326,1.0,0.1875,0.3157894736842105,0.056338028169014086,0.13793103448275862,0.07999999999999999,0.36585365853658536,0.29411764705882354,0.32608695652173914,0.6379310344827587,0.7254901960784313,0.6788990825688075,0.8888888888888888,0.8205128205128205,0.8533333333333333,0.125,0.11764705882352941,0.12121212121212122,0.0,0.0,0.0,0.0,0.0,0.0,0.0,0.0,0.0,8,spacy_small,Male names,1
9,1.1966850757598877,0.9991544391942302,0.9963224331577378,0.9960254372019078,0.9961739130434782,0.9474260134294952,0.9480228798806267,0.6943866943866944,0.5985663082437276,0.6429258902791146,0.711340206185567,0.5702479338842975,0.6330275229357798,0.6415094339622641,0.7083333333333334,0.6732673267326733,0.7191011235955056,0.7111111111111111,0.7150837988826815,0.69,0.42857142857142855,0.528735632183908,0.6901041666666666,0.6064073226544623,0.6455542021924483,0.784156808165159,0.7376355308169537,0.7610619469026548,0.7543859649122807,0.7577092511013216,0.7861271676300579,0.7472527472527473,0.7661971830985915,0.5694164989939637,0.6233480176211453,0.5951629863301787,0.8046103183315039,0.7740232312565998,0.7890204520990312,0.7802547770700637,0.8085808580858086,0.7941653160453809,0.5676470588235294,0.5594202898550724,0.5635036496350365,0.760655737704918,0.8212389380530973,0.789787234042553,0.6585695006747638,0.6759002770083102,0.6671223513328777,0.8736383442265795,0.8623655913978494,0.867965367965368,0.8210862619808307,0.7907692307692308,0.8056426332288402,0.5972222222222222,0.5443037974683544,0.5695364238410596,0.8744725738396625,0.8707983193277311,0.8726315789473685,0.8549019607843137,0.8790322580645161,0.8667992047713717,0.6756756756756757,0.6028938906752411,0.6372132540356839,0.7191413237924866,0.7715930902111324,0.7444444444444444,0.6288659793814433,0.5596330275229358,0.5922330097087379,0.75,0.8181818181818182,0.7826086956521738,0.5485714285714286,0.5245901639344263,0.5363128491620113,0.6,0.35294117647058826,0.4444444444444445,0.5480769230769231,0.5428571428571428,0.5454545454545454,0.8813559322033898,0.8253968253968254,0.8524590163934426,0.6666666666666666,0.26666666666666666,0.3809523809523809,0.5555555555555556,0.2631578947368421,0.35714285714285715,0.7923728813559322,0.8165938864628821,0.8043010752688171,0.75,0.1875,0.3,0.05405405405405406,0.13793103448275862,0.07766990291262137,0.35714285714285715,0.29411764705882354,0.3225806451612903,0.6440677966101694,0.7450980392156863,0.6909090909090908,0.8888888888888888,0.8205128205128205,0.8533333333333333,0.2,0.17647058823529413,0.18750000000000003,0.0,0.0,0.0,0.0,0.0,0.0,0.0,0.0,0.0,9,spacy_small,Male names,1
10,1.2008273601531982,0.9991048338969564,0.99622379012223,0.9958279527167975,0.9960258320914058,0.9466408075985877,0.9470386394151873,0.6735537190082644,0.5842293906810035,0.6257197696737044,0.7083333333333334,0.5619834710743802,0.6267281105990784,0.6355140186915887,0.7083333333333334,0.6699507389162561,0.7159763313609467,0.6722222222222223,0.6934097421203438,0.6160714285714286,0.42857142857142855,0.5054945054945054,0.6649484536082474,0.5903890160183066,0.6254545454545455,0.7833497594063423,0.7365370123471102,0.7435897435897436,0.7631578947368421,0.7532467532467534,0.7824427480916031,0.7509157509157509,0.766355140186916,0.5705521472392638,0.6145374449339207,0.5917285259809121,0.8,0.7687434002111933,0.7840603123317178,0.7770700636942676,0.8052805280528053,0.7909238249594813,0.5693215339233039,0.5594202898550724,0.5643274853801169,0.761437908496732,0.8247787610619469,0.7918436703483432,0.6567567567567567,0.6731301939058172,0.66484268125855,0.8717391304347826,0.8623655913978494,0.867027027027027,0.8274760383386581,0.796923076923077,0.8119122257053291,0.5921052631578947,0.569620253164557,0.5806451612903226,0.8756585879873551,0.8728991596638656,0.8742766964755392,0.8588235294117647,0.8830645161290323,0.8707753479125249,0.6726618705035972,0.6012861736334405,0.634974533106961,0.7189189189189189,0.7658349328214972,0.7416356877323421,0.631578947368421,0.5504587155963303,0.588235294117647,0.75,0.8181818181818182,0.7826086956521738,0.5454545454545454,0.5245901639344263,0.5348189415041782,0.6,0.35294117647058826,0.4444444444444445,0.5533980582524272,0.5428571428571428,0.5480769230769229,0.8813559322033898,0.8253968253968254,0.8524590163934426,0.8,0.26666666666666666,0.4,0.4090909090909091,0.23684210526315788,0.3,0.7905982905982906,0.7974137931034483,0.7939914163090129,1.0,0.1875,0.3157894736842105,0.05405405405405406,0.13793103448275862,0.07766990291262137,0.36585365853658536,0.29411764705882354,0.32608695652173914,0.6379310344827587,0.7254901960784313,0.6788990825688075,0.8888888888888888,0.8205128205128205,0.8533333333333333,0.2,0.17647058823529413,0.18750000000000003,0.0,0.0,0.0,0.0,0.0,0.0,0.0,0.0,0.0,10,spacy_small,Male names,1
11,1.1999704837799072,0.9991054567140444,0.9964250248262165,0.9959305210918115,0.9961777115909656,0.9473265752335519,0.9480222619757503,0.6761710794297352,0.5949820788530465,0.6329837940896091,0.6831683168316832,0.5702479338842975,0.6216216216216216,0.6415094339622641,0.7083333333333334,0.6732673267326733,0.72,0.7,0.7098591549295775,0.6330275229357798,0.42857142857142855,0.5111111111111111,0.6743589743589744,0.6018306636155606,0.6360338573155986,0.7860782951123465,0.7396641574985524,0.7565217391304347,0.7631578947368421,0.7598253275109169,0.7887596899224806,0.7454212454212454,0.7664783427495292,0.5841995841995842,0.6189427312775331,0.6010695187165775,0.8032786885245902,0.7761351636747624,0.7894736842105264,0.7738853503184714,0.801980198019802,0.787682333873582,0.5801749271137027,0.5768115942028985,0.5784883720930233,0.7594108019639935,0.8212389380530973,0.7891156462585034,0.6581081081081082,0.6745152354570637,0.6662106703146375,0.8796498905908097,0.864516129032258,0.8720173535791756,0.8237179487179487,0.7907692307692308,0.8069073783359498,0.6301369863013698,0.5822784810126582,0.6052631578947368,0.8764519535374868,0.8718487394957983,0.8741442864665614,0.8512720156555773,0.8770161290322581,0.8639523336643495,0.6738351254480287,0.6045016077170418,0.6372881355932204,0.7230215827338129,0.7715930902111324,0.7465181058495821,0.6363636363636364,0.5779816513761468,0.6057692307692307,0.7461139896373057,0.8181818181818182,0.7804878048780487,0.5402298850574713,0.5136612021857924,0.5266106442577031,0.5909090909090909,0.38235294117647056,0.46428571428571425,0.5514018691588785,0.5619047619047619,0.5566037735849056,0.8813559322033898,0.8253968253968254,0.8524590163934426,0.8333333333333334,0.3333333333333333,0.47619047619047616,0.5,0.23684210526315788,0.32142857142857145,0.8087649402390438,0.8458333333333333,0.8268839103869653,0.75,0.1875,0.3,0.05194805194805195,0.13793103448275862,0.07547169811320754,0.3902439024390244,0.3137254901960784,0.34782608695652173,0.6379310344827587,0.7254901960784313,0.6788990825688075,0.8648648648648649,0.8205128205128205,0.8421052631578947,0.13333333333333333,0.11764705882352941,0.125,0.0,0.0,0.0,0.0,0.0,0.0,0.0,0.0,0.0,11,spacy_small,Male names,1
12,1.1981122493743896,0.99915611814346,0.9965281222100982,0.9961328705999009,0.996330457205197,0.9475356132426664,0.9482305057824987,0.6880165289256198,0.5967741935483871,0.6391554702495201,0.6732673267326733,0.5619834710743802,0.6126126126126127,0.6476190476190476,0.7083333333333334,0.6766169154228856,0.7272727272727273,0.7111111111111111,0.7191011235955056,0.6764705882352942,0.42857142857142855,0.5247148288973384,0.6919060052219321,0.6064073226544623,0.6463414634146342,0.7851191853737561,0.7389795209996529,0.7413793103448276,0.7543859649122807,0.7478260869565219,0.7876447876447876,0.7472527472527473,0.7669172932330828,0.5714285714285714,0.6255506607929515,0.5972660357518401,0.7989071038251366,0.7719112988384371,0.7851772287862514,0.7738853503184714,0.801980198019802,0.787682333873582,0.5905044510385756,0.5768115942028985,0.5835777126099706,0.7651888341543513,0.8247787610619469,0.7938671209540035,0.659919028340081,0.6772853185595568,0.6684894053315106,0.8760869565217392,0.8666666666666667,0.8713513513513514,0.8222222222222222,0.796923076923077,0.809375,0.6081081081081081,0.569620253164557,0.5882352941176471,0.8784355179704016,0.8728991596638656,0.8756585879873551,0.8549019607843137,0.8790322580645161,0.8667992047713717,0.6794171220400729,0.5996784565916399,0.6370623398804441,0.7191413237924866,0.7715930902111324,0.7444444444444444,0.6262626262626263,0.5688073394495413,0.5961538461538461,0.7473684210526316,0.8068181818181818,0.7759562841530054,0.5722543352601156,0.5409836065573771,0.5561797752808989,0.6,0.35294117647058826,0.4444444444444445,0.5566037735849056,0.5619047619047619,0.5592417061611374,0.8813559322033898,0.8253968253968254,0.8524590163934426,0.6666666666666666,0.26666666666666666,0.3809523809523809,0.35,0.18421052631578946,0.24137931034482757,0.796,0.796,0.796,1.0,0.1875,0.3157894736842105,0.05405405405405406,0.13793103448275862,0.07766990291262137,0.3953488372093023,0.3333333333333333,0.36170212765957444,0.6491228070175439,0.7254901960784313,0.6851851851851852,0.8888888888888888,0.8205128205128205,0.8533333333333333,0.15,0.17647058823529413,0.16216216216216214,0.0,0.0,0.0,0.0,0.0,0.0,0.0,0.0,0.0,12,spacy_small,Male names,1
13,1.196415901184082,0.9991547755183215,0.9965226030799801,0.9961267255934055,0.9963246250124168,0.9456624409644545,0.9463584389758887,0.6805845511482255,0.5842293906810035,0.6287367405978784,0.6938775510204082,0.5619834710743802,0.6210045662100456,0.6238532110091743,0.7083333333333334,0.6634146341463415,0.7076023391812866,0.6722222222222223,0.6894586894586895,0.6831683168316832,0.42857142857142855,0.5267175572519084,0.6771653543307087,0.5903890160183066,0.6308068459657702,0.7822660098522168,0.7351219794865852,0.7478260869565218,0.7543859649122807,0.7510917030567685,0.783109404990403,0.7472527472527473,0.7647610121836925,0.5773195876288659,0.6167400881057269,0.5963791267305644,0.7978142076502732,0.7708553326293559,0.7841031149301827,0.7714285714285715,0.801980198019802,0.7864077669902912,0.5635838150289018,0.5652173913043478,0.5643994211287988,0.7607260726072608,0.815929203539823,0.7873612297181897,0.6522911051212938,0.6703601108033241,0.6612021857923498,0.8820960698689956,0.8688172043010752,0.875406283856988,0.8231511254019293,0.7876923076923077,0.8050314465408804,0.5945945945945946,0.5569620253164557,0.5751633986928104,0.8765822784810127,0.8728991596638656,0.8747368421052631,0.8549019607843137,0.8790322580645161,0.8667992047713717,0.6726618705035972,0.6012861736334405,0.634974533106961,0.7199281867145422,0.7696737044145874,0.7439703153988869,0.6020408163265306,0.5412844036697247,0.5700483091787439,0.7371134020618557,0.8125,0.772972972972973,0.5310734463276836,0.5136612021857924,0.5222222222222223,0.631578947368421,0.35294117647058826,0.45283018867924524,0.5619047619047619,0.5619047619047619,0.5619047619047619,0.8813559322033898,0.8253968253968254,0.8524590163934426,0.7142857142857143,0.3333333333333333,0.4545454545454545,0.5,0.2894736842105263,0.3666666666666667,0.7869565217391304,0.7735042735042735,0.7801724137931034,1.0,0.1875,0.3157894736842105,0.05263157894736842,0.13793103448275862,0.07619047619047618,0.35714285714285715,0.29411764705882354,0.3225806451612903,0.6379310344827587,0.7254901960784313,0.6788990825688075,0.8888888888888888,0.8205128205128205,0.8533333333333333,0.17647058823529413,0.17647058823529413,0.17647058823529413,0.0,0.0,0.0,0.0,0.0,0.0,0.0,0.0,0.0,13,spacy_small,Male names,1
14,1.1993489265441895,0.9991548595575441,0.9965229485396384,0.9961271102284012,0.9963249900675407,0.9469602823482627,0.9475567927623403,0.6770186335403726,0.5860215053763441,0.6282420749279539,0.7040816326530612,0.5702479338842975,0.6301369863013699,0.6476190476190476,0.7083333333333334,0.6766169154228856,0.6994219653179191,0.6722222222222223,0.6855524079320113,0.6448598130841121,0.42857142857142855,0.5149253731343283,0.6701298701298701,0.5903890160183066,0.6277372262773723,0.784120544769632,0.7372080894709393,0.7478260869565218,0.7543859649122807,0.7510917030567685,0.7850287907869482,0.7490842490842491,0.7666354264292409,0.5693877551020409,0.6145374449339207,0.5911016949152543,0.8032967032967033,0.7719112988384371,0.7872913301023156,0.7738853503184714,0.801980198019802,0.787682333873582,0.5798816568047337,0.5681159420289855,0.5739385065885798,0.7602627257799671,0.8194690265486726,0.788756388415673,0.6572199730094467,0.6745152354570637,0.6657552973342448,0.8758169934640523,0.864516129032258,0.8701298701298701,0.8242811501597445,0.7938461538461539,0.8087774294670846,0.5945945945945946,0.5569620253164557,0.5751633986928104,0.8727655099894848,0.8718487394957983,0.8723068838675776,0.8529411764705882,0.8770161290322581,0.8648111332007952,0.6756756756756757,0.6028938906752411,0.6372132540356839,0.7230215827338129,0.7715930902111324,0.7465181058495821,0.6595744680851063,0.5688073394495413,0.6108374384236452,0.7486910994764397,0.8125,0.779291553133515,0.5574712643678161,0.5300546448087432,0.5434173669467788,0.6,0.35294117647058826,0.4444444444444445,0.5333333333333333,0.5333333333333333,0.5333333333333333,0.8813559322033898,0.8253968253968254,0.8524590163934426,0.8333333333333334,0.3333333333333333,0.47619047619047616,0.43478260869565216,0.2631578947368421,0.32786885245901637,0.7866108786610879,0.8,0.7932489451476794,0.75,0.1875,0.3,0.05333333333333334,0.13793103448275862,0.07692307692307693,0.37777777777777777,0.3333333333333333,0.3541666666666667,0.6491228070175439,0.7254901960784313,0.6851851851851852,0.8888888888888888,0.8205128205128205,0.8533333333333333,0.16666666666666666,0.17647058823529413,0.17142857142857143,0.0,0.0,0.0,0.0,0.0,0.0,0.0,0.0,0.0,14,spacy_small,Male names,1
15,1.193056344985962,0.9991541026023785,0.9965198369295019,0.9961236457608588,0.996321701958445,0.9467608717285302,0.9474574584535774,0.6784232365145229,0.5860215053763441,0.6288461538461538,0.7157894736842105,0.5619834710743802,0.6296296296296298,0.591304347826087,0.7083333333333334,0.6445497630331755,0.7218934911242604,0.6777777777777778,0.699140401146132,0.6699029126213593,0.42857142857142855,0.5227272727272727,0.6692506459948321,0.5926773455377574,0.6286407766990292,0.7840361969951853,0.7374282234209152,0.7565217391304347,0.7631578947368421,0.7598253275109169,0.7835249042145593,0.7490842490842491,0.7659176029962547,0.5758196721311475,0.6189427312775331,0.5966029723991507,0.8094713656387665,0.7761351636747624,0.7924528301886793,0.7834394904458599,0.8118811881188119,0.7974068071312805,0.5816023738872403,0.5681159420289855,0.5747800586510264,0.7577741407528642,0.8194690265486726,0.7874149659863946,0.6558704453441295,0.6731301939058172,0.6643882433356118,0.8779956427015251,0.8666666666666667,0.8722943722943723,0.8184713375796179,0.7907692307692308,0.8043818466353677,0.6056338028169014,0.5443037974683544,0.5733333333333334,0.8744725738396625,0.8707983193277311,0.8726315789473685,0.8568627450980392,0.8810483870967742,0.8687872763419483,0.6636851520572451,0.5964630225080386,0.6282811176968671,0.7199281867145422,0.7696737044145874,0.7439703153988869,0.625,0.5504587155963303,0.5853658536585367,0.75,0.8181818181818182,0.7826086956521738,0.5485714285714286,0.5245901639344263,0.5363128491620113,0.6,0.35294117647058826,0.4444444444444445,0.5566037735849056,0.5619047619047619,0.5592417061611374,0.8813559322033898,0.8253968253968254,0.8524590163934426,0.7142857142857143,0.3333333333333333,0.4545454545454545,0.5,0.2894736842105263,0.3666666666666667,0.7692307692307693,0.7964601769911505,0.782608695652174,1.0,0.1875,0.3157894736842105,0.05333333333333334,0.13793103448275862,0.07692307692307693,0.35714285714285715,0.29411764705882354,0.3225806451612903,0.6379310344827587,0.7254901960784313,0.6788990825688075,0.8888888888888888,0.8205128205128205,0.8533333333333333,0.21428571428571427,0.17647058823529413,0.1935483870967742,0.0,0.0,0.0,0.0,0.0,0.0,0.0,0.0,0.0,15,spacy_small,Male names,1
16,1.1944215297698975,0.9991046557898926,0.9962230394592982,0.9958271236959761,0.9960250422339262,0.9473265356876398,0.9480228798806267,0.6824742268041237,0.5931899641577061,0.6347075743048898,0.6732673267326733,0.5619834710743802,0.6126126126126127,0.6296296296296297,0.7083333333333334,0.6666666666666667,0.7241379310344828,0.7,0.711864406779661,0.6764705882352942,0.42857142857142855,0.5247148288973384,0.6848958333333334,0.6018306636155606,0.6406820950060902,0.7835314583937374,0.7367078332463617,0.7478260869565218,0.7543859649122807,0.7510917030567685,0.7883495145631068,0.7435897435897436,0.765315739868049,0.573469387755102,0.6189427312775331,0.5953389830508474,0.7982456140350878,0.7687434002111933,0.7832167832167832,0.7731629392971247,0.7986798679867987,0.7857142857142856,0.5847953216374269,0.5797101449275363,0.5822416302765647,0.7644151565074135,0.8212389380530973,0.7918088737201365,0.6545209176788124,0.6717451523545707,0.6630211893369787,0.8782608695652174,0.8688172043010752,0.8735135135135135,0.8222222222222222,0.796923076923077,0.809375,0.6111111111111112,0.5569620253164557,0.5827814569536424,0.8734177215189873,0.8697478991596639,0.8715789473684211,0.8529411764705882,0.8770161290322581,0.8648111332007952,0.6738738738738739,0.6012861736334405,0.6355140186915887,0.7186379928315412,0.7696737044145874,0.7432808155699723,0.6082474226804123,0.5412844036697247,0.5728155339805825,0.7357512953367875,0.8068181818181818,0.7696476964769648,0.5402298850574713,0.5136612021857924,0.5266106442577031,0.6,0.35294117647058826,0.4444444444444445,0.5471698113207547,0.5523809523809524,0.5497630331753556,0.8813559322033898,0.8253968253968254,0.8524590163934426,0.8333333333333334,0.3333333333333333,0.47619047619047616,0.47619047619047616,0.2631578947368421,0.3389830508474576,0.8050847457627118,0.8260869565217391,0.8154506437768241,1.0,0.1875,0.3157894736842105,0.05063291139240506,0.13793103448275862,0.07407407407407407,0.4,0.3137254901960784,0.3516483516483516,0.6206896551724138,0.7058823529411765,0.6605504587155964,0.8888888888888888,0.8205128205128205,0.8533333333333333,0.21428571428571427,0.17647058823529413,0.1935483870967742,0.0,0.0,0.0,0.0,0.0,0.0,0.0,0.0,0.0,16,spacy_small,Male names,1
17,1.1982743740081787,0.9991559505486322,0.9963290008929457,0.9960325332275343,0.996180745002728,0.9483143835956506,0.9490094831438359,0.6735112936344969,0.5878136200716846,0.6277511961722487,0.6831683168316832,0.5702479338842975,0.6216216216216216,0.6538461538461539,0.7083333333333334,0.68,0.7134502923976608,0.6777777777777778,0.6951566951566951,0.6216216216216216,0.42857142857142855,0.5073529411764706,0.6709844559585493,0.5926773455377574,0.629404617253949,0.7866195960414376,0.7397291980094898,0.7350427350427351,0.7543859649122807,0.7445887445887446,0.7876447876447876,0.7472527472527473,0.7669172932330828,0.573469387755102,0.6189427312775331,0.5953389830508474,0.8037077426390403,0.778247096092925,0.7907725321888411,0.7788461538461539,0.801980198019802,0.7902439024390243,0.5791044776119403,0.5623188405797102,0.5705882352941176,0.7664473684210527,0.8247787610619469,0.7945439045183291,0.6603518267929634,0.6759002770083102,0.6680355920602326,0.8758169934640523,0.864516129032258,0.8701298701298701,0.821656050955414,0.7938461538461539,0.8075117370892019,0.6,0.569620253164557,0.5844155844155844,0.8756585879873551,0.8728991596638656,0.8742766964755392,0.8588235294117647,0.8830645161290323,0.8707753479125249,0.6714801444043321,0.5980707395498392,0.6326530612244898,0.7160714285714286,0.7696737044145874,0.7419056429232191,0.6421052631578947,0.5596330275229358,0.5980392156862745,0.75,0.8181818181818182,0.7826086956521738,0.5581395348837209,0.5245901639344263,0.5408450704225352,0.6,0.35294117647058826,0.4444444444444445,0.5631067961165048,0.5523809523809524,0.5576923076923077,0.8813559322033898,0.8253968253968254,0.8524590163934426,0.8,0.26666666666666666,0.4,0.5,0.2894736842105263,0.3666666666666667,0.8300395256916996,0.8502024291497976,0.8400000000000001,0.75,0.1875,0.3,0.05128205128205128,0.13793103448275862,0.07476635514018692,0.37209302325581395,0.3137254901960784,0.3404255319148936,0.6206896551724138,0.7058823529411765,0.6605504587155964,0.8888888888888888,0.8205128205128205,0.8533333333333333,0.17647058823529413,0.17647058823529413,0.17647058823529413,0.0,0.0,0.0,0.0,0.0,0.0,0.0,0.0,0.0,17,spacy_small,Male names,1
18,1.1948041915893555,0.9991544391942302,0.9965212205546168,0.9961251862891207,0.9963231640663818,0.9466825823137373,0.9473788918730728,0.6805845511482255,0.5842293906810035,0.6287367405978784,0.6764705882352942,0.5702479338842975,0.6188340807174889,0.6538461538461539,0.7083333333333334,0.68,0.7100591715976331,0.6666666666666666,0.6876790830945558,0.6634615384615384,0.42857142857142855,0.5207547169811321,0.6816976127320955,0.5881006864988558,0.6314496314496315,0.7853870687155696,0.7384472661912216,0.7631578947368421,0.7631578947368421,0.7631578947368421,0.7891682785299806,0.7472527472527473,0.7676387582314206,0.5763052208835341,0.6321585903083701,0.6029411764705882,0.7995618838992333,0.7708553326293559,0.7849462365591399,0.7795527156549521,0.8052805280528053,0.7922077922077922,0.591715976331361,0.5797101449275363,0.5856515373352855,0.7569786535303776,0.815929203539823,0.7853492333901193,0.6508795669824087,0.6662049861495845,0.6584531143052704,0.8736383442265795,0.8623655913978494,0.867965367965368,0.8152866242038217,0.7876923076923077,0.8012519561815337,0.6164383561643836,0.569620253164557,0.5921052631578947,0.8786919831223629,0.875,0.8768421052631579,0.8588235294117647,0.8830645161290323,0.8707753479125249,0.6768953068592057,0.6028938906752411,0.6377551020408163,0.7183600713012478,0.7735124760076776,0.744916820702403,0.6224489795918368,0.5596330275229358,0.5893719806763285,0.7409326424870466,0.8125,0.7750677506775067,0.5649717514124294,0.546448087431694,0.5555555555555556,0.6,0.35294117647058826,0.4444444444444445,0.5576923076923077,0.5523809523809524,0.5550239234449761,0.8813559322033898,0.8253968253968254,0.8524590163934426,0.8,0.26666666666666666,0.4,0.45,0.23684210526315788,0.3103448275862069,0.8105726872246696,0.8,0.8052516411378556,1.0,0.1875,0.3157894736842105,0.05194805194805195,0.13793103448275862,0.07547169811320754,0.3953488372093023,0.3333333333333333,0.36170212765957444,0.6379310344827587,0.7254901960784313,0.6788990825688075,0.8888888888888888,0.8205128205128205,0.8533333333333333,0.17647058823529413,0.17647058823529413,0.17647058823529413,0.0,0.0,0.0,0.0,0.0,0.0,0.0,0.0,0.0,18,spacy_small,Male names,1
19,1.1972229480743408,0.9991530068257686,0.9963162086818,0.9960187120533492,0.9961674381563884,0.9463929852530888,0.9470904742925469,0.6836518046709129,0.5770609318996416,0.6258503401360543,0.7010309278350515,0.5619834710743802,0.6238532110091742,0.6601941747572816,0.7083333333333334,0.6834170854271358,0.7222222222222222,0.65,0.6842105263157895,0.6330275229357798,0.42857142857142855,0.5111111111111111,0.679144385026738,0.5812356979405034,0.6263871763255241,0.7861708309122604,0.7396735025852554,0.75,0.7631578947368421,0.7565217391304349,0.7865384615384615,0.7490842490842491,0.7673545966228893,0.573170731707317,0.6211453744493393,0.5961945031712473,0.8090010976948409,0.778247096092925,0.7933261571582346,0.7738853503184714,0.801980198019802,0.787682333873582,0.577259475218659,0.5739130434782609,0.5755813953488371,0.7623762376237624,0.8176991150442477,0.7890691716481639,0.6509433962264151,0.6689750692520776,0.6598360655737705,0.8763557483731019,0.8688172043010752,0.8725701943844493,0.8295819935691319,0.7938461538461539,0.8113207547169812,0.6164383561643836,0.569620253164557,0.5921052631578947,0.8784355179704016,0.8728991596638656,0.8756585879873551,0.8549019607843137,0.8790322580645161,0.8667992047713717,0.6780575539568345,0.6061093247588425,0.6400679117147708,0.7222222222222222,0.7735124760076776,0.746987951807229,0.6630434782608695,0.5596330275229358,0.6069651741293531,0.7435897435897436,0.8238636363636364,0.7816711590296497,0.5588235294117647,0.5191256830601093,0.5382436260623229,0.6190476190476191,0.38235294117647056,0.4727272727272727,0.5514018691588785,0.5619047619047619,0.5566037735849056,0.8813559322033898,0.8253968253968254,0.8524590163934426,0.8333333333333334,0.3333333333333333,0.47619047619047616,0.5263157894736842,0.2631578947368421,0.35087719298245607,0.7837837837837838,0.8207547169811321,0.8018433179723502,0.75,0.1875,0.3,0.056338028169014086,0.13793103448275862,0.07999999999999999,0.40476190476190477,0.3333333333333333,0.3655913978494623,0.6333333333333333,0.7450980392156863,0.6846846846846847,0.8888888888888888,0.8205128205128205,0.8533333333333333,0.17647058823529413,0.17647058823529413,0.17647058823529413,0.0,0.0,0.0,0.0,0.0,0.0,0.0,0.0,0.0,19,spacy_small,Male names,1
