,wall_time,token_acc,token_p,token_r,token_f,pos_acc,tag_acc,ents_p,ents_r,ents_f,ents_per_type_LOC_p,ents_per_type_LOC_r,ents_per_type_LOC_f,ents_per_type_PER_p,ents_per_type_PER_r,ents_per_type_PER_f,ents_per_type_MISC_p,ents_per_type_MISC_r,ents_per_type_MISC_f,ents_per_type_ORG_p,ents_per_type_ORG_r,ents_per_type_ORG_f,ents_excl_MISC_ents_p,ents_excl_MISC_ents_r,ents_excl_MISC_ents_f,k,model,augmenter,i
0,29.467533588409424,0.999400479616307,0.9982025164769323,0.9973061957497755,0.9977541548135948,0.9761797752808988,0.0,0.0,0.0,0.0,0.0,0.0,0.0,0.0,0.0,0.0,0.0,0.0,0.0,0.0,0.0,0.0,0.0,0.0,0.0,0,stanza,No augmentation,0
0,30.087260723114014,0.9987003898830351,0.9939097444089456,0.9932156041105458,0.9935625530216079,0.9513816019587268,0.0,0.0,0.0,0.0,0.0,0.0,0.0,0.0,0.0,0.0,0.0,0.0,0.0,0.0,0.0,0.0,0.0,0.0,0.0,0,stanza,Keystroke errors 2%,1
1,30.04547667503357,0.998550652206507,0.9926140333366603,0.9922178988326849,0.9924159265542362,0.9489306416150309,0.0,0.0,0.0,0.0,0.0,0.0,0.0,0.0,0.0,0.0,0.0,0.0,0.0,0.0,0.0,0.0,0.0,0.0,0.0,1,stanza,Keystroke errors 2%,1
2,30.374609231948853,0.9985500724963752,0.9933100349475786,0.9925172104160431,0.9929134644176065,0.9471211515393841,0.0,0.0,0.0,0.0,0.0,0.0,0.0,0.0,0.0,0.0,0.0,0.0,0.0,0.0,0.0,0.0,0.0,0.0,0.0,2,stanza,Keystroke errors 2%,1
3,30.074262380599976,0.9983001699830018,0.9911159912158115,0.9906215703881074,0.9908687191257922,0.9492101579684062,0.0,0.0,0.0,0.0,0.0,0.0,0.0,0.0,0.0,0.0,0.0,0.0,0.0,0.0,0.0,0.0,0.0,0.0,0.0,3,stanza,Keystroke errors 2%,1
4,30.06576371192932,0.9984511616287784,0.99131996408261,0.99131996408261,0.99131996408261,0.9479734119646159,0.0,0.0,0.0,0.0,0.0,0.0,0.0,0.0,0.0,0.0,0.0,0.0,0.0,0.0,0.0,0.0,0.0,0.0,0.0,4,stanza,Keystroke errors 2%,1
5,30.229422330856323,0.9982989793876326,0.9927080211767056,0.9915195051381822,0.9921134072077469,0.9511426714007101,0.0,0.0,0.0,0.0,0.0,0.0,0.0,0.0,0.0,0.0,0.0,0.0,0.0,0.0,0.0,0.0,0.0,0.0,0.0,5,stanza,Keystroke errors 2%,1
6,30.130008697509766,0.9988517797414008,0.992719656926299,0.9931158335827597,0.992917705735661,0.9499126092384518,0.0,0.0,0.0,0.0,0.0,0.0,0.0,0.0,0.0,0.0,0.0,0.0,0.0,0.0,0.0,0.0,0.0,0.0,0.0,6,stanza,Keystroke errors 2%,1
7,30.089711904525757,0.9985502174673799,0.9928115015974441,0.9921181283048988,0.9924646938469984,0.949667616334283,0.0,0.0,0.0,0.0,0.0,0.0,0.0,0.0,0.0,0.0,0.0,0.0,0.0,0.0,0.0,0.0,0.0,0.0,0.0,7,stanza,Keystroke errors 2%,1
8,30.184687852859497,0.9981499074953748,0.9905170692753045,0.9900229472213908,0.9902699466094507,0.9501049895010498,0.0,0.0,0.0,0.0,0.0,0.0,0.0,0.0,0.0,0.0,0.0,0.0,0.0,0.0,0.0,0.0,0.0,0.0,0.0,8,stanza,Keystroke errors 2%,1
9,30.14642906188965,0.9986520892616444,0.9912254462060026,0.9918188167215405,0.9915220426890086,0.9458069027521102,0.0,0.0,0.0,0.0,0.0,0.0,0.0,0.0,0.0,0.0,0.0,0.0,0.0,0.0,0.0,0.0,0.0,0.0,0.0,9,stanza,Keystroke errors 2%,1
10,30.208538055419922,0.9984513163810761,0.9911213088587391,0.9912201935548239,0.99117074874046,0.9494353952233436,0.0,0.0,0.0,0.0,0.0,0.0,0.0,0.0,0.0,0.0,0.0,0.0,0.0,0.0,0.0,0.0,0.0,0.0,0.0,10,stanza,Keystroke errors 2%,1
11,30.21407675743103,0.9985010492655142,0.9918180003991219,0.9917190461937544,0.9917685208281367,0.94963022186688,0.0,0.0,0.0,0.0,0.0,0.0,0.0,0.0,0.0,0.0,0.0,0.0,0.0,0.0,0.0,0.0,0.0,0.0,0.0,11,stanza,Keystroke errors 2%,1
12,30.179615259170532,0.9986514160131862,0.99231843575419,0.992417439888257,0.9923679353519229,0.9483938652145676,0.0,0.0,0.0,0.0,0.0,0.0,0.0,0.0,0.0,0.0,0.0,0.0,0.0,0.0,0.0,0.0,0.0,0.0,0.0,12,stanza,Keystroke errors 2%,1
13,30.038686275482178,0.9986004198740378,0.9932115403813517,0.9926169809438292,0.9929141716566866,0.95066726645674,0.0,0.0,0.0,0.0,0.0,0.0,0.0,0.0,0.0,0.0,0.0,0.0,0.0,0.0,0.0,0.0,0.0,0.0,0.0,13,stanza,Keystroke errors 2%,1
14,30.223584413528442,0.9983510718033278,0.9909208819714657,0.9909208819714657,0.9909208819714657,0.9481733220050977,0.0,0.0,0.0,0.0,0.0,0.0,0.0,0.0,0.0,0.0,0.0,0.0,0.0,0.0,0.0,0.0,0.0,0.0,0.0,14,stanza,Keystroke errors 2%,1
15,30.2126784324646,0.998550652206507,0.992514222976345,0.9921181283048988,0.9923161361141604,0.950419832067173,0.0,0.0,0.0,0.0,0.0,0.0,0.0,0.0,0.0,0.0,0.0,0.0,0.0,0.0,0.0,0.0,0.0,0.0,0.0,15,stanza,Keystroke errors 2%,1
16,30.20438838005066,0.9980994298289487,0.990814696485623,0.9901227177491769,0.9904685862567992,0.9466366591647912,0.0,0.0,0.0,0.0,0.0,0.0,0.0,0.0,0.0,0.0,0.0,0.0,0.0,0.0,0.0,0.0,0.0,0.0,0.0,16,stanza,Keystroke errors 2%,1
17,30.28801703453064,0.9985510866849863,0.992017561364997,0.9919185872493266,0.9919680718383638,0.9511342060557609,0.0,0.0,0.0,0.0,0.0,0.0,0.0,0.0,0.0,0.0,0.0,0.0,0.0,0.0,0.0,0.0,0.0,0.0,0.0,17,stanza,Keystroke errors 2%,1
18,30.184519052505493,0.9985516655845778,0.9912228206662677,0.9915195051381822,0.9913711407052721,0.9469004445776512,0.0,0.0,0.0,0.0,0.0,0.0,0.0,0.0,0.0,0.0,0.0,0.0,0.0,0.0,0.0,0.0,0.0,0.0,0.0,18,stanza,Keystroke errors 2%,1
19,30.114943742752075,0.9987516852249463,0.9922202274087373,0.9925172104160431,0.9923686966931019,0.95004995004995,0.0,0.0,0.0,0.0,0.0,0.0,0.0,0.0,0.0,0.0,0.0,0.0,0.0,0.0,0.0,0.0,0.0,0.0,0.0,19,stanza,Keystroke errors 2%,1
0,30.833885431289673,0.9971504274358846,0.9830508474576272,0.983737403970867,0.9833940058844063,0.9082086939122604,0.0,0.0,0.0,0.0,0.0,0.0,0.0,0.0,0.0,0.0,0.0,0.0,0.0,0.0,0.0,0.0,0.0,0.0,0.0,0,stanza,Keystroke errors 5%,2
1,30.663785696029663,0.9978548266400599,0.9845679012345679,0.9866307492766637,0.9855982458763143,0.9059299595343958,0.0,0.0,0.0,0.0,0.0,0.0,0.0,0.0,0.0,0.0,0.0,0.0,0.0,0.0,0.0,0.0,0.0,0.0,0.0,1,stanza,Keystroke errors 5%,2
2,30.89270853996277,0.9975012493753124,0.9844466600199402,0.9851341913598723,0.9847903056899217,0.901935290293544,0.0,0.0,0.0,0.0,0.0,0.0,0.0,0.0,0.0,0.0,0.0,0.0,0.0,0.0,0.0,0.0,0.0,0.0,0.0,2,stanza,Keystroke errors 5%,2
3,30.689698219299316,0.9972019586289597,0.9824613851519681,0.9836376334430809,0.9830491574434141,0.9051167908768069,0.0,0.0,0.0,0.0,0.0,0.0,0.0,0.0,0.0,0.0,0.0,0.0,0.0,0.0,0.0,0.0,0.0,0.0,0.0,3,stanza,Keystroke errors 5%,2
4,30.834726333618164,0.9974501274936253,0.9849391581887094,0.9852339618876584,0.9850865379819442,0.9049072082437096,0.0,0.0,0.0,0.0,0.0,0.0,0.0,0.0,0.0,0.0,0.0,0.0,0.0,0.0,0.0,0.0,0.0,0.0,0.0,4,stanza,Keystroke errors 5%,2
5,30.892250537872314,0.9964982491245623,0.9793619142572283,0.9800458944427816,0.9797037849698299,0.9023730850105136,0.0,0.0,0.0,0.0,0.0,0.0,0.0,0.0,0.0,0.0,0.0,0.0,0.0,0.0,0.0,0.0,0.0,0.0,0.0,5,stanza,Keystroke errors 5%,2
6,30.732855796813965,0.9968501574921255,0.9804625199362041,0.9813429113040008,0.9809025180752929,0.9016918610471518,0.0,0.0,0.0,0.0,0.0,0.0,0.0,0.0,0.0,0.0,0.0,0.0,0.0,0.0,0.0,0.0,0.0,0.0,0.0,6,stanza,Keystroke errors 5%,2
7,30.73912024497986,0.9974992497749325,0.9862302933546199,0.9861318966377333,0.9861810925417811,0.9161496898138883,0.0,0.0,0.0,0.0,0.0,0.0,0.0,0.0,0.0,0.0,0.0,0.0,0.0,0.0,0.0,0.0,0.0,0.0,0.0,7,stanza,Keystroke errors 5%,2
8,31.034111261367798,0.9968940987876966,0.9843188174190971,0.9832385513319365,0.9837783878213128,0.905803996194101,0.0,0.0,0.0,0.0,0.0,0.0,0.0,0.0,0.0,0.0,0.0,0.0,0.0,0.0,0.0,0.0,0.0,0.0,0.0,8,stanza,Keystroke errors 5%,2
9,30.74715828895569,0.9976035946080879,0.9842613806155992,0.985832585054375,0.9850463562954841,0.9105634154876768,0.0,0.0,0.0,0.0,0.0,0.0,0.0,0.0,0.0,0.0,0.0,0.0,0.0,0.0,0.0,0.0,0.0,0.0,0.0,9,stanza,Keystroke errors 5%,2
10,30.792093753814697,0.99664681447375,0.9810454908220272,0.9811433702484286,0.9810944280939792,0.9031838205847016,0.0,0.0,0.0,0.0,0.0,0.0,0.0,0.0,0.0,0.0,0.0,0.0,0.0,0.0,0.0,0.0,0.0,0.0,0.0,10,stanza,Keystroke errors 5%,2
11,30.798502206802368,0.9973994798959792,0.9851356743814844,0.9852339618876584,0.9851848156831445,0.9046880472307,0.0,0.0,0.0,0.0,0.0,0.0,0.0,0.0,0.0,0.0,0.0,0.0,0.0,0.0,0.0,0.0,0.0,0.0,0.0,11,stanza,Keystroke errors 5%,2
12,30.725741386413574,0.9972013993003498,0.9828565733080833,0.983837174498653,0.9833466294375748,0.9103917546405165,0.0,0.0,0.0,0.0,0.0,0.0,0.0,0.0,0.0,0.0,0.0,0.0,0.0,0.0,0.0,0.0,0.0,0.0,0.0,12,stanza,Keystroke errors 5%,2
13,30.797861576080322,0.9974524202008093,0.9836571998006975,0.9848348797765141,0.984245687506232,0.904454777261137,0.0,0.0,0.0,0.0,0.0,0.0,0.0,0.0,0.0,0.0,0.0,0.0,0.0,0.0,0.0,0.0,0.0,0.0,0.0,13,stanza,Keystroke errors 5%,2
14,30.938605546951294,0.9970454204016225,0.9851208308368284,0.9842362566097974,0.9846783450616359,0.9056679351091528,0.0,0.0,0.0,0.0,0.0,0.0,0.0,0.0,0.0,0.0,0.0,0.0,0.0,0.0,0.0,0.0,0.0,0.0,0.0,14,stanza,Keystroke errors 5%,2
15,30.83170747756958,0.9962892387924982,0.9820143884892086,0.980544747081712,0.9812790175228396,0.9036591478696743,0.0,0.0,0.0,0.0,0.0,0.0,0.0,0.0,0.0,0.0,0.0,0.0,0.0,0.0,0.0,0.0,0.0,0.0,0.0,15,stanza,Keystroke errors 5%,2
16,30.771859645843506,0.9971031864948557,0.9809760956175299,0.98263992816522,0.9818073069830034,0.9013450672533626,0.0,0.0,0.0,0.0,0.0,0.0,0.0,0.0,0.0,0.0,0.0,0.0,0.0,0.0,0.0,0.0,0.0,0.0,0.0,16,stanza,Keystroke errors 5%,2
17,30.795889854431152,0.9970959343080312,0.9850224663005491,0.9842362566097974,0.9846292045114282,0.9023376883415928,0.0,0.0,0.0,0.0,0.0,0.0,0.0,0.0,0.0,0.0,0.0,0.0,0.0,0.0,0.0,0.0,0.0,0.0,0.0,17,stanza,Keystroke errors 5%,2
18,30.743613958358765,0.9967948717948718,0.983526357827476,0.9828394692207921,0.9831827935525724,0.9058947262983924,0.0,0.0,0.0,0.0,0.0,0.0,0.0,0.0,0.0,0.0,0.0,0.0,0.0,0.0,0.0,0.0,0.0,0.0,0.0,18,stanza,Keystroke errors 5%,2
19,30.82521629333496,0.9973509271754886,0.984247258225324,0.9849346503043002,0.9845908342891337,0.9063625450180072,0.0,0.0,0.0,0.0,0.0,0.0,0.0,0.0,0.0,0.0,0.0,0.0,0.0,0.0,0.0,0.0,0.0,0.0,0.0,19,stanza,Keystroke errors 5%,2
0,31.881996154785156,0.9925911093311975,0.9518982309679984,0.9556021151351891,0.953746577047548,0.753752698428636,0.0,0.0,0.0,0.0,0.0,0.0,0.0,0.0,0.0,0.0,0.0,0.0,0.0,0.0,0.0,0.0,0.0,0.0,0.0,0,stanza,Keystroke errors 15%,3
1,31.68622922897339,0.9926341634514205,0.9548348587345802,0.957597525690911,0.956214196762142,0.7533537657639551,0.0,0.0,0.0,0.0,0.0,0.0,0.0,0.0,0.0,0.0,0.0,0.0,0.0,0.0,0.0,0.0,0.0,0.0,0.0,1,stanza,Keystroke errors 15%,3
2,31.803239107131958,0.9932449337002752,0.9553677932405567,0.9588945425521301,0.9571279191355873,0.7614269228839498,0.0,0.0,0.0,0.0,0.0,0.0,0.0,0.0,0.0,0.0,0.0,0.0,0.0,0.0,0.0,0.0,0.0,0.0,0.0,2,stanza,Keystroke errors 15%,3
3,31.728413820266724,0.9924162523228366,0.956135978466753,0.9568991319964083,0.9565174030118679,0.7495348720269523,0.0,0.0,0.0,0.0,0.0,0.0,0.0,0.0,0.0,0.0,0.0,0.0,0.0,0.0,0.0,0.0,0.0,0.0,0.0,3,stanza,Keystroke errors 15%,3
4,31.804911375045776,0.9925583266291231,0.959373128368936,0.9588945425521301,0.9591337757596927,0.7458991647378485,0.0,0.0,0.0,0.0,0.0,0.0,0.0,0.0,0.0,0.0,0.0,0.0,0.0,0.0,0.0,0.0,0.0,0.0,0.0,4,stanza,Keystroke errors 15%,3
5,31.699681043624878,0.9924329741919319,0.9527504227593753,0.9556021151351891,0.9541741382745568,0.7557788944723618,0.0,0.0,0.0,0.0,0.0,0.0,0.0,0.0,0.0,0.0,0.0,0.0,0.0,0.0,0.0,0.0,0.0,0.0,0.0,5,stanza,Keystroke errors 15%,3
6,31.81374764442444,0.9925658026923849,0.9581172716394096,0.9585952309687719,0.9583561917111366,0.7594631277333735,0.0,0.0,0.0,0.0,0.0,0.0,0.0,0.0,0.0,0.0,0.0,0.0,0.0,0.0,0.0,0.0,0.0,0.0,0.0,6,stanza,Keystroke errors 15%,3
7,31.676816940307617,0.991863385233551,0.9522718214428059,0.9535069340516812,0.9528889775163268,0.7461890627358253,0.0,0.0,0.0,0.0,0.0,0.0,0.0,0.0,0.0,0.0,0.0,0.0,0.0,0.0,0.0,0.0,0.0,0.0,0.0,7,stanza,Keystroke errors 15%,3
8,31.91843819618225,0.9924827102335371,0.9528452049343414,0.9556021151351891,0.9542216687422167,0.7553522967132374,0.0,0.0,0.0,0.0,0.0,0.0,0.0,0.0,0.0,0.0,0.0,0.0,0.0,0.0,0.0,0.0,0.0,0.0,0.0,8,stanza,Keystroke errors 15%,3
9,31.763680934906006,0.9929866746818956,0.9570192020694458,0.9596927067744189,0.9583540898674903,0.7588873267724442,0.0,0.0,0.0,0.0,0.0,0.0,0.0,0.0,0.0,0.0,0.0,0.0,0.0,0.0,0.0,0.0,0.0,0.0,0.0,9,stanza,Keystroke errors 15%,3
10,31.832584142684937,0.993187737928271,0.9573134328358209,0.959892247829991,0.9586011059632342,0.7529364521634374,0.0,0.0,0.0,0.0,0.0,0.0,0.0,0.0,0.0,0.0,0.0,0.0,0.0,0.0,0.0,0.0,0.0,0.0,0.0,10,stanza,Keystroke errors 15%,3
11,31.761940002441406,0.9927503624818759,0.9507594559714088,0.955502344607403,0.953125,0.7544308881859718,0.0,0.0,0.0,0.0,0.0,0.0,0.0,0.0,0.0,0.0,0.0,0.0,0.0,0.0,0.0,0.0,0.0,0.0,0.0,11,stanza,Keystroke errors 15%,3
12,31.74438190460205,0.9941053052252973,0.9593762415574096,0.9636835278858625,0.961525060972575,0.7532818919731435,0.0,0.0,0.0,0.0,0.0,0.0,0.0,0.0,0.0,0.0,0.0,0.0,0.0,0.0,0.0,0.0,0.0,0.0,0.0,12,stanza,Keystroke errors 15%,3
13,31.711798667907715,0.9930503474826259,0.9531281032770605,0.957597525690911,0.9553575872194296,0.7528597230583985,0.0,0.0,0.0,0.0,0.0,0.0,0.0,0.0,0.0,0.0,0.0,0.0,0.0,0.0,0.0,0.0,0.0,0.0,0.0,13,stanza,Keystroke errors 15%,3
14,31.907160997390747,0.9920096487260666,0.9543324359357862,0.9549037214406865,0.9546179932176342,0.7495219885277246,0.0,0.0,0.0,0.0,0.0,0.0,0.0,0.0,0.0,0.0,0.0,0.0,0.0,0.0,0.0,0.0,0.0,0.0,0.0,14,stanza,Keystroke errors 15%,3
15,31.71782112121582,0.9927460103056681,0.9523194596205423,0.9565000498852639,0.9544051767048283,0.7532376267443028,0.0,0.0,0.0,0.0,0.0,0.0,0.0,0.0,0.0,0.0,0.0,0.0,0.0,0.0,0.0,0.0,0.0,0.0,0.0,15,stanza,Keystroke errors 15%,3
16,31.777570962905884,0.993234100135318,0.9585822381521306,0.9605906415244937,0.9595853889470275,0.7527875439477648,0.0,0.0,0.0,0.0,0.0,0.0,0.0,0.0,0.0,0.0,0.0,0.0,0.0,0.0,0.0,0.0,0.0,0.0,0.0,16,stanza,Keystroke errors 15%,3
17,31.856757402420044,0.9928793501153343,0.9570802628958375,0.9588945425521301,0.9579865437328682,0.7543833207736749,0.0,0.0,0.0,0.0,0.0,0.0,0.0,0.0,0.0,0.0,0.0,0.0,0.0,0.0,0.0,0.0,0.0,0.0,0.0,17,stanza,Keystroke errors 15%,3
18,31.733925342559814,0.9927329223675638,0.9555179619862673,0.9579966078020553,0.9567556795536071,0.7509293680297398,0.0,0.0,0.0,0.0,0.0,0.0,0.0,0.0,0.0,0.0,0.0,0.0,0.0,0.0,0.0,0.0,0.0,0.0,0.0,18,stanza,Keystroke errors 15%,3
19,31.677736282348633,0.9931904666533147,0.9572309528545853,0.9601915594133493,0.9587089704637147,0.7580701842461972,0.0,0.0,0.0,0.0,0.0,0.0,0.0,0.0,0.0,0.0,0.0,0.0,0.0,0.0,0.0,0.0,0.0,0.0,0.0,19,stanza,Keystroke errors 15%,3
0,30.736738204956055,0.9994505220040961,0.9983025461807289,0.9975057368053477,0.9979039824333765,0.9605033205173017,0.0,0.0,0.0,0.0,0.0,0.0,0.0,0.0,0.0,0.0,0.0,0.0,0.0,0.0,0.0,0.0,0.0,0.0,0.0,0,stanza,Æøå Augmentation,4
0,29.673545598983765,0.9994003597841296,0.9986016779864163,0.9975057368053477,0.9980534065385576,0.9544024371972233,0.0,0.0,0.0,0.0,0.0,0.0,0.0,0.0,0.0,0.0,0.0,0.0,0.0,0.0,0.0,0.0,0.0,0.0,0.0,0,stanza,Lowercase,5
0,29.709901571273804,0.9994040524433849,0.9984117530275958,0.9974216580721936,0.9979164599662664,0.9755782785664647,0.0,0.0,0.0,0.0,0.0,0.0,0.0,0.0,0.0,0.0,0.0,0.0,0.0,0.0,0.0,0.0,0.0,0.0,0.0,0,stanza,Danish names,6
1,29.664841413497925,0.9994536333383003,0.9985107227958697,0.9976192838012102,0.9980648042475067,0.9754741336510774,0.0,0.0,0.0,0.0,0.0,0.0,0.0,0.0,0.0,0.0,0.0,0.0,0.0,0.0,0.0,0.0,0.0,0.0,0.0,1,stanza,Danish names,6
2,29.621236562728882,0.9993525573982768,0.9983077841927135,0.9972158695436014,0.9977615281301299,0.9753111000497761,0.0,0.0,0.0,0.0,0.0,0.0,0.0,0.0,0.0,0.0,0.0,0.0,0.0,0.0,0.0,0.0,0.0,0.0,0.0,2,stanza,Danish names,6
3,29.626486778259277,0.9994537961169869,0.9985111662531018,0.9976199920666402,0.9980653802271938,0.9752829064919596,0.0,0.0,0.0,0.0,0.0,0.0,0.0,0.0,0.0,0.0,0.0,0.0,0.0,0.0,0.0,0.0,0.0,0.0,0.0,3,stanza,Danish names,6
4,29.737202644348145,0.9994524911651984,0.9985076111829668,0.9976143141153081,0.9980607627666451,0.9755223880597015,0.0,0.0,0.0,0.0,0.0,0.0,0.0,0.0,0.0,0.0,0.0,0.0,0.0,0.0,0.0,0.0,0.0,0.0,0.0,4,stanza,Danish names,6
5,29.611719846725464,0.9994028068080024,0.9984084352929474,0.9974162774520521,0.9979121097633724,0.9756267409470751,0.0,0.0,0.0,0.0,0.0,0.0,0.0,0.0,0.0,0.0,0.0,0.0,0.0,0.0,0.0,0.0,0.0,0.0,0.0,5,stanza,Danish names,6
6,29.640663623809814,0.9994032225979709,0.9984095427435388,0.9974180734856007,0.9979135618479881,0.9754448752361069,0.0,0.0,0.0,0.0,0.0,0.0,0.0,0.0,0.0,0.0,0.0,0.0,0.0,0.0,0.0,0.0,0.0,0.0,0.0,6,stanza,Danish names,6
7,29.7212495803833,0.9994523276076674,0.9985071656050956,0.9976136024659441,0.9980601840338225,0.9751169503334329,0.0,0.0,0.0,0.0,0.0,0.0,0.0,0.0,0.0,0.0,0.0,0.0,0.0,0.0,0.0,0.0,0.0,0.0,0.0,7,stanza,Danish names,6
8,29.603922605514526,0.9994529268413986,0.9985087980912616,0.9976162097735399,0.998062304367268,0.9754424338834758,0.0,0.0,0.0,0.0,0.0,0.0,0.0,0.0,0.0,0.0,0.0,0.0,0.0,0.0,0.0,0.0,0.0,0.0,0.0,8,stanza,Danish names,6
9,29.61501717567444,0.9994026879044301,0.9984081185951647,0.9974157638405725,0.9979116945107399,0.9754228855721393,0.0,0.0,0.0,0.0,0.0,0.0,0.0,0.0,0.0,0.0,0.0,0.0,0.0,0.0,0.0,0.0,0.0,0.0,0.0,9,stanza,Danish names,6
10,29.74385118484497,0.9993530085104265,0.9983089624987566,0.9972178060413355,0.9977630859472089,0.9756267409470751,0.0,0.0,0.0,0.0,0.0,0.0,0.0,0.0,0.0,0.0,0.0,0.0,0.0,0.0,0.0,0.0,0.0,0.0,0.0,10,stanza,Danish names,6
11,29.641485929489136,0.9994529812521756,0.9985089463220675,0.9976164465190188,0.998062496895027,0.9759419425390198,0.0,0.0,0.0,0.0,0.0,0.0,0.0,0.0,0.0,0.0,0.0,0.0,0.0,0.0,0.0,0.0,0.0,0.0,0.0,11,stanza,Danish names,6
12,29.689357042312622,0.9993044515103339,0.998212689901698,0.9970246950312407,0.9976183387913068,0.9753723932472691,0.0,0.0,0.0,0.0,0.0,0.0,0.0,0.0,0.0,0.0,0.0,0.0,0.0,0.0,0.0,0.0,0.0,0.0,0.0,12,stanza,Danish names,6
13,29.573899507522583,0.9994524366568769,0.9985074626865672,0.9976140769460184,0.9980605698940772,0.9762165389591004,0.0,0.0,0.0,0.0,0.0,0.0,0.0,0.0,0.0,0.0,0.0,0.0,0.0,0.0,0.0,0.0,0.0,0.0,0.0,13,stanza,Danish names,6
14,29.56986927986145,0.9995015948963317,0.9986051609046528,0.9978098556495769,0.9982073498655513,0.9758868074930251,0.0,0.0,0.0,0.0,0.0,0.0,0.0,0.0,0.0,0.0,0.0,0.0,0.0,0.0,0.0,0.0,0.0,0.0,0.0,14,stanza,Danish names,6
15,29.622154235839844,0.9994522185150142,0.9985068684053354,0.9976131277971159,0.998059798019999,0.9761075161772027,0.0,0.0,0.0,0.0,0.0,0.0,0.0,0.0,0.0,0.0,0.0,0.0,0.0,0.0,0.0,0.0,0.0,0.0,0.0,15,stanza,Danish names,6
16,29.721160650253296,0.9994520001992726,0.9985062736506672,0.997612177892747,0.9980590255312796,0.9758988148590778,0.0,0.0,0.0,0.0,0.0,0.0,0.0,0.0,0.0,0.0,0.0,0.0,0.0,0.0,0.0,0.0,0.0,0.0,0.0,16,stanza,Danish names,6
17,29.61575675010681,0.9994528179873651,0.9985085015412151,0.9976157361414664,0.9980619191969388,0.9753381066030231,0.0,0.0,0.0,0.0,0.0,0.0,0.0,0.0,0.0,0.0,0.0,0.0,0.0,0.0,0.0,0.0,0.0,0.0,0.0,17,stanza,Danish names,6
18,29.64351487159729,0.9995025865499403,0.9984090683106294,0.997714626391097,0.9980617265543462,0.9758329189457982,0.0,0.0,0.0,0.0,0.0,0.0,0.0,0.0,0.0,0.0,0.0,0.0,0.0,0.0,0.0,0.0,0.0,0.0,0.0,18,stanza,Danish names,6
19,29.6973295211792,0.9994032819492789,0.9984097008249677,0.9974183298580082,0.997913769123783,0.975944333996024,0.0,0.0,0.0,0.0,0.0,0.0,0.0,0.0,0.0,0.0,0.0,0.0,0.0,0.0,0.0,0.0,0.0,0.0,0.0,19,stanza,Danish names,6
0,29.62534737586975,0.9995021407945833,0.9986066878980892,0.9978122513922036,0.9982093115797851,0.9765104011147606,0.0,0.0,0.0,0.0,0.0,0.0,0.0,0.0,0.0,0.0,0.0,0.0,0.0,0.0,0.0,0.0,0.0,0.0,0.0,0,stanza,Muslim names,7
1,29.518980503082275,0.9995026854983091,0.9986082115518441,0.9978146418992748,0.9982112690052668,0.9761383972956851,0.0,0.0,0.0,0.0,0.0,0.0,0.0,0.0,0.0,0.0,0.0,0.0,0.0,0.0,0.0,0.0,0.0,0.0,0.0,1,stanza,Muslim names,7
2,29.545700311660767,0.9995025865499403,0.9986079347718008,0.9978142076502732,0.9982109134280885,0.9764319809069211,0.0,0.0,0.0,0.0,0.0,0.0,0.0,0.0,0.0,0.0,0.0,0.0,0.0,0.0,0.0,0.0,0.0,0.0,0.0,2,stanza,Muslim names,7
3,29.525897979736328,0.9995030808984298,0.9982119797357704,0.9976173930308746,0.9979145978152929,0.9762543467461501,0.0,0.0,0.0,0.0,0.0,0.0,0.0,0.0,0.0,0.0,0.0,0.0,0.0,0.0,0.0,0.0,0.0,0.0,0.0,3,stanza,Muslim names,7
4,29.553574800491333,0.9994521093788913,0.9985065710872163,0.997612652939421,0.9980594118525152,0.9763019018221647,0.0,0.0,0.0,0.0,0.0,0.0,0.0,0.0,0.0,0.0,0.0,0.0,0.0,0.0,0.0,0.0,0.0,0.0,0.0,4,stanza,Muslim names,7
5,29.661881685256958,0.9995026360290461,0.9986080731755816,0.9978144247963441,0.9982110912343469,0.976434324351198,0.0,0.0,0.0,0.0,0.0,0.0,0.0,0.0,0.0,0.0,0.0,0.0,0.0,0.0,0.0,0.0,0.0,0.0,0.0,5,stanza,Muslim names,7
6,29.552223682403564,0.9994530900412669,0.9985092426952892,0.9976169198689306,0.9980628818357921,0.9762449060729551,0.0,0.0,0.0,0.0,0.0,0.0,0.0,0.0,0.0,0.0,0.0,0.0,0.0,0.0,0.0,0.0,0.0,0.0,0.0,6,stanza,Muslim names,7
7,29.553529024124146,0.9995029821073559,0.998609041231992,0.9978159436116351,0.9982123348892641,0.9758545310015899,0.0,0.0,0.0,0.0,0.0,0.0,0.0,0.0,0.0,0.0,0.0,0.0,0.0,0.0,0.0,0.0,0.0,0.0,0.0,7,stanza,Muslim names,7
8,29.666452169418335,0.9993522993373525,0.9983071101374228,0.9972147617626579,0.9977606369743717,0.9758988148590778,0.0,0.0,0.0,0.0,0.0,0.0,0.0,0.0,0.0,0.0,0.0,0.0,0.0,0.0,0.0,0.0,0.0,0.0,0.0,8,stanza,Muslim names,7
9,29.55868625640869,0.999452382137701,0.998507314160613,0.9976138397295685,0.9980603769831402,0.9763136942675158,0.0,0.0,0.0,0.0,0.0,0.0,0.0,0.0,0.0,0.0,0.0,0.0,0.0,0.0,0.0,0.0,0.0,0.0,0.0,9,stanza,Muslim names,7
10,29.568488359451294,0.9994526001492908,0.9985079080871382,0.9976147883124628,0.9980611483967189,0.9764226024671707,0.0,0.0,0.0,0.0,0.0,0.0,0.0,0.0,0.0,0.0,0.0,0.0,0.0,0.0,0.0,0.0,0.0,0.0,0.0,10,stanza,Muslim names,7
11,29.680612802505493,0.9994529268413986,0.9985087980912616,0.9976162097735399,0.998062304367268,0.9762378206402864,0.0,0.0,0.0,0.0,0.0,0.0,0.0,0.0,0.0,0.0,0.0,0.0,0.0,0.0,0.0,0.0,0.0,0.0,0.0,11,stanza,Muslim names,7
12,29.52726674079895,0.9994026879044301,0.9984081185951647,0.9974157638405725,0.9979116945107399,0.976318407960199,0.0,0.0,0.0,0.0,0.0,0.0,0.0,0.0,0.0,0.0,0.0,0.0,0.0,0.0,0.0,0.0,0.0,0.0,0.0,12,stanza,Muslim names,7
13,29.549760580062866,0.9995028832769934,0.9986087647818742,0.997815509879853,0.9982119797357702,0.9766448022261977,0.0,0.0,0.0,0.0,0.0,0.0,0.0,0.0,0.0,0.0,0.0,0.0,0.0,0.0,0.0,0.0,0.0,0.0,0.0,13,stanza,Muslim names,7
14,29.656649827957153,0.9994533074896874,0.9985098350884164,0.9976178660049628,0.9980636512586266,0.9764530551415798,0.0,0.0,0.0,0.0,0.0,0.0,0.0,0.0,0.0,0.0,0.0,0.0,0.0,0.0,0.0,0.0,0.0,0.0,0.0,14,stanza,Muslim names,7
15,29.57397699356079,0.9993535875888817,0.9983104750546611,0.9972202918693537,0.9977650856717158,0.976244906072955,0.0,0.0,0.0,0.0,0.0,0.0,0.0,0.0,0.0,0.0,0.0,0.0,0.0,0.0,0.0,0.0,0.0,0.0,0.0,15,stanza,Muslim names,7
16,29.56265616416931,0.999453524765264,0.9985104270109235,0.9976188113900188,0.9980644200704749,0.9764624093753103,0.0,0.0,0.0,0.0,0.0,0.0,0.0,0.0,0.0,0.0,0.0,0.0,0.0,0.0,0.0,0.0,0.0,0.0,0.0,16,stanza,Muslim names,7
17,29.629801273345947,0.9994524911651984,0.9985076111829668,0.9976143141153081,0.9980607627666451,0.976318407960199,0.0,0.0,0.0,0.0,0.0,0.0,0.0,0.0,0.0,0.0,0.0,0.0,0.0,0.0,0.0,0.0,0.0,0.0,0.0,17,stanza,Muslim names,7
18,29.572136878967285,0.9995019424245443,0.9986061330147352,0.9978113808197374,0.9982085987261148,0.9765010455043314,0.0,0.0,0.0,0.0,0.0,0.0,0.0,0.0,0.0,0.0,0.0,0.0,0.0,0.0,0.0,0.0,0.0,0.0,0.0,18,stanza,Muslim names,7
19,29.59135675430298,0.9995032290114257,0.998609731876862,0.9978170271879341,0.9982132221560454,0.976263779918562,0.0,0.0,0.0,0.0,0.0,0.0,0.0,0.0,0.0,0.0,0.0,0.0,0.0,0.0,0.0,0.0,0.0,0.0,0.0,19,stanza,Muslim names,7
0,29.812225580215454,0.9994036970781157,0.9984108065156932,0.9974201230402858,0.9979152189020153,0.9756630575146518,0.0,0.0,0.0,0.0,0.0,0.0,0.0,0.0,0.0,0.0,0.0,0.0,0.0,0.0,0.0,0.0,0.0,0.0,0.0,0,stanza,Female names,8
1,29.56268811225891,0.9994521093788913,0.9985065710872163,0.997612652939421,0.9980594118525152,0.9752066115702478,0.0,0.0,0.0,0.0,0.0,0.0,0.0,0.0,0.0,0.0,0.0,0.0,0.0,0.0,0.0,0.0,0.0,0.0,0.0,1,stanza,Female names,8
2,29.686806201934814,0.9994031038599284,0.998409226486379,0.9974175605880016,0.9979131471728113,0.9757382917370985,0.0,0.0,0.0,0.0,0.0,0.0,0.0,0.0,0.0,0.0,0.0,0.0,0.0,0.0,0.0,0.0,0.0,0.0,0.0,2,stanza,Female names,8
3,29.585983514785767,0.9994524366568769,0.9985074626865672,0.9976140769460184,0.9980605698940772,0.9755199522340532,0.0,0.0,0.0,0.0,0.0,0.0,0.0,0.0,0.0,0.0,0.0,0.0,0.0,0.0,0.0,0.0,0.0,0.0,0.0,3,stanza,Female names,8
4,29.58202600479126,0.9993523638718677,0.9983072787015832,0.9972150387905311,0.9977608598298253,0.9756024696275644,0.0,0.0,0.0,0.0,0.0,0.0,0.0,0.0,0.0,0.0,0.0,0.0,0.0,0.0,0.0,0.0,0.0,0.0,0.0,4,stanza,Female names,8
5,29.760401964187622,0.9994025689535,0.9984078017713205,0.9974152500248533,0.9979112790928983,0.9754179936305732,0.0,0.0,0.0,0.0,0.0,0.0,0.0,0.0,0.0,0.0,0.0,0.0,0.0,0.0,0.0,0.0,0.0,0.0,0.0,5,stanza,Female names,8
6,29.61012291908264,0.9994028068080024,0.9984084352929474,0.9974162774520521,0.9979121097633724,0.9752288101870275,0.0,0.0,0.0,0.0,0.0,0.0,0.0,0.0,0.0,0.0,0.0,0.0,0.0,0.0,0.0,0.0,0.0,0.0,0.0,6,stanza,Female names,8
7,29.59812092781067,0.9994038748137108,0.9984112799126204,0.9974208907846444,0.9979158396188963,0.9758689175769614,0.0,0.0,0.0,0.0,0.0,0.0,0.0,0.0,0.0,0.0,0.0,0.0,0.0,0.0,0.0,0.0,0.0,0.0,0.0,7,stanza,Female names,8
8,29.744914054870605,0.9995029326970872,0.9986089030206677,0.9978157267672756,0.998212157330155,0.9760508794594058,0.0,0.0,0.0,0.0,0.0,0.0,0.0,0.0,0.0,0.0,0.0,0.0,0.0,0.0,0.0,0.0,0.0,0.0,0.0,8,stanza,Female names,8
9,29.62838101387024,0.9994525456626686,0.998507759649821,0.9976145512374516,0.9980609556008552,0.9757238085762611,0.0,0.0,0.0,0.0,0.0,0.0,0.0,0.0,0.0,0.0,0.0,0.0,0.0,0.0,0.0,0.0,0.0,0.0,0.0,9,stanza,Female names,8
10,29.627684831619263,0.9995026360290461,0.9986080731755816,0.9978144247963441,0.9982110912343469,0.9761360246594413,0.0,0.0,0.0,0.0,0.0,0.0,0.0,0.0,0.0,0.0,0.0,0.0,0.0,0.0,0.0,0.0,0.0,0.0,0.0,10,stanza,Female names,8
11,29.640251874923706,0.9995025370609889,0.9986077963404932,0.9978139904610492,0.9982107355864811,0.9753356539035306,0.0,0.0,0.0,0.0,0.0,0.0,0.0,0.0,0.0,0.0,0.0,0.0,0.0,0.0,0.0,0.0,0.0,0.0,0.0,11,stanza,Female names,8
12,29.751351833343506,0.9994526546250684,0.9985080564949274,0.9976150253403557,0.9980613411542476,0.9756291654232567,0.0,0.0,0.0,0.0,0.0,0.0,0.0,0.0,0.0,0.0,0.0,0.0,0.0,0.0,0.0,0.0,0.0,0.0,0.0,12,stanza,Female names,8
13,29.593074798583984,0.9995016445729095,0.99860529986053,0.9978100736611587,0.9982075283808007,0.9757895785593305,0.0,0.0,0.0,0.0,0.0,0.0,0.0,0.0,0.0,0.0,0.0,0.0,0.0,0.0,0.0,0.0,0.0,0.0,0.0,13,stanza,Female names,8
14,29.63065481185913,0.9993036211699164,0.9980117307883487,0.9969215491559087,0.9974663420934969,0.9750422591229989,0.0,0.0,0.0,0.0,0.0,0.0,0.0,0.0,0.0,0.0,0.0,0.0,0.0,0.0,0.0,0.0,0.0,0.0,0.0,14,stanza,Female names,8
15,29.546305418014526,0.9994515630453209,0.9985050827187563,0.9976102758139997,0.9980574787069781,0.9754809129871423,0.0,0.0,0.0,0.0,0.0,0.0,0.0,0.0,0.0,0.0,0.0,0.0,0.0,0.0,0.0,0.0,0.0,0.0,0.0,15,stanza,Female names,8
16,29.669940948486328,0.9994536333383003,0.9985107227958697,0.9976192838012102,0.9980648042475067,0.975772018667461,0.0,0.0,0.0,0.0,0.0,0.0,0.0,0.0,0.0,0.0,0.0,0.0,0.0,0.0,0.0,0.0,0.0,0.0,0.0,16,stanza,Female names,8
17,29.690842151641846,0.9994025689535,0.9984078017713205,0.9974152500248533,0.9979112790928983,0.9759156050955414,0.0,0.0,0.0,0.0,0.0,0.0,0.0,0.0,0.0,0.0,0.0,0.0,0.0,0.0,0.0,0.0,0.0,0.0,0.0,17,stanza,Female names,8
18,29.63878893852234,0.9994522730667729,0.998507017020006,0.9976133651551312,0.9980599910461125,0.9756121839538124,0.0,0.0,0.0,0.0,0.0,0.0,0.0,0.0,0.0,0.0,0.0,0.0,0.0,0.0,0.0,0.0,0.0,0.0,0.0,18,stanza,Female names,8
19,29.601776361465454,0.9995028832769934,0.9986087647818742,0.997815509879853,0.9982119797357702,0.9760484993043134,0.0,0.0,0.0,0.0,0.0,0.0,0.0,0.0,0.0,0.0,0.0,0.0,0.0,0.0,0.0,0.0,0.0,0.0,0.0,19,stanza,Female names,8
0,29.605720043182373,0.9995030808984298,0.9984106486540181,0.997716894977169,0.9980636512586266,0.9761065024092196,0.0,0.0,0.0,0.0,0.0,0.0,0.0,0.0,0.0,0.0,0.0,0.0,0.0,0.0,0.0,0.0,0.0,0.0,0.0,0,stanza,Male names,9
1,29.504459142684937,0.9995030808984298,0.9986093175722658,0.9978163771712159,0.9982126899016978,0.9765547387244189,0.0,0.0,0.0,0.0,0.0,0.0,0.0,0.0,0.0,0.0,0.0,0.0,0.0,0.0,0.0,0.0,0.0,0.0,0.0,1,stanza,Male names,9
2,29.578758716583252,0.9995034756703078,0.9986104218362283,0.9978181096895765,0.9982141085425141,0.9764740917212626,0.0,0.0,0.0,0.0,0.0,0.0,0.0,0.0,0.0,0.0,0.0,0.0,0.0,0.0,0.0,0.0,0.0,0.0,0.0,2,stanza,Male names,9
3,29.628825902938843,0.9995020912168892,0.9986065492186722,0.9978120338140228,0.9982091334195602,0.9765080629106112,0.0,0.0,0.0,0.0,0.0,0.0,0.0,0.0,0.0,0.0,0.0,0.0,0.0,0.0,0.0,0.0,0.0,0.0,0.0,3,stanza,Male names,9
4,29.53376030921936,0.999452163952388,0.9985067197610752,0.9976128903918838,0.9980596049554704,0.9764038231780167,0.0,0.0,0.0,0.0,0.0,0.0,0.0,0.0,0.0,0.0,0.0,0.0,0.0,0.0,0.0,0.0,0.0,0.0,0.0,4,stanza,Male names,9
5,29.575359106063843,0.9995029821073559,0.9984103328365623,0.9977164416203336,0.9980632666236282,0.9764992298901972,0.0,0.0,0.0,0.0,0.0,0.0,0.0,0.0,0.0,0.0,0.0,0.0,0.0,0.0,0.0,0.0,0.0,0.0,0.0,5,stanza,Male names,9
6,29.66350030899048,0.9994527090900045,0.9985082048731975,0.9976152623211447,0.998061533873453,0.976526755520191,0.0,0.0,0.0,0.0,0.0,0.0,0.0,0.0,0.0,0.0,0.0,0.0,0.0,0.0,0.0,0.0,0.0,0.0,0.0,6,stanza,Male names,9
7,29.53971815109253,0.9994529812521756,0.9985089463220675,0.9976164465190188,0.998062496895027,0.9759419425390198,0.0,0.0,0.0,0.0,0.0,0.0,0.0,0.0,0.0,0.0,0.0,0.0,0.0,0.0,0.0,0.0,0.0,0.0,0.0,7,stanza,Male names,9
8,29.56032967567444,0.9995024875621891,0.998607657881651,0.9978137732286595,0.998210557709514,0.9764272926198527,0.0,0.0,0.0,0.0,0.0,0.0,0.0,0.0,0.0,0.0,0.0,0.0,0.0,0.0,0.0,0.0,0.0,0.0,0.0,8,stanza,Male names,9
9,29.654967069625854,0.999453524765264,0.9985104270109235,0.9976188113900188,0.9980644200704749,0.9761644651901877,0.0,0.0,0.0,0.0,0.0,0.0,0.0,0.0,0.0,0.0,0.0,0.0,0.0,0.0,0.0,0.0,0.0,0.0,0.0,9,stanza,Male names,9
10,29.563095092773438,0.9994537418682028,0.9983124875918206,0.9975203332672089,0.9979162532248462,0.9763216679076694,0.0,0.0,0.0,0.0,0.0,0.0,0.0,0.0,0.0,0.0,0.0,0.0,0.0,0.0,0.0,0.0,0.0,0.0,0.0,10,stanza,Male names,9
11,29.524823904037476,0.9995019424245443,0.9986061330147352,0.9978113808197374,0.9982085987261148,0.9763019018221647,0.0,0.0,0.0,0.0,0.0,0.0,0.0,0.0,0.0,0.0,0.0,0.0,0.0,0.0,0.0,0.0,0.0,0.0,0.0,11,stanza,Male names,9
12,29.663509607315063,0.9994533074896874,0.9983111464335387,0.9975183641056184,0.9979145978152929,0.9765015649063541,0.0,0.0,0.0,0.0,0.0,0.0,0.0,0.0,0.0,0.0,0.0,0.0,0.0,0.0,0.0,0.0,0.0,0.0,0.0,12,stanza,Male names,9
13,29.53161931037903,0.9994028662420381,0.9982096677939128,0.9973169035079003,0.9977630859472089,0.9761750808256653,0.0,0.0,0.0,0.0,0.0,0.0,0.0,0.0,0.0,0.0,0.0,0.0,0.0,0.0,0.0,0.0,0.0,0.0,0.0,13,stanza,Male names,9
14,29.521775484085083,0.9995025370609889,0.9982100238663485,0.9976147883124628,0.9979123173277663,0.9763278297195146,0.0,0.0,0.0,0.0,0.0,0.0,0.0,0.0,0.0,0.0,0.0,0.0,0.0,0.0,0.0,0.0,0.0,0.0,0.0,14,stanza,Male names,9
15,29.659836769104004,0.9995024875621891,0.998607657881651,0.9978137732286595,0.998210557709514,0.9760294410185,0.0,0.0,0.0,0.0,0.0,0.0,0.0,0.0,0.0,0.0,0.0,0.0,0.0,0.0,0.0,0.0,0.0,0.0,0.0,15,stanza,Male names,9
16,29.571918487548828,0.9995028338470717,0.9984098588749751,0.997715761247393,0.9980626893845312,0.9764922220565578,0.0,0.0,0.0,0.0,0.0,0.0,0.0,0.0,0.0,0.0,0.0,0.0,0.0,0.0,0.0,0.0,0.0,0.0,0.0,16,stanza,Male names,9
17,29.56396794319153,0.9995031796502385,0.9986095938027609,0.997816810558698,0.9982130447731559,0.9766587206992452,0.0,0.0,0.0,0.0,0.0,0.0,0.0,0.0,0.0,0.0,0.0,0.0,0.0,0.0,0.0,0.0,0.0,0.0,0.0,17,stanza,Male names,9
18,29.67034649848938,0.999452872419796,0.9985086498309803,0.9976159729810271,0.9980621118012423,0.976136024659441,0.0,0.0,0.0,0.0,0.0,0.0,0.0,0.0,0.0,0.0,0.0,0.0,0.0,0.0,0.0,0.0,0.0,0.0,0.0,18,stanza,Male names,9
19,29.54194927215576,0.9995031302792409,0.9986094557012316,0.9978165938864629,0.9982128673550438,0.9762590642693951,0.0,0.0,0.0,0.0,0.0,0.0,0.0,0.0,0.0,0.0,0.0,0.0,0.0,0.0,0.0,0.0,0.0,0.0,0.0,19,stanza,Male names,9
0,29.42438554763794,0.9992006394884093,0.9966054313099042,0.9959094083607702,0.9962572982683767,0.9752784298057234,0.0,0.0,0.0,0.0,0.0,0.0,0.0,0.0,0.0,0.0,0.0,0.0,0.0,0.0,0.0,0.0,0.0,0.0,0.0,0,stanza,Abbreviated first names,10
0,30.4119610786438,0.9815996203933147,0.9632429074342514,0.9281652199940138,0.9453787917280626,0.9391682184978275,0.0,0.0,0.0,0.0,0.0,0.0,0.0,0.0,0.0,0.0,0.0,0.0,0.0,0.0,0.0,0.0,0.0,0.0,0.0,0,stanza,Spacing Augmention 5%,11
1,30.13113522529602,0.9810006333122229,0.9618810855603894,0.9264691210216502,0.9438430655079534,0.9376197132059844,0.0,0.0,0.0,0.0,0.0,0.0,0.0,0.0,0.0,0.0,0.0,0.0,0.0,0.0,0.0,0.0,0.0,0.0,0.0,1,stanza,Spacing Augmention 5%,11
2,30.15968894958496,0.9814824584542338,0.9631202734901066,0.9275665968272973,0.9450091482008538,0.9388874514877102,0.0,0.0,0.0,0.0,0.0,0.0,0.0,0.0,0.0,0.0,0.0,0.0,0.0,0.0,0.0,0.0,0.0,0.0,0.0,2,stanza,Spacing Augmention 5%,11
3,30.326335430145264,0.9803112099079073,0.960967507526212,0.9235757757158536,0.9419006919006918,0.9365276913503422,0.0,0.0,0.0,0.0,0.0,0.0,0.0,0.0,0.0,0.0,0.0,0.0,0.0,0.0,0.0,0.0,0.0,0.0,0.0,3,stanza,Spacing Augmention 5%,11
4,30.23911190032959,0.9803112099079073,0.960552268244576,0.9231766936047092,0.9414936914936916,0.936320265505082,0.0,0.0,0.0,0.0,0.0,0.0,0.0,0.0,0.0,0.0,0.0,0.0,0.0,0.0,0.0,0.0,0.0,0.0,0.0,4,stanza,Spacing Augmention 5%,11
5,30.200793027877808,0.9794055201698513,0.9589140836280424,0.919784495659982,0.9389417935529867,0.9338666943737337,0.0,0.0,0.0,0.0,0.0,0.0,0.0,0.0,0.0,0.0,0.0,0.0,0.0,0.0,0.0,0.0,0.0,0.0,0.0,5,stanza,Spacing Augmention 5%,11
6,30.369722604751587,0.9811599556704839,0.962291515591008,0.9267684326050085,0.9441959747916244,0.9369014959366426,0.0,0.0,0.0,0.0,0.0,0.0,0.0,0.0,0.0,0.0,0.0,0.0,0.0,0.0,0.0,0.0,0.0,0.0,0.0,6,stanza,Spacing Augmention 5%,11
7,30.30711007118225,0.9805373386926169,0.9611952687279519,0.9242741694103562,0.9423732261838157,0.9369201264707406,0.0,0.0,0.0,0.0,0.0,0.0,0.0,0.0,0.0,0.0,0.0,0.0,0.0,0.0,0.0,0.0,0.0,0.0,0.0,7,stanza,Spacing Augmention 5%,11
8,30.318183660507202,0.9816552451238798,0.9632467129102391,0.9282649905217999,0.9454323747586627,0.9398986241853728,0.0,0.0,0.0,0.0,0.0,0.0,0.0,0.0,0.0,0.0,0.0,0.0,0.0,0.0,0.0,0.0,0.0,0.0,0.0,8,stanza,Spacing Augmention 5%,11
9,30.35516905784607,0.9814287221694629,0.962913084015332,0.9273670557717251,0.9448058548485464,0.9381080521631132,0.0,0.0,0.0,0.0,0.0,0.0,0.0,0.0,0.0,0.0,0.0,0.0,0.0,0.0,0.0,0.0,0.0,0.0,0.0,9,stanza,Spacing Augmention 5%,11
10,30.141127586364746,0.9807987304945781,0.9616981523769982,0.9243739399381423,0.9426667344966171,0.9369752254586918,0.0,0.0,0.0,0.0,0.0,0.0,0.0,0.0,0.0,0.0,0.0,0.0,0.0,0.0,0.0,0.0,0.0,0.0,0.0,10,stanza,Spacing Augmention 5%,11
11,30.257533073425293,0.9807011050600117,0.9615105301379812,0.9246732515215006,0.9427321737361408,0.9380732756387004,0.0,0.0,0.0,0.0,0.0,0.0,0.0,0.0,0.0,0.0,0.0,0.0,0.0,0.0,0.0,0.0,0.0,0.0,0.0,11,stanza,Spacing Augmention 5%,11
12,30.259137868881226,0.9788635156664897,0.9577699188683171,0.918687019854335,0.9378214594897387,0.9339362752741828,0.0,0.0,0.0,0.0,0.0,0.0,0.0,0.0,0.0,0.0,0.0,0.0,0.0,0.0,0.0,0.0,0.0,0.0,0.0,12,stanza,Spacing Augmention 5%,11
13,30.283120155334473,0.9800476316485843,0.9602532171025322,0.9231766936047092,0.9413500178035505,0.9369360024893684,0.0,0.0,0.0,0.0,0.0,0.0,0.0,0.0,0.0,0.0,0.0,0.0,0.0,0.0,0.0,0.0,0.0,0.0,0.0,13,stanza,Spacing Augmention 5%,11
14,30.32865285873413,0.979182156133829,0.9585891166371866,0.9191858724932654,0.938474075583172,0.93254339465752,0.0,0.0,0.0,0.0,0.0,0.0,0.0,0.0,0.0,0.0,0.0,0.0,0.0,0.0,0.0,0.0,0.0,0.0,0.0,14,stanza,Spacing Augmention 5%,11
15,30.398864269256592,0.9802363164308802,0.9606151927673283,0.9222787588546344,0.941056703654688,0.9357131738701812,0.0,0.0,0.0,0.0,0.0,0.0,0.0,0.0,0.0,0.0,0.0,0.0,0.0,0.0,0.0,0.0,0.0,0.0,0.0,15,stanza,Spacing Augmention 5%,11
16,30.40389895439148,0.9803734856901021,0.9610874753554011,0.924074628354784,0.9422177009155646,0.9361812431956038,0.0,0.0,0.0,0.0,0.0,0.0,0.0,0.0,0.0,0.0,0.0,0.0,0.0,0.0,0.0,0.0,0.0,0.0,0.0,16,stanza,Spacing Augmention 5%,11
17,30.124040365219116,0.9798124304562073,0.9595928118832451,0.9216801356879177,0.9402544529262086,0.9366339716643314,0.0,0.0,0.0,0.0,0.0,0.0,0.0,0.0,0.0,0.0,0.0,0.0,0.0,0.0,0.0,0.0,0.0,0.0,0.0,17,stanza,Spacing Augmention 5%,11
18,30.230310440063477,0.9798145695364239,0.9598047361861238,0.9219794472712761,0.9405119332349499,0.9351323300467047,0.0,0.0,0.0,0.0,0.0,0.0,0.0,0.0,0.0,0.0,0.0,0.0,0.0,0.0,0.0,0.0,0.0,0.0,0.0,18,stanza,Spacing Augmention 5%,11
19,30.350057125091553,0.9808109108209546,0.9615145228215768,0.9247730220492867,0.9427859431419418,0.9376165803108809,0.0,0.0,0.0,0.0,0.0,0.0,0.0,0.0,0.0,0.0,0.0,0.0,0.0,0.0,0.0,0.0,0.0,0.0,0.0,19,stanza,Spacing Augmention 5%,11
0,43.769734621047974,0.6858359957401491,0.5206645056726094,0.1282051282051282,0.20574813865983507,0.22579789585359386,0.0,0.0,0.0,0.0,0.0,0.0,0.0,0.0,0.0,0.0,0.0,0.0,0.0,0.0,0.0,0.0,0.0,0.0,0.0,0,stanza,No Spacing,12
0,10.357808828353882,0.999750461645955,0.9989023051591658,0.9987029831387808,0.9988026342047496,0.9766954438844254,0.0,0.0,0.0,0.0,0.0,0.0,0.0,0.0,0.0,0.0,0.0,0.0,0.0,0.0,0.0,0.0,0.0,0.0,0.0,0,stanza,Input size augmentation 5 sentences,14
0,7.629485845565796,0.9998003992015968,0.9990021951706246,0.998902524194353,0.9989523571963084,0.9768973604111572,0.0,0.0,0.0,0.0,0.0,0.0,0.0,0.0,0.0,0.0,0.0,0.0,0.0,0.0,0.0,0.0,0.0,0.0,0.0,0,stanza,Input size augmentation 10 sentences,14
